study	gene	cohort_stratum	lesion_group	variant_class	consequence_class	origin	maf_max	count_unit	n_case_carriers	n_cases	comparator	n_control_carriers	n_controls	expected_count	effect	effect_measure	effect_bound	ci_low	ci_high	pvalue	pvalue_test	pvalue_adjusted	pvalue_adjustment	case_cohorts	control_cohorts	method_note	source
PMID:34324492	HGNC:1008	all		cnv_deletion	lof	any	0.01	individuals	1	7107	control_cohort	71	14040							1.0	permutation	1.0	familywise_permutation	decipher;isca;signature;taa_cases	gain_controls;ottawa_controls;wtccc_controls	Cases combine congenital heart disease with 777 sporadic thoracic aortic aneurysm probands (of 7,958 contributing individuals); the study reports the CHD-only contribution separately for significant genes. A carrier is an individual with a rare deletion (MAF below 0.01) overlapping the gene.	audain2021_s6
PMID:42230622	HGNC:1008	all		snv_indel	lof	any	0.001	individuals	0	3876	control_cohort	4	45082		0.0	odds_ratio		0.0	17.6	1.0	fisher_exact			cnchd;ddd;nottingham	ukbb		audain2026_sd3
PMID:42230622	HGNC:1008	all		snv_indel	missense_damaging	any	0.001	individuals	1	3876	control_cohort	2	45082		5.82	odds_ratio		0.0986	112.0	0.219	fisher_exact			cnchd;ddd;nottingham	ukbb		audain2026_sd3
PMID:42230622	HGNC:1008	all		snv_indel	synonymous	any	0.001	individuals	9	3876	control_cohort	112	45082		0.934	odds_ratio		0.416	1.84	1.0	fisher_exact			cnchd;ddd;nottingham	ukbb		audain2026_sd3
PMID:42230622	HGNC:1008	nonsyndromic		snv_indel	lof	any	0.001	individuals	0	2405	control_cohort	4	45082		0.0	odds_ratio		0.0	28.399	1.0	fisher_exact			cnchd;ddd;nottingham	ukbb		audain2026_sd3
PMID:42230622	HGNC:1008	nonsyndromic		snv_indel	missense_damaging	any	0.001	individuals	1	2405	control_cohort	2	45082		9.3754	odds_ratio		0.15886	180.02	0.14437	fisher_exact			cnchd;ddd;nottingham	ukbb		audain2026_sd3
PMID:42230622	HGNC:1008	nonsyndromic		snv_indel	synonymous	any	0.001	individuals	4	2405	control_cohort	112	45082		0.66892	odds_ratio		0.179	1.7633	0.66805	fisher_exact			cnchd;ddd;nottingham	ukbb		audain2026_sd3
PMID:42230622	HGNC:1008	syndromic		snv_indel	lof	any	0.001	individuals	0	1471	control_cohort	4	45082		0.0	odds_ratio		0.0	46.5	1.0	fisher_exact			cnchd;ddd;nottingham	ukbb		audain2026_sd3
PMID:42230622	HGNC:1008	syndromic		snv_indel	missense_damaging	any	0.001	individuals	0	1471	control_cohort	2	45082		0.0	odds_ratio		0.0	163.0	1.0	fisher_exact			cnchd;ddd;nottingham	ukbb		audain2026_sd3
PMID:42230622	HGNC:1008	syndromic		snv_indel	synonymous	any	0.001	individuals	5	1471	control_cohort	112	45082		1.37	odds_ratio		0.436	3.3	0.423	fisher_exact			cnchd;ddd;nottingham	ukbb		audain2026_sd3
PMID:34324492	HGNC:10249	all		cnv_deletion	lof	any	0.01	individuals	0	7107	control_cohort	5	14040							1.0	permutation	1.0	familywise_permutation	decipher;isca;signature;taa_cases	gain_controls;ottawa_controls;wtccc_controls	Cases combine congenital heart disease with 777 sporadic thoracic aortic aneurysm probands (of 7,958 contributing individuals); the study reports the CHD-only contribution separately for significant genes. A carrier is an individual with a rare deletion (MAF below 0.01) overlapping the gene.	audain2021_s6
PMID:42230622	HGNC:10249	all		snv_indel	lof	any	0.001	individuals	5	3876	control_cohort	13	45082		4.48	odds_ratio		1.25	13.4	0.0111	fisher_exact			cnchd;ddd;nottingham	ukbb		audain2026_sd3
PMID:42230622	HGNC:10249	all		snv_indel	missense_damaging	any	0.001	individuals	11	3876	control_cohort	171	45082		0.747	odds_ratio		0.366	1.37	0.41	fisher_exact			cnchd;ddd;nottingham	ukbb		audain2026_sd3
PMID:42230622	HGNC:10249	all		snv_indel	synonymous	any	0.001	individuals	12	3876	control_cohort	172	45082		0.811	odds_ratio		0.411	1.46	0.584	fisher_exact			cnchd;ddd;nottingham	ukbb		audain2026_sd3
PMID:42230622	HGNC:10249	nonsyndromic		snv_indel	lof	any	0.001	individuals	3	2405	control_cohort	13	45082		4.3297	odds_ratio		0.79088	15.772	0.044313	fisher_exact			cnchd;ddd;nottingham	ukbb		audain2026_sd3
PMID:42230622	HGNC:10249	nonsyndromic		snv_indel	missense_damaging	any	0.001	individuals	6	2405	control_cohort	171	45082		0.65686	odds_ratio		0.23749	1.4616	0.39047	fisher_exact			cnchd;ddd;nottingham	ukbb		audain2026_sd3
PMID:42230622	HGNC:10249	nonsyndromic		snv_indel	synonymous	any	0.001	individuals	6	2405	control_cohort	172	45082		0.65303	odds_ratio		0.23612	1.4529	0.39082	fisher_exact			cnchd;ddd;nottingham	ukbb		audain2026_sd3
PMID:42230622	HGNC:10249	syndromic		snv_indel	lof	any	0.001	individuals	2	1471	control_cohort	13	45082		4.72	odds_ratio		0.517	20.9	0.0798	fisher_exact			cnchd;ddd;nottingham	ukbb		audain2026_sd3
PMID:42230622	HGNC:10249	syndromic		snv_indel	missense_damaging	any	0.001	individuals	5	1471	control_cohort	171	45082		0.896	odds_ratio		0.287	2.14	1.0	fisher_exact			cnchd;ddd;nottingham	ukbb		audain2026_sd3
PMID:42230622	HGNC:10249	syndromic		snv_indel	synonymous	any	0.001	individuals	6	1471	control_cohort	172	45082		1.07	odds_ratio		0.386	2.38	0.828	fisher_exact			cnchd;ddd;nottingham	ukbb		audain2026_sd3
PMID:42230622	HGNC:10252	all		snv_indel	lof	any	0.001	individuals	0	3876	control_cohort	2	45082		0.0	odds_ratio		0.0	61.9	1.0	fisher_exact			cnchd;ddd;nottingham	ukbb		audain2026_sd3
PMID:42230622	HGNC:10252	all		snv_indel	missense_damaging	any	0.001	individuals	3	3876	control_cohort	11	45082		3.17	odds_ratio		0.568	12.0	0.0935	fisher_exact			cnchd;ddd;nottingham	ukbb		audain2026_sd3
PMID:42230622	HGNC:10252	all		snv_indel	synonymous	any	0.001	individuals	5	3876	control_cohort	73	45082		0.796	odds_ratio		0.251	1.95	0.833	fisher_exact			cnchd;ddd;nottingham	ukbb		audain2026_sd3
PMID:42230622	HGNC:10252	nonsyndromic		snv_indel	lof	any	0.001	individuals	0	2405	control_cohort	2	45082		0.0	odds_ratio		0.0	100.01	1.0	fisher_exact			cnchd;ddd;nottingham	ukbb		audain2026_sd3
PMID:42230622	HGNC:10252	nonsyndromic		snv_indel	missense_damaging	any	0.001	individuals	1	2405	control_cohort	11	45082		1.7044	odds_ratio		0.039581	11.734	0.46407	fisher_exact			cnchd;ddd;nottingham	ukbb		audain2026_sd3
PMID:42230622	HGNC:10252	nonsyndromic		snv_indel	synonymous	any	0.001	individuals	3	2405	control_cohort	73	45082		0.77006	odds_ratio		0.15508	2.3437	1.0	fisher_exact			cnchd;ddd;nottingham	ukbb		audain2026_sd3
PMID:42230622	HGNC:10252	syndromic		snv_indel	lof	any	0.001	individuals	0	1471	control_cohort	2	45082		0.0	odds_ratio		0.0	163.0	1.0	fisher_exact			cnchd;ddd;nottingham	ukbb		audain2026_sd3
PMID:42230622	HGNC:10252	syndromic		snv_indel	missense_damaging	any	0.001	individuals	2	1471	control_cohort	11	45082		5.58	odds_ratio		0.6	25.6	0.0618	fisher_exact			cnchd;ddd;nottingham	ukbb		audain2026_sd3
PMID:42230622	HGNC:10252	syndromic		snv_indel	synonymous	any	0.001	individuals	2	1471	control_cohort	73	45082		0.839	odds_ratio		0.0997	3.15	1.0	fisher_exact			cnchd;ddd;nottingham	ukbb		audain2026_sd3
PMID:34324492	HGNC:10477	all		cnv_deletion	lof	any	0.01	individuals	2	7107	control_cohort	1	14040							0.266373	permutation	1.0	familywise_permutation	decipher;isca;signature;taa_cases	gain_controls;ottawa_controls;wtccc_controls	Cases combine congenital heart disease with 777 sporadic thoracic aortic aneurysm probands (of 7,958 contributing individuals); the study reports the CHD-only contribution separately for significant genes. A carrier is an individual with a rare deletion (MAF below 0.01) overlapping the gene.	audain2021_s6
PMID:42230622	HGNC:10477	all		snv_indel	lof	any	0.001	individuals	1	3876	control_cohort	0	45082			odds_ratio	unbounded_above	0.298		0.0792	fisher_exact			cnchd;ddd;nottingham	ukbb		audain2026_sd3
PMID:42230622	HGNC:10477	all		snv_indel	missense_damaging	any	0.001	individuals	5	3876	control_cohort	40	45082		1.45	odds_ratio		0.448	3.69	0.402	fisher_exact			cnchd;ddd;nottingham	ukbb		audain2026_sd3
PMID:42230622	HGNC:10477	all		snv_indel	synonymous	any	0.001	individuals	8	3876	control_cohort	101	45082		0.921	odds_ratio		0.387	1.89	1.0	fisher_exact			cnchd;ddd;nottingham	ukbb		audain2026_sd3
PMID:42230622	HGNC:10477	nonsyndromic		snv_indel	lof	any	0.001	individuals	1	2405	control_cohort	0	45082			odds_ratio	unbounded_above	0.48064		0.050645	fisher_exact			cnchd;ddd;nottingham	ukbb		audain2026_sd3
PMID:42230622	HGNC:10477	nonsyndromic		snv_indel	missense_damaging	any	0.001	individuals	3	2405	control_cohort	40	45082		1.4064	odds_ratio		0.27812	4.4209	0.47943	fisher_exact			cnchd;ddd;nottingham	ukbb		audain2026_sd3
PMID:42230622	HGNC:10477	nonsyndromic		snv_indel	synonymous	any	0.001	individuals	6	2405	control_cohort	101	45082		1.1139	odds_ratio		0.39893	2.5138	0.66247	fisher_exact			cnchd;ddd;nottingham	ukbb		audain2026_sd3
PMID:42230622	HGNC:10477	syndromic		snv_indel	missense_damaging	any	0.001	individuals	2	1471	control_cohort	40	45082		1.53	odds_ratio		0.179	5.92	0.385	fisher_exact			cnchd;ddd;nottingham	ukbb		audain2026_sd3
PMID:42230622	HGNC:10477	syndromic		snv_indel	synonymous	any	0.001	individuals	2	1471	control_cohort	101	45082		0.606	odds_ratio		0.0724	2.25	0.775	fisher_exact			cnchd;ddd;nottingham	ukbb		audain2026_sd3
PMID:42230622	HGNC:10593	all		snv_indel	lof	any	0.001	individuals	0	3876	control_cohort	13	45082		0.0	odds_ratio		0.0	3.82	0.617	fisher_exact			cnchd;ddd;nottingham	ukbb		audain2026_sd3
PMID:42230622	HGNC:10593	all		snv_indel	missense_damaging	any	0.001	individuals	50	3876	control_cohort	360	45082		1.62	odds_ratio		1.18	2.19	0.00232	fisher_exact			cnchd;ddd;nottingham	ukbb		audain2026_sd3
PMID:42230622	HGNC:10593	all		snv_indel	synonymous	any	0.001	individuals	32	3876	control_cohort	384	45082		0.969	odds_ratio		0.652	1.39	0.928	fisher_exact			cnchd;ddd;nottingham	ukbb		audain2026_sd3
PMID:42230622	HGNC:10593	nonsyndromic		snv_indel	lof	any	0.001	individuals	0	2405	control_cohort	13	45082		0.0	odds_ratio		0.0	6.1536	1.0	fisher_exact			cnchd;ddd;nottingham	ukbb		audain2026_sd3
PMID:42230622	HGNC:10593	nonsyndromic		snv_indel	missense_damaging	any	0.001	individuals	30	2405	control_cohort	360	45082		1.5692	odds_ratio		1.041	2.2859	0.026448	fisher_exact			cnchd;ddd;nottingham	ukbb		audain2026_sd3
PMID:42230622	HGNC:10593	nonsyndromic		snv_indel	synonymous	any	0.001	individuals	18	2405	control_cohort	384	45082		0.87776	odds_ratio		0.51374	1.4092	0.73106	fisher_exact			cnchd;ddd;nottingham	ukbb		audain2026_sd3
PMID:42230622	HGNC:10593	syndromic		snv_indel	lof	any	0.001	individuals	0	1471	control_cohort	13	45082		0.0	odds_ratio		0.0	10.1	1.0	fisher_exact			cnchd;ddd;nottingham	ukbb		audain2026_sd3
PMID:42230622	HGNC:10593	syndromic		snv_indel	missense_damaging	any	0.001	individuals	20	1471	control_cohort	360	45082		1.71	odds_ratio		1.03	2.69	0.0259	fisher_exact			cnchd;ddd;nottingham	ukbb		audain2026_sd3
PMID:42230622	HGNC:10593	syndromic		snv_indel	synonymous	any	0.001	individuals	14	1471	control_cohort	384	45082		1.12	odds_ratio		0.604	1.91	0.664	fisher_exact			cnchd;ddd;nottingham	ukbb		audain2026_sd3
PMID:34324492	HGNC:10727	all		cnv_deletion	lof	any	0.01	individuals	2	7107	control_cohort	4	14040							1.0	permutation	1.0	familywise_permutation	decipher;isca;signature;taa_cases	gain_controls;ottawa_controls;wtccc_controls	Cases combine congenital heart disease with 777 sporadic thoracic aortic aneurysm probands (of 7,958 contributing individuals); the study reports the CHD-only contribution separately for significant genes. A carrier is an individual with a rare deletion (MAF below 0.01) overlapping the gene.	audain2021_s6
PMID:42230622	HGNC:10727	all		snv_indel	lof	any	0.001	individuals	0	3876	control_cohort	8	45082		0.0	odds_ratio		0.0	6.82	1.0	fisher_exact			cnchd;ddd;nottingham	ukbb		audain2026_sd3
PMID:42230622	HGNC:10727	all		snv_indel	missense_damaging	any	0.001	individuals	4	3876	control_cohort	47	45082		0.99	odds_ratio		0.259	2.71	1.0	fisher_exact			cnchd;ddd;nottingham	ukbb		audain2026_sd3
PMID:42230622	HGNC:10727	all		snv_indel	synonymous	any	0.001	individuals	13	3876	control_cohort	108	45082		1.4	odds_ratio		0.722	2.5	0.237	fisher_exact			cnchd;ddd;nottingham	ukbb		audain2026_sd3
PMID:42230622	HGNC:10727	nonsyndromic		snv_indel	lof	any	0.001	individuals	0	2405	control_cohort	8	45082		0.0	odds_ratio		0.0	10.985	1.0	fisher_exact			cnchd;ddd;nottingham	ukbb		audain2026_sd3
PMID:42230622	HGNC:10727	nonsyndromic		snv_indel	missense_damaging	any	0.001	individuals	2	2405	control_cohort	47	45082		0.7975	odds_ratio		0.093777	3.0487	1.0	fisher_exact			cnchd;ddd;nottingham	ukbb		audain2026_sd3
PMID:42230622	HGNC:10727	nonsyndromic		snv_indel	synonymous	any	0.001	individuals	7	2405	control_cohort	108	45082		1.2156	odds_ratio		0.47682	2.5953	0.52485	fisher_exact			cnchd;ddd;nottingham	ukbb		audain2026_sd3
PMID:42230622	HGNC:10727	syndromic		snv_indel	lof	any	0.001	individuals	0	1471	control_cohort	8	45082		0.0	odds_ratio		0.0	18.0	1.0	fisher_exact			cnchd;ddd;nottingham	ukbb		audain2026_sd3
PMID:42230622	HGNC:10727	syndromic		snv_indel	missense_damaging	any	0.001	individuals	2	1471	control_cohort	47	45082		1.3	odds_ratio		0.153	4.99	0.668	fisher_exact			cnchd;ddd;nottingham	ukbb		audain2026_sd3
PMID:42230622	HGNC:10727	syndromic		snv_indel	synonymous	any	0.001	individuals	6	1471	control_cohort	108	45082		1.71	odds_ratio		0.611	3.84	0.178	fisher_exact			cnchd;ddd;nottingham	ukbb		audain2026_sd3
PMID:34324492	HGNC:1076	all		cnv_deletion	lof	any	0.01	individuals	6	7107	control_cohort	0	14040							0.00129987	permutation	0.579642	familywise_permutation	decipher;isca;signature;taa_cases	gain_controls;ottawa_controls;wtccc_controls	Cases combine congenital heart disease with 777 sporadic thoracic aortic aneurysm probands (of 7,958 contributing individuals); the study reports the CHD-only contribution separately for significant genes. A carrier is an individual with a rare deletion (MAF below 0.01) overlapping the gene.	audain2021_s6
PMID:42230622	HGNC:1076	all		snv_indel	missense_damaging	any	0.001	individuals	6	3876	control_cohort	23	45082		3.04	odds_ratio		1.01	7.68	0.0239	fisher_exact			cnchd;ddd;nottingham	ukbb		audain2026_sd3
PMID:42230622	HGNC:1076	all		snv_indel	synonymous	any	0.001	individuals	1	3876	control_cohort	26	45082		0.447	odds_ratio		0.0109	2.72	0.72	fisher_exact			cnchd;ddd;nottingham	ukbb		audain2026_sd3
PMID:42230622	HGNC:1076	nonsyndromic		snv_indel	missense_damaging	any	0.001	individuals	3	2405	control_cohort	23	45082		2.4467	odds_ratio		0.46997	8.1069	0.14247	fisher_exact			cnchd;ddd;nottingham	ukbb		audain2026_sd3
PMID:42230622	HGNC:1076	nonsyndromic		snv_indel	synonymous	any	0.001	individuals	1	2405	control_cohort	26	45082		0.72085	odds_ratio		0.017575	4.3915	1.0	fisher_exact			cnchd;ddd;nottingham	ukbb		audain2026_sd3
PMID:42230622	HGNC:1076	syndromic		snv_indel	missense_damaging	any	0.001	individuals	3	1471	control_cohort	23	45082		4.0	odds_ratio		0.769	13.3	0.0477	fisher_exact			cnchd;ddd;nottingham	ukbb		audain2026_sd3
PMID:42230622	HGNC:1076	syndromic		snv_indel	synonymous	any	0.001	individuals	0	1471	control_cohort	26	45082		0.0	odds_ratio		0.0	4.67	1.0	fisher_exact			cnchd;ddd;nottingham	ukbb		audain2026_sd3
PMID:34324492	HGNC:1078	all		cnv_deletion	lof	any	0.01	individuals	12	7107	control_cohort	3	14040							0.00019998	permutation	0.147285	familywise_permutation	decipher;isca;signature;taa_cases	gain_controls;ottawa_controls;wtccc_controls	Cases combine congenital heart disease with 777 sporadic thoracic aortic aneurysm probands (of 7,958 contributing individuals); the study reports the CHD-only contribution separately for significant genes. A carrier is an individual with a rare deletion (MAF below 0.01) overlapping the gene.	audain2021_s6
PMID:42230622	HGNC:1078	all		snv_indel	lof	any	0.001	individuals	1	3876	control_cohort	3	45082		3.88	odds_ratio		0.0738	48.2	0.281	fisher_exact			cnchd;ddd;nottingham	ukbb		audain2026_sd3
PMID:42230622	HGNC:1078	all		snv_indel	missense_damaging	any	0.001	individuals	6	3876	control_cohort	84	45082		0.831	odds_ratio		0.296	1.89	0.845	fisher_exact			cnchd;ddd;nottingham	ukbb		audain2026_sd3
PMID:42230622	HGNC:1078	all		snv_indel	synonymous	any	0.001	individuals	10	3876	control_cohort	80	45082		1.46	odds_ratio		0.672	2.82	0.241	fisher_exact			cnchd;ddd;nottingham	ukbb		audain2026_sd3
PMID:42230622	HGNC:1078	nonsyndromic		snv_indel	lof	any	0.001	individuals	1	2405	control_cohort	3	45082		6.2499	odds_ratio		0.11902	77.866	0.18771	fisher_exact			cnchd;ddd;nottingham	ukbb		audain2026_sd3
PMID:42230622	HGNC:1078	nonsyndromic		snv_indel	missense_damaging	any	0.001	individuals	3	2405	control_cohort	84	45082		0.66905	odds_ratio		0.13516	2.0258	0.80386	fisher_exact			cnchd;ddd;nottingham	ukbb		audain2026_sd3
PMID:42230622	HGNC:1078	nonsyndromic		snv_indel	synonymous	any	0.001	individuals	4	2405	control_cohort	80	45082		0.93715	odds_ratio		0.24907	2.4976	1.0	fisher_exact			cnchd;ddd;nottingham	ukbb		audain2026_sd3
PMID:42230622	HGNC:1078	syndromic		snv_indel	lof	any	0.001	individuals	0	1471	control_cohort	3	45082		0.0	odds_ratio		0.0	74.2	1.0	fisher_exact			cnchd;ddd;nottingham	ukbb		audain2026_sd3
PMID:42230622	HGNC:1078	syndromic		snv_indel	missense_damaging	any	0.001	individuals	3	1471	control_cohort	84	45082		1.09	odds_ratio		0.221	3.32	0.756	fisher_exact			cnchd;ddd;nottingham	ukbb		audain2026_sd3
PMID:42230622	HGNC:1078	syndromic		snv_indel	synonymous	any	0.001	individuals	6	1471	control_cohort	80	45082		2.3	odds_ratio		0.82	5.25	0.055	fisher_exact			cnchd;ddd;nottingham	ukbb		audain2026_sd3
PMID:34324492	HGNC:11128	all		cnv_deletion	lof	any	0.01	individuals	0	7107	control_cohort	1	14040							1.0	permutation	1.0	familywise_permutation	decipher;isca;signature;taa_cases	gain_controls;ottawa_controls;wtccc_controls	Cases combine congenital heart disease with 777 sporadic thoracic aortic aneurysm probands (of 7,958 contributing individuals); the study reports the CHD-only contribution separately for significant genes. A carrier is an individual with a rare deletion (MAF below 0.01) overlapping the gene.	audain2021_s6
PMID:42230622	HGNC:11128	all		snv_indel	synonymous	any	0.001	individuals	1	3876	control_cohort	36	45082		0.323	odds_ratio		0.00796	1.92	0.363	fisher_exact			cnchd;ddd;nottingham	ukbb		audain2026_sd3
PMID:42230622	HGNC:11128	nonsyndromic		snv_indel	synonymous	any	0.001	individuals	0	2405	control_cohort	36	45082		0.0	odds_ratio		0.0	2.0226	0.26117	fisher_exact			cnchd;ddd;nottingham	ukbb		audain2026_sd3
PMID:42230622	HGNC:11128	syndromic		snv_indel	synonymous	any	0.001	individuals	1	1471	control_cohort	36	45082		0.851	odds_ratio		0.021	5.06	1.0	fisher_exact			cnchd;ddd;nottingham	ukbb		audain2026_sd3
PMID:34324492	HGNC:11291	all		cnv_deletion	lof	any	0.01	individuals	2	7107	control_cohort	0	14040							0.115988	permutation	1.0	familywise_permutation	decipher;isca;signature;taa_cases	gain_controls;ottawa_controls;wtccc_controls	Cases combine congenital heart disease with 777 sporadic thoracic aortic aneurysm probands (of 7,958 contributing individuals); the study reports the CHD-only contribution separately for significant genes. A carrier is an individual with a rare deletion (MAF below 0.01) overlapping the gene.	audain2021_s6
PMID:42230622	HGNC:11291	all		snv_indel	missense_damaging	any	0.001	individuals	1	3876	control_cohort	16	45082		0.727	odds_ratio		0.0173	4.68	1.0	fisher_exact			cnchd;ddd;nottingham	ukbb		audain2026_sd3
PMID:42230622	HGNC:11291	all		snv_indel	synonymous	any	0.001	individuals	5	3876	control_cohort	71	45082		0.819	odds_ratio		0.258	2.0	0.833	fisher_exact			cnchd;ddd;nottingham	ukbb		audain2026_sd3
PMID:42230622	HGNC:11291	nonsyndromic		snv_indel	missense_damaging	any	0.001	individuals	1	2405	control_cohort	16	45082		1.1716	odds_ratio		0.027928	7.5478	0.58675	fisher_exact			cnchd;ddd;nottingham	ukbb		audain2026_sd3
PMID:42230622	HGNC:11291	nonsyndromic		snv_indel	synonymous	any	0.001	individuals	5	2405	control_cohort	71	45082		1.3207	odds_ratio		0.41571	3.2335	0.43799	fisher_exact			cnchd;ddd;nottingham	ukbb		audain2026_sd3
PMID:42230622	HGNC:11291	syndromic		snv_indel	missense_damaging	any	0.001	individuals	0	1471	control_cohort	16	45082		0.0	odds_ratio		0.0	7.95	1.0	fisher_exact			cnchd;ddd;nottingham	ukbb		audain2026_sd3
PMID:42230622	HGNC:11291	syndromic		snv_indel	synonymous	any	0.001	individuals	0	1471	control_cohort	71	45082		0.0	odds_ratio		0.0	1.63	0.176	fisher_exact			cnchd;ddd;nottingham	ukbb		audain2026_sd3
PMID:34324492	HGNC:11592	all		cnv_deletion	lof	any	0.01	individuals	120	7107	control_cohort	13	14040							9.999e-05	permutation	9.999e-05	familywise_permutation	decipher;isca;signature;taa_cases	gain_controls;ottawa_controls;wtccc_controls	Cases combine congenital heart disease with 777 sporadic thoracic aortic aneurysm probands (of 7,958 contributing individuals); the study reports the CHD-only contribution separately for significant genes. A carrier is an individual with a rare deletion (MAF below 0.01) overlapping the gene.	audain2021_s6
PMID:42230622	HGNC:11592	all		snv_indel	lof	any	0.001	individuals	0	3876	control_cohort	2	45082		0.0	odds_ratio		0.0	61.9	1.0	fisher_exact			cnchd;ddd;nottingham	ukbb		audain2026_sd3
PMID:42230622	HGNC:11592	all		snv_indel	missense_damaging	any	0.001	individuals	3	3876	control_cohort	27	45082		1.29	odds_ratio		0.251	4.2	0.729	fisher_exact			cnchd;ddd;nottingham	ukbb		audain2026_sd3
PMID:42230622	HGNC:11592	all		snv_indel	synonymous	any	0.001	individuals	4	3876	control_cohort	73	45082		0.637	odds_ratio		0.169	1.7	0.525	fisher_exact			cnchd;ddd;nottingham	ukbb		audain2026_sd3
PMID:42230622	HGNC:11592	nonsyndromic		snv_indel	lof	any	0.001	individuals	0	2405	control_cohort	2	45082		0.0	odds_ratio		0.0	100.01	1.0	fisher_exact			cnchd;ddd;nottingham	ukbb		audain2026_sd3
PMID:42230622	HGNC:11592	nonsyndromic		snv_indel	missense_damaging	any	0.001	individuals	3	2405	control_cohort	27	45082		2.0841	odds_ratio		0.40435	6.7812	0.19272	fisher_exact			cnchd;ddd;nottingham	ukbb		audain2026_sd3
PMID:42230622	HGNC:11592	nonsyndromic		snv_indel	synonymous	any	0.001	individuals	3	2405	control_cohort	73	45082		0.77006	odds_ratio		0.15508	2.3437	1.0	fisher_exact			cnchd;ddd;nottingham	ukbb		audain2026_sd3
PMID:42230622	HGNC:11592	syndromic		snv_indel	lof	any	0.001	individuals	0	1471	control_cohort	2	45082		0.0	odds_ratio		0.0	163.0	1.0	fisher_exact			cnchd;ddd;nottingham	ukbb		audain2026_sd3
PMID:42230622	HGNC:11592	syndromic		snv_indel	missense_damaging	any	0.001	individuals	0	1471	control_cohort	27	45082		0.0	odds_ratio		0.0	4.49	1.0	fisher_exact			cnchd;ddd;nottingham	ukbb		audain2026_sd3
PMID:42230622	HGNC:11592	syndromic		snv_indel	synonymous	any	0.001	individuals	1	1471	control_cohort	73	45082		0.419	odds_ratio		0.0105	2.42	0.733	fisher_exact			cnchd;ddd;nottingham	ukbb		audain2026_sd3
PMID:34324492	HGNC:11598	all		cnv_deletion	lof	any	0.01	individuals	2	7107	control_cohort	0	14040							0.112189	permutation	1.0	familywise_permutation	decipher;isca;signature;taa_cases	gain_controls;ottawa_controls;wtccc_controls	Cases combine congenital heart disease with 777 sporadic thoracic aortic aneurysm probands (of 7,958 contributing individuals); the study reports the CHD-only contribution separately for significant genes. A carrier is an individual with a rare deletion (MAF below 0.01) overlapping the gene.	audain2021_s6
PMID:42230622	HGNC:11598	all		snv_indel	lof	any	0.001	individuals	1	3876	control_cohort	0	45082			odds_ratio	unbounded_above	0.298		0.0792	fisher_exact			cnchd;ddd;nottingham	ukbb		audain2026_sd3
PMID:42230622	HGNC:11598	all		snv_indel	missense_damaging	any	0.001	individuals	3	3876	control_cohort	24	45082		1.45	odds_ratio		0.28	4.79	0.47	fisher_exact			cnchd;ddd;nottingham	ukbb		audain2026_sd3
PMID:42230622	HGNC:11598	all		snv_indel	synonymous	any	0.001	individuals	2	3876	control_cohort	31	45082		0.75	odds_ratio		0.087	2.95	1.0	fisher_exact			cnchd;ddd;nottingham	ukbb		audain2026_sd3
PMID:42230622	HGNC:11598	nonsyndromic		snv_indel	lof	any	0.001	individuals	1	2405	control_cohort	0	45082			odds_ratio	unbounded_above	0.48064		0.050645	fisher_exact			cnchd;ddd;nottingham	ukbb		audain2026_sd3
PMID:42230622	HGNC:11598	nonsyndromic		snv_indel	missense_damaging	any	0.001	individuals	3	2405	control_cohort	24	45082		2.3449	odds_ratio		0.45164	7.7296	0.1546	fisher_exact			cnchd;ddd;nottingham	ukbb		audain2026_sd3
PMID:42230622	HGNC:11598	nonsyndromic		snv_indel	synonymous	any	0.001	individuals	1	2405	control_cohort	31	45082		0.60451	odds_ratio		0.014829	3.6302	1.0	fisher_exact			cnchd;ddd;nottingham	ukbb		audain2026_sd3
PMID:42230622	HGNC:11598	syndromic		snv_indel	missense_damaging	any	0.001	individuals	0	1471	control_cohort	24	45082		0.0	odds_ratio		0.0	5.1	1.0	fisher_exact			cnchd;ddd;nottingham	ukbb		audain2026_sd3
PMID:42230622	HGNC:11598	syndromic		snv_indel	synonymous	any	0.001	individuals	1	1471	control_cohort	31	45082		0.989	odds_ratio		0.0242	5.94	1.0	fisher_exact			cnchd;ddd;nottingham	ukbb		audain2026_sd3
PMID:42230622	HGNC:11604	all		snv_indel	lof	any	0.001	individuals	1	3876	control_cohort	0	45082			odds_ratio	unbounded_above	0.298		0.0792	fisher_exact			cnchd;ddd;nottingham	ukbb		audain2026_sd3
PMID:42230622	HGNC:11604	all		snv_indel	missense_damaging	any	0.001	individuals	4	3876	control_cohort	23	45082		2.02	odds_ratio		0.508	5.93	0.161	fisher_exact			cnchd;ddd;nottingham	ukbb		audain2026_sd3
PMID:42230622	HGNC:11604	all		snv_indel	synonymous	any	0.001	individuals	9	3876	control_cohort	149	45082		0.702	odds_ratio		0.315	1.37	0.375	fisher_exact			cnchd;ddd;nottingham	ukbb		audain2026_sd3
PMID:42230622	HGNC:11604	nonsyndromic		snv_indel	missense_damaging	any	0.001	individuals	4	2405	control_cohort	23	45082		3.2636	odds_ratio		0.81977	9.5627	0.045448	fisher_exact			cnchd;ddd;nottingham	ukbb		audain2026_sd3
PMID:42230622	HGNC:11604	nonsyndromic		snv_indel	synonymous	any	0.001	individuals	2	2405	control_cohort	149	45082		0.25099	odds_ratio		0.030103	0.92374	0.03751	fisher_exact			cnchd;ddd;nottingham	ukbb		audain2026_sd3
PMID:42230622	HGNC:11604	syndromic		snv_indel	lof	any	0.001	individuals	1	1471	control_cohort	0	45082			odds_ratio	unbounded_above	0.786		0.0316	fisher_exact			cnchd;ddd;nottingham	ukbb		audain2026_sd3
PMID:42230622	HGNC:11604	syndromic		snv_indel	missense_damaging	any	0.001	individuals	0	1471	control_cohort	23	45082		0.0	odds_ratio		0.0	5.34	1.0	fisher_exact			cnchd;ddd;nottingham	ukbb		audain2026_sd3
PMID:42230622	HGNC:11604	syndromic		snv_indel	synonymous	any	0.001	individuals	7	1471	control_cohort	149	45082		1.44	odds_ratio		0.569	3.05	0.351	fisher_exact			cnchd;ddd;nottingham	ukbb		audain2026_sd3
PMID:34324492	HGNC:11632	all		cnv_deletion	lof	any	0.01	individuals	2	7107	control_cohort	0	14040							0.119888	permutation	1.0	familywise_permutation	decipher;isca;signature;taa_cases	gain_controls;ottawa_controls;wtccc_controls	Cases combine congenital heart disease with 777 sporadic thoracic aortic aneurysm probands (of 7,958 contributing individuals); the study reports the CHD-only contribution separately for significant genes. A carrier is an individual with a rare deletion (MAF below 0.01) overlapping the gene.	audain2021_s6
PMID:42230622	HGNC:11632	all		snv_indel	missense_damaging	any	0.001	individuals	4	3876	control_cohort	30	45082		1.55	odds_ratio		0.397	4.41	0.342	fisher_exact			cnchd;ddd;nottingham	ukbb		audain2026_sd3
PMID:42230622	HGNC:11632	all		snv_indel	synonymous	any	0.001	individuals	3	3876	control_cohort	19	45082		1.84	odds_ratio		0.348	6.25	0.251	fisher_exact			cnchd;ddd;nottingham	ukbb		audain2026_sd3
PMID:42230622	HGNC:11632	nonsyndromic		snv_indel	missense_damaging	any	0.001	individuals	1	2405	control_cohort	30	45082		0.62468	odds_ratio		0.015308	3.761	1.0	fisher_exact			cnchd;ddd;nottingham	ukbb		audain2026_sd3
PMID:42230622	HGNC:11632	nonsyndromic		snv_indel	synonymous	any	0.001	individuals	2	2405	control_cohort	19	45082		1.974	odds_ratio		0.22282	8.1894	0.28814	fisher_exact			cnchd;ddd;nottingham	ukbb		audain2026_sd3
PMID:42230622	HGNC:11632	syndromic		snv_indel	missense_damaging	any	0.001	individuals	3	1471	control_cohort	30	45082		3.07	odds_ratio		0.599	9.89	0.0853	fisher_exact			cnchd;ddd;nottingham	ukbb		audain2026_sd3
PMID:42230622	HGNC:11632	syndromic		snv_indel	synonymous	any	0.001	individuals	1	1471	control_cohort	19	45082		1.61	odds_ratio		0.0388	10.2	0.474	fisher_exact			cnchd;ddd;nottingham	ukbb		audain2026_sd3
PMID:42230622	HGNC:11743	all		snv_indel	lof	any	0.001	individuals	0	3876	control_cohort	5	45082		0.0	odds_ratio		0.0	12.7	1.0	fisher_exact			cnchd;ddd;nottingham	ukbb		audain2026_sd3
PMID:42230622	HGNC:11743	all		snv_indel	missense_damaging	any	0.001	individuals	1	3876	control_cohort	56	45082		0.208	odds_ratio		0.00516	1.21	0.0877	fisher_exact			cnchd;ddd;nottingham	ukbb		audain2026_sd3
PMID:42230622	HGNC:11743	all		snv_indel	synonymous	any	0.001	individuals	4	3876	control_cohort	40	45082		1.16	odds_ratio		0.302	3.22	0.777	fisher_exact			cnchd;ddd;nottingham	ukbb		audain2026_sd3
PMID:42230622	HGNC:11743	nonsyndromic		snv_indel	lof	any	0.001	individuals	0	2405	control_cohort	5	45082		0.0	odds_ratio		0.0	20.473	1.0	fisher_exact			cnchd;ddd;nottingham	ukbb		audain2026_sd3
PMID:42230622	HGNC:11743	nonsyndromic		snv_indel	missense_damaging	any	0.001	individuals	1	2405	control_cohort	56	45082		0.33446	odds_ratio		0.0083206	1.9432	0.36991	fisher_exact			cnchd;ddd;nottingham	ukbb		audain2026_sd3
PMID:42230622	HGNC:11743	nonsyndromic		snv_indel	synonymous	any	0.001	individuals	3	2405	control_cohort	40	45082		1.4064	odds_ratio		0.27812	4.4209	0.47943	fisher_exact			cnchd;ddd;nottingham	ukbb		audain2026_sd3
PMID:42230622	HGNC:11743	syndromic		snv_indel	lof	any	0.001	individuals	0	1471	control_cohort	5	45082		0.0	odds_ratio		0.0	33.5	1.0	fisher_exact			cnchd;ddd;nottingham	ukbb		audain2026_sd3
PMID:42230622	HGNC:11743	syndromic		snv_indel	missense_damaging	any	0.001	individuals	0	1471	control_cohort	56	45082		0.0	odds_ratio		0.0	2.09	0.426	fisher_exact			cnchd;ddd;nottingham	ukbb		audain2026_sd3
PMID:42230622	HGNC:11743	syndromic		snv_indel	synonymous	any	0.001	individuals	1	1471	control_cohort	40	45082		0.766	odds_ratio		0.0189	4.53	1.0	fisher_exact			cnchd;ddd;nottingham	ukbb		audain2026_sd3
PMID:42230622	HGNC:11843	all		snv_indel	lof	any	0.001	individuals	0	3876	control_cohort	4	45082		0.0	odds_ratio		0.0	17.6	1.0	fisher_exact			cnchd;ddd;nottingham	ukbb		audain2026_sd3
PMID:42230622	HGNC:11843	all		snv_indel	missense_damaging	any	0.001	individuals	4	3876	control_cohort	46	45082		1.01	odds_ratio		0.264	2.77	1.0	fisher_exact			cnchd;ddd;nottingham	ukbb		audain2026_sd3
PMID:42230622	HGNC:11843	all		snv_indel	synonymous	any	0.001	individuals	6	3876	control_cohort	82	45082		0.851	odds_ratio		0.303	1.93	0.845	fisher_exact			cnchd;ddd;nottingham	ukbb		audain2026_sd3
PMID:42230622	HGNC:11843	nonsyndromic		snv_indel	lof	any	0.001	individuals	0	2405	control_cohort	4	45082		0.0	odds_ratio		0.0	28.399	1.0	fisher_exact			cnchd;ddd;nottingham	ukbb		audain2026_sd3
PMID:42230622	HGNC:11843	nonsyndromic		snv_indel	missense_damaging	any	0.001	individuals	3	2405	control_cohort	46	45082		1.2228	odds_ratio		0.24308	3.8082	0.73771	fisher_exact			cnchd;ddd;nottingham	ukbb		audain2026_sd3
PMID:42230622	HGNC:11843	nonsyndromic		snv_indel	synonymous	any	0.001	individuals	5	2405	control_cohort	82	45082		1.1433	odds_ratio		0.3613	2.782	0.62888	fisher_exact			cnchd;ddd;nottingham	ukbb		audain2026_sd3
PMID:42230622	HGNC:11843	syndromic		snv_indel	lof	any	0.001	individuals	0	1471	control_cohort	4	45082		0.0	odds_ratio		0.0	46.5	1.0	fisher_exact			cnchd;ddd;nottingham	ukbb		audain2026_sd3
PMID:42230622	HGNC:11843	syndromic		snv_indel	missense_damaging	any	0.001	individuals	1	1471	control_cohort	46	45082		0.666	odds_ratio		0.0165	3.91	1.0	fisher_exact			cnchd;ddd;nottingham	ukbb		audain2026_sd3
PMID:42230622	HGNC:11843	syndromic		snv_indel	synonymous	any	0.001	individuals	1	1471	control_cohort	82	45082		0.373	odds_ratio		0.00934	2.14	0.525	fisher_exact			cnchd;ddd;nottingham	ukbb		audain2026_sd3
PMID:34324492	HGNC:12525	all		cnv_deletion	lof	any	0.01	individuals	1	7107	control_cohort	0	14040							0.340066	permutation	1.0	familywise_permutation	decipher;isca;signature;taa_cases	gain_controls;ottawa_controls;wtccc_controls	Cases combine congenital heart disease with 777 sporadic thoracic aortic aneurysm probands (of 7,958 contributing individuals); the study reports the CHD-only contribution separately for significant genes. A carrier is an individual with a rare deletion (MAF below 0.01) overlapping the gene.	audain2021_s6
PMID:42230622	HGNC:12525	all		snv_indel	lof	any	0.001	individuals	3	3876	control_cohort	23	45082		1.52	odds_ratio		0.292	5.03	0.457	fisher_exact			cnchd;ddd;nottingham	ukbb		audain2026_sd3
PMID:42230622	HGNC:12525	all		snv_indel	missense_damaging	any	0.001	individuals	4	3876	control_cohort	69	45082		0.674	odds_ratio		0.179	1.81	0.662	fisher_exact			cnchd;ddd;nottingham	ukbb		audain2026_sd3
PMID:42230622	HGNC:12525	all		snv_indel	synonymous	any	0.001	individuals	1	3876	control_cohort	27	45082		0.431	odds_ratio		0.0105	2.61	0.722	fisher_exact			cnchd;ddd;nottingham	ukbb		audain2026_sd3
PMID:42230622	HGNC:12525	nonsyndromic		snv_indel	lof	any	0.001	individuals	0	2405	control_cohort	23	45082		0.0	odds_ratio		0.0	3.2618	0.62865	fisher_exact			cnchd;ddd;nottingham	ukbb		audain2026_sd3
PMID:42230622	HGNC:12525	nonsyndromic		snv_indel	missense_damaging	any	0.001	individuals	2	2405	control_cohort	69	45082		0.54295	odds_ratio		0.064435	2.0393	0.58655	fisher_exact			cnchd;ddd;nottingham	ukbb		audain2026_sd3
PMID:42230622	HGNC:12525	nonsyndromic		snv_indel	synonymous	any	0.001	individuals	1	2405	control_cohort	27	45082		0.69413	odds_ratio		0.016947	4.2153	1.0	fisher_exact			cnchd;ddd;nottingham	ukbb		audain2026_sd3
PMID:42230622	HGNC:12525	syndromic		snv_indel	lof	any	0.001	individuals	3	1471	control_cohort	23	45082		4.0	odds_ratio		0.769	13.3	0.0477	fisher_exact			cnchd;ddd;nottingham	ukbb		audain2026_sd3
PMID:42230622	HGNC:12525	syndromic		snv_indel	missense_damaging	any	0.001	individuals	2	1471	control_cohort	69	45082		0.888	odds_ratio		0.105	3.34	1.0	fisher_exact			cnchd;ddd;nottingham	ukbb		audain2026_sd3
PMID:42230622	HGNC:12525	syndromic		snv_indel	synonymous	any	0.001	individuals	0	1471	control_cohort	27	45082		0.0	odds_ratio		0.0	4.49	1.0	fisher_exact			cnchd;ddd;nottingham	ukbb		audain2026_sd3
PMID:42230622	HGNC:12637	all		snv_indel	lof	any	0.001	individuals	1	3876	control_cohort	5	45082		2.33	odds_ratio		0.0492	20.8	0.39	fisher_exact			cnchd;ddd;nottingham	ukbb		audain2026_sd3
PMID:42230622	HGNC:12637	all		snv_indel	missense_damaging	any	0.001	individuals	4	3876	control_cohort	25	45082		1.86	odds_ratio		0.471	5.4	0.285	fisher_exact			cnchd;ddd;nottingham	ukbb		audain2026_sd3
PMID:42230622	HGNC:12637	all		snv_indel	synonymous	any	0.001	individuals	4	3876	control_cohort	76	45082		0.612	odds_ratio		0.162	1.63	0.412	fisher_exact			cnchd;ddd;nottingham	ukbb		audain2026_sd3
PMID:42230622	HGNC:12637	nonsyndromic		snv_indel	lof	any	0.001	individuals	0	2405	control_cohort	5	45082		0.0	odds_ratio		0.0	20.473	1.0	fisher_exact			cnchd;ddd;nottingham	ukbb		audain2026_sd3
PMID:42230622	HGNC:12637	nonsyndromic		snv_indel	missense_damaging	any	0.001	individuals	2	2405	control_cohort	25	45082		1.5	odds_ratio		0.17207	6.0216	0.40021	fisher_exact			cnchd;ddd;nottingham	ukbb		audain2026_sd3
PMID:42230622	HGNC:12637	nonsyndromic		snv_indel	synonymous	any	0.001	individuals	2	2405	control_cohort	76	45082		0.49287	odds_ratio		0.058597	1.8448	0.44037	fisher_exact			cnchd;ddd;nottingham	ukbb		audain2026_sd3
PMID:42230622	HGNC:12637	syndromic		snv_indel	lof	any	0.001	individuals	1	1471	control_cohort	5	45082		6.13	odds_ratio		0.13	54.9	0.175	fisher_exact			cnchd;ddd;nottingham	ukbb		audain2026_sd3
PMID:42230622	HGNC:12637	syndromic		snv_indel	missense_damaging	any	0.001	individuals	2	1471	control_cohort	25	45082		2.45	odds_ratio		0.281	9.86	0.21	fisher_exact			cnchd;ddd;nottingham	ukbb		audain2026_sd3
PMID:42230622	HGNC:12637	syndromic		snv_indel	synonymous	any	0.001	individuals	2	1471	control_cohort	76	45082		0.806	odds_ratio		0.0958	3.02	1.0	fisher_exact			cnchd;ddd;nottingham	ukbb		audain2026_sd3
PMID:42230622	HGNC:12665	all		snv_indel	lof	any	0.001	individuals	1	3876	control_cohort	9	45082		1.29	odds_ratio		0.0295	9.33	0.562	fisher_exact			cnchd;ddd;nottingham	ukbb		audain2026_sd3
PMID:42230622	HGNC:12665	all		snv_indel	missense_damaging	any	0.001	individuals	2	3876	control_cohort	52	45082		0.447	odds_ratio		0.0527	1.7	0.443	fisher_exact			cnchd;ddd;nottingham	ukbb		audain2026_sd3
PMID:42230622	HGNC:12665	all		snv_indel	synonymous	any	0.001	individuals	7	3876	control_cohort	117	45082		0.695	odds_ratio		0.273	1.48	0.503	fisher_exact			cnchd;ddd;nottingham	ukbb		audain2026_sd3
PMID:42230622	HGNC:12665	nonsyndromic		snv_indel	lof	any	0.001	individuals	1	2405	control_cohort	9	45082		2.0832	odds_ratio		0.047509	15.042	0.40535	fisher_exact			cnchd;ddd;nottingham	ukbb		audain2026_sd3
PMID:42230622	HGNC:12665	nonsyndromic		snv_indel	missense_damaging	any	0.001	individuals	0	2405	control_cohort	52	45082		0.0	odds_ratio		0.0	1.3776	0.11374	fisher_exact			cnchd;ddd;nottingham	ukbb		audain2026_sd3
PMID:42230622	HGNC:12665	nonsyndromic		snv_indel	synonymous	any	0.001	individuals	2	2405	control_cohort	117	45082		0.31987	odds_ratio		0.038265	1.1829	0.13624	fisher_exact			cnchd;ddd;nottingham	ukbb		audain2026_sd3
PMID:42230622	HGNC:12665	syndromic		snv_indel	lof	any	0.001	individuals	0	1471	control_cohort	9	45082		0.0	odds_ratio		0.0	15.5	1.0	fisher_exact			cnchd;ddd;nottingham	ukbb		audain2026_sd3
PMID:42230622	HGNC:12665	syndromic		snv_indel	missense_damaging	any	0.001	individuals	2	1471	control_cohort	52	45082		1.18	odds_ratio		0.139	4.49	0.689	fisher_exact			cnchd;ddd;nottingham	ukbb		audain2026_sd3
PMID:42230622	HGNC:12665	syndromic		snv_indel	synonymous	any	0.001	individuals	5	1471	control_cohort	117	45082		1.31	odds_ratio		0.417	3.15	0.441	fisher_exact			cnchd;ddd;nottingham	ukbb		audain2026_sd3
PMID:34324492	HGNC:12680	all		cnv_deletion	lof	any	0.01	individuals	1	7107	control_cohort	1	14040							0.565243	permutation	1.0	familywise_permutation	decipher;isca;signature;taa_cases	gain_controls;ottawa_controls;wtccc_controls	Cases combine congenital heart disease with 777 sporadic thoracic aortic aneurysm probands (of 7,958 contributing individuals); the study reports the CHD-only contribution separately for significant genes. A carrier is an individual with a rare deletion (MAF below 0.01) overlapping the gene.	audain2021_s6
PMID:42230622	HGNC:12680	all		snv_indel	lof	any	0.001	individuals	4	3876	control_cohort	10	45082		4.66	odds_ratio		1.07	16.2	0.0206	fisher_exact			cnchd;ddd;nottingham	ukbb		audain2026_sd3
PMID:42230622	HGNC:12680	all		snv_indel	missense_damaging	any	0.001	individuals	4	3876	control_cohort	18	45082		2.59	odds_ratio		0.636	7.86	0.0913	fisher_exact			cnchd;ddd;nottingham	ukbb		audain2026_sd3
PMID:42230622	HGNC:12680	all		snv_indel	synonymous	any	0.001	individuals	7	3876	control_cohort	26	45082		3.14	odds_ratio		1.15	7.42	0.0133	fisher_exact			cnchd;ddd;nottingham	ukbb		audain2026_sd3
PMID:42230622	HGNC:12680	nonsyndromic		snv_indel	lof	any	0.001	individuals	4	2405	control_cohort	10	45082		7.5091	odds_ratio		1.7175	26.063	0.0043621	fisher_exact			cnchd;ddd;nottingham	ukbb		audain2026_sd3
PMID:42230622	HGNC:12680	nonsyndromic		snv_indel	missense_damaging	any	0.001	individuals	4	2405	control_cohort	18	45082		4.1707	odds_ratio		1.0259	12.676	0.023102	fisher_exact			cnchd;ddd;nottingham	ukbb		audain2026_sd3
PMID:42230622	HGNC:12680	nonsyndromic		snv_indel	synonymous	any	0.001	individuals	4	2405	control_cohort	26	45082		2.8869	odds_ratio		0.73159	8.3326	0.063067	fisher_exact			cnchd;ddd;nottingham	ukbb		audain2026_sd3
PMID:42230622	HGNC:12680	syndromic		snv_indel	lof	any	0.001	individuals	0	1471	control_cohort	10	45082		0.0	odds_ratio		0.0	13.7	1.0	fisher_exact			cnchd;ddd;nottingham	ukbb		audain2026_sd3
PMID:42230622	HGNC:12680	syndromic		snv_indel	missense_damaging	any	0.001	individuals	0	1471	control_cohort	18	45082		0.0	odds_ratio		0.0	6.98	1.0	fisher_exact			cnchd;ddd;nottingham	ukbb		audain2026_sd3
PMID:42230622	HGNC:12680	syndromic		snv_indel	synonymous	any	0.001	individuals	3	1471	control_cohort	26	45082		3.54	odds_ratio		0.685	11.6	0.0626	fisher_exact			cnchd;ddd;nottingham	ukbb		audain2026_sd3
PMID:42230622	HGNC:12757	all		snv_indel	missense_damaging	any	0.001	individuals	0	3876	control_cohort	2	45082		0.0	odds_ratio		0.0	61.9	1.0	fisher_exact			cnchd;ddd;nottingham	ukbb		audain2026_sd3
PMID:42230622	HGNC:12757	all		snv_indel	synonymous	any	0.001	individuals	2	3876	control_cohort	27	45082		0.861	odds_ratio		0.0992	3.43	1.0	fisher_exact			cnchd;ddd;nottingham	ukbb		audain2026_sd3
PMID:42230622	HGNC:12757	nonsyndromic		snv_indel	missense_damaging	any	0.001	individuals	0	2405	control_cohort	2	45082		0.0	odds_ratio		0.0	100.01	1.0	fisher_exact			cnchd;ddd;nottingham	ukbb		audain2026_sd3
PMID:42230622	HGNC:12757	nonsyndromic		snv_indel	synonymous	any	0.001	individuals	1	2405	control_cohort	27	45082		0.69413	odds_ratio		0.016947	4.2153	1.0	fisher_exact			cnchd;ddd;nottingham	ukbb		audain2026_sd3
PMID:42230622	HGNC:12757	syndromic		snv_indel	missense_damaging	any	0.001	individuals	0	1471	control_cohort	2	45082		0.0	odds_ratio		0.0	163.0	1.0	fisher_exact			cnchd;ddd;nottingham	ukbb		audain2026_sd3
PMID:42230622	HGNC:12757	syndromic		snv_indel	synonymous	any	0.001	individuals	1	1471	control_cohort	27	45082		1.14	odds_ratio		0.0277	6.9	0.593	fisher_exact			cnchd;ddd;nottingham	ukbb		audain2026_sd3
PMID:42230622	HGNC:12776	all		snv_indel	lof	any	0.001	individuals	0	3876	control_cohort	4	45082		0.0	odds_ratio		0.0	17.6	1.0	fisher_exact			cnchd;ddd;nottingham	ukbb		audain2026_sd3
PMID:42230622	HGNC:12776	all		snv_indel	missense_damaging	any	0.001	individuals	7	3876	control_cohort	61	45082		1.34	odds_ratio		0.515	2.92	0.495	fisher_exact			cnchd;ddd;nottingham	ukbb		audain2026_sd3
PMID:42230622	HGNC:12776	all		snv_indel	synonymous	any	0.001	individuals	6	3876	control_cohort	84	45082		0.831	odds_ratio		0.296	1.89	0.845	fisher_exact			cnchd;ddd;nottingham	ukbb		audain2026_sd3
PMID:42230622	HGNC:12776	nonsyndromic		snv_indel	lof	any	0.001	individuals	0	2405	control_cohort	4	45082		0.0	odds_ratio		0.0	28.399	1.0	fisher_exact			cnchd;ddd;nottingham	ukbb		audain2026_sd3
PMID:42230622	HGNC:12776	nonsyndromic		snv_indel	missense_damaging	any	0.001	individuals	6	2405	control_cohort	61	45082		1.8458	odds_ratio		0.65134	4.26	0.1538	fisher_exact			cnchd;ddd;nottingham	ukbb		audain2026_sd3
PMID:42230622	HGNC:12776	nonsyndromic		snv_indel	synonymous	any	0.001	individuals	4	2405	control_cohort	84	45082		0.89245	odds_ratio		0.23745	2.3742	1.0	fisher_exact			cnchd;ddd;nottingham	ukbb		audain2026_sd3
PMID:42230622	HGNC:12776	syndromic		snv_indel	lof	any	0.001	individuals	0	1471	control_cohort	4	45082		0.0	odds_ratio		0.0	46.5	1.0	fisher_exact			cnchd;ddd;nottingham	ukbb		audain2026_sd3
PMID:42230622	HGNC:12776	syndromic		snv_indel	missense_damaging	any	0.001	individuals	1	1471	control_cohort	61	45082		0.502	odds_ratio		0.0125	2.91	1.0	fisher_exact			cnchd;ddd;nottingham	ukbb		audain2026_sd3
PMID:42230622	HGNC:12776	syndromic		snv_indel	synonymous	any	0.001	individuals	2	1471	control_cohort	84	45082		0.729	odds_ratio		0.0868	2.72	1.0	fisher_exact			cnchd;ddd;nottingham	ukbb		audain2026_sd3
PMID:42230622	HGNC:12874	all		snv_indel	lof	any	0.001	individuals	0	3876	control_cohort	3	45082		0.0	odds_ratio		0.0	28.2	1.0	fisher_exact			cnchd;ddd;nottingham	ukbb		audain2026_sd3
PMID:42230622	HGNC:12874	all		snv_indel	missense_damaging	any	0.001	individuals	3	3876	control_cohort	2	45082		17.5	odds_ratio		2.0	209.0	0.00439	fisher_exact			cnchd;ddd;nottingham	ukbb		audain2026_sd3
PMID:42230622	HGNC:12874	all		snv_indel	synonymous	any	0.001	individuals	2	3876	control_cohort	17	45082		1.37	odds_ratio		0.153	5.77	0.659	fisher_exact			cnchd;ddd;nottingham	ukbb		audain2026_sd3
PMID:42230622	HGNC:12874	nonsyndromic		snv_indel	lof	any	0.001	individuals	0	2405	control_cohort	3	45082		0.0	odds_ratio		0.0	45.313	1.0	fisher_exact			cnchd;ddd;nottingham	ukbb		audain2026_sd3
PMID:42230622	HGNC:12874	nonsyndromic		snv_indel	missense_damaging	any	0.001	individuals	2	2405	control_cohort	2	45082		18.748	odds_ratio		1.359	258.1	0.014365	fisher_exact			cnchd;ddd;nottingham	ukbb		audain2026_sd3
PMID:42230622	HGNC:12874	nonsyndromic		snv_indel	synonymous	any	0.001	individuals	1	2405	control_cohort	17	45082		1.1027	odds_ratio		0.026375	7.0431	0.60768	fisher_exact			cnchd;ddd;nottingham	ukbb		audain2026_sd3
PMID:42230622	HGNC:12874	syndromic		snv_indel	lof	any	0.001	individuals	0	1471	control_cohort	3	45082		0.0	odds_ratio		0.0	74.2	1.0	fisher_exact			cnchd;ddd;nottingham	ukbb		audain2026_sd3
PMID:42230622	HGNC:12874	syndromic		snv_indel	missense_damaging	any	0.001	individuals	1	1471	control_cohort	2	45082		15.3	odds_ratio		0.26	294.0	0.0918	fisher_exact			cnchd;ddd;nottingham	ukbb		audain2026_sd3
PMID:42230622	HGNC:12874	syndromic		snv_indel	synonymous	any	0.001	individuals	1	1471	control_cohort	17	45082		1.8	odds_ratio		0.0431	11.5	0.439	fisher_exact			cnchd;ddd;nottingham	ukbb		audain2026_sd3
PMID:34324492	HGNC:13672	all		cnv_deletion	lof	any	0.01	individuals	11	7107	control_cohort	2	14040							0.00039996	permutation	0.113989	familywise_permutation	decipher;isca;signature;taa_cases	gain_controls;ottawa_controls;wtccc_controls	Cases combine congenital heart disease with 777 sporadic thoracic aortic aneurysm probands (of 7,958 contributing individuals); the study reports the CHD-only contribution separately for significant genes. A carrier is an individual with a rare deletion (MAF below 0.01) overlapping the gene.	audain2021_s6
PMID:42230622	HGNC:13681	all		snv_indel	lof	any	0.001	individuals	2	3876	control_cohort	8	45082		2.91	odds_ratio		0.301	14.6	0.185	fisher_exact			cnchd;ddd;nottingham	ukbb		audain2026_sd3
PMID:42230622	HGNC:13681	all		snv_indel	missense_damaging	any	0.001	individuals	11	3876	control_cohort	82	45082		1.56	odds_ratio		0.75	2.95	0.174	fisher_exact			cnchd;ddd;nottingham	ukbb		audain2026_sd3
PMID:42230622	HGNC:13681	all		snv_indel	synonymous	any	0.001	individuals	28	3876	control_cohort	344	45082		0.946	odds_ratio		0.619	1.39	0.847	fisher_exact			cnchd;ddd;nottingham	ukbb		audain2026_sd3
PMID:42230622	HGNC:13681	nonsyndromic		snv_indel	lof	any	0.001	individuals	1	2405	control_cohort	8	45082		2.3438	odds_ratio		0.052797	17.491	0.37362	fisher_exact			cnchd;ddd;nottingham	ukbb		audain2026_sd3
PMID:42230622	HGNC:13681	nonsyndromic		snv_indel	missense_damaging	any	0.001	individuals	7	2405	control_cohort	82	45082		1.6019	odds_ratio		0.62379	3.4568	0.22082	fisher_exact			cnchd;ddd;nottingham	ukbb		audain2026_sd3
PMID:42230622	HGNC:13681	nonsyndromic		snv_indel	synonymous	any	0.001	individuals	17	2405	control_cohort	344	45082		0.92583	odds_ratio		0.53218	1.5076	0.90384	fisher_exact			cnchd;ddd;nottingham	ukbb		audain2026_sd3
PMID:42230622	HGNC:13681	syndromic		snv_indel	lof	any	0.001	individuals	1	1471	control_cohort	8	45082		3.83	odds_ratio		0.0863	28.6	0.251	fisher_exact			cnchd;ddd;nottingham	ukbb		audain2026_sd3
PMID:42230622	HGNC:13681	syndromic		snv_indel	missense_damaging	any	0.001	individuals	4	1471	control_cohort	82	45082		1.5	odds_ratio		0.398	3.99	0.352	fisher_exact			cnchd;ddd;nottingham	ukbb		audain2026_sd3
PMID:42230622	HGNC:13681	syndromic		snv_indel	synonymous	any	0.001	individuals	11	1471	control_cohort	344	45082		0.98	odds_ratio		0.483	1.78	1.0	fisher_exact			cnchd;ddd;nottingham	ukbb		audain2026_sd3
PMID:34324492	HGNC:14180	all		cnv_deletion	lof	any	0.01	individuals	4	7107	control_cohort	0	14040							0.0142986	permutation	0.9998	familywise_permutation	decipher;isca;signature;taa_cases	gain_controls;ottawa_controls;wtccc_controls	Cases combine congenital heart disease with 777 sporadic thoracic aortic aneurysm probands (of 7,958 contributing individuals); the study reports the CHD-only contribution separately for significant genes. A carrier is an individual with a rare deletion (MAF below 0.01) overlapping the gene.	audain2021_s6
PMID:42230622	HGNC:14180	all		snv_indel	lof	any	0.001	individuals	1	3876	control_cohort	10	45082		1.16	odds_ratio		0.0268	8.18	0.596	fisher_exact			cnchd;ddd;nottingham	ukbb		audain2026_sd3
PMID:42230622	HGNC:14180	all		snv_indel	missense_damaging	any	0.001	individuals	3	3876	control_cohort	13	45082		2.69	odds_ratio		0.491	9.78	0.128	fisher_exact			cnchd;ddd;nottingham	ukbb		audain2026_sd3
PMID:42230622	HGNC:14180	all		snv_indel	synonymous	any	0.001	individuals	14	3876	control_cohort	159	45082		1.02	odds_ratio		0.547	1.77	0.888	fisher_exact			cnchd;ddd;nottingham	ukbb		audain2026_sd3
PMID:42230622	HGNC:14180	nonsyndromic		snv_indel	lof	any	0.001	individuals	0	2405	control_cohort	10	45082		0.0	odds_ratio		0.0	8.3678	1.0	fisher_exact			cnchd;ddd;nottingham	ukbb		audain2026_sd3
PMID:42230622	HGNC:14180	nonsyndromic		snv_indel	missense_damaging	any	0.001	individuals	0	2405	control_cohort	13	45082		0.0	odds_ratio		0.0	6.1536	1.0	fisher_exact			cnchd;ddd;nottingham	ukbb		audain2026_sd3
PMID:42230622	HGNC:14180	nonsyndromic		snv_indel	synonymous	any	0.001	individuals	6	2405	control_cohort	159	45082		0.70663	odds_ratio		0.25522	1.5748	0.59065	fisher_exact			cnchd;ddd;nottingham	ukbb		audain2026_sd3
PMID:42230622	HGNC:14180	syndromic		snv_indel	lof	any	0.001	individuals	1	1471	control_cohort	10	45082		3.07	odds_ratio		0.0706	21.6	0.298	fisher_exact			cnchd;ddd;nottingham	ukbb		audain2026_sd3
PMID:42230622	HGNC:14180	syndromic		snv_indel	missense_damaging	any	0.001	individuals	3	1471	control_cohort	13	45082		7.08	odds_ratio		1.29	25.8	0.013	fisher_exact			cnchd;ddd;nottingham	ukbb		audain2026_sd3
PMID:42230622	HGNC:14180	syndromic		snv_indel	synonymous	any	0.001	individuals	8	1471	control_cohort	159	45082		1.54	odds_ratio		0.654	3.13	0.259	fisher_exact			cnchd;ddd;nottingham	ukbb		audain2026_sd3
PMID:42230622	HGNC:143	all		snv_indel	lof	any	0.001	individuals	2	3876	control_cohort	2	45082		11.6	odds_ratio		0.843	160.0	0.0337	fisher_exact			cnchd;ddd;nottingham	ukbb		audain2026_sd3
PMID:42230622	HGNC:143	all		snv_indel	missense_damaging	any	0.001	individuals	5	3876	control_cohort	10	45082		5.82	odds_ratio		1.56	18.7	0.00474	fisher_exact			cnchd;ddd;nottingham	ukbb		audain2026_sd3
PMID:42230622	HGNC:143	all		snv_indel	synonymous	any	0.001	individuals	2	3876	control_cohort	55	45082		0.423	odds_ratio		0.0499	1.6	0.323	fisher_exact			cnchd;ddd;nottingham	ukbb		audain2026_sd3
PMID:42230622	HGNC:143	nonsyndromic		snv_indel	lof	any	0.001	individuals	1	2405	control_cohort	2	45082		9.3754	odds_ratio		0.15886	180.02	0.14437	fisher_exact			cnchd;ddd;nottingham	ukbb		audain2026_sd3
PMID:42230622	HGNC:143	nonsyndromic		snv_indel	missense_damaging	any	0.001	individuals	3	2405	control_cohort	10	45082		5.6289	odds_ratio		0.99478	21.879	0.025325	fisher_exact			cnchd;ddd;nottingham	ukbb		audain2026_sd3
PMID:42230622	HGNC:143	nonsyndromic		snv_indel	synonymous	any	0.001	individuals	1	2405	control_cohort	55	45082		0.34055	odds_ratio		0.0084693	1.98	0.53201	fisher_exact			cnchd;ddd;nottingham	ukbb		audain2026_sd3
PMID:42230622	HGNC:143	syndromic		snv_indel	lof	any	0.001	individuals	1	1471	control_cohort	2	45082		15.3	odds_ratio		0.26	294.0	0.0918	fisher_exact			cnchd;ddd;nottingham	ukbb		audain2026_sd3
PMID:42230622	HGNC:143	syndromic		snv_indel	missense_damaging	any	0.001	individuals	2	1471	control_cohort	10	45082		6.14	odds_ratio		0.653	28.8	0.0534	fisher_exact			cnchd;ddd;nottingham	ukbb		audain2026_sd3
PMID:42230622	HGNC:143	syndromic		snv_indel	synonymous	any	0.001	individuals	1	1471	control_cohort	55	45082		0.557	odds_ratio		0.0138	3.24	1.0	fisher_exact			cnchd;ddd;nottingham	ukbb		audain2026_sd3
PMID:34324492	HGNC:14357	all		cnv_deletion	lof	any	0.01	individuals	4	7107	control_cohort	0	14040							0.0129987	permutation	0.9998	familywise_permutation	decipher;isca;signature;taa_cases	gain_controls;ottawa_controls;wtccc_controls	Cases combine congenital heart disease with 777 sporadic thoracic aortic aneurysm probands (of 7,958 contributing individuals); the study reports the CHD-only contribution separately for significant genes. A carrier is an individual with a rare deletion (MAF below 0.01) overlapping the gene.	audain2021_s6
PMID:42230622	HGNC:14357	all		snv_indel	lof	any	0.001	individuals	5	3876	control_cohort	22	45082		2.65	odds_ratio		0.782	7.17	0.0579	fisher_exact			cnchd;ddd;nottingham	ukbb		audain2026_sd3
PMID:42230622	HGNC:14357	all		snv_indel	missense_damaging	any	0.001	individuals	3	3876	control_cohort	6	45082		5.82	odds_ratio		0.941	27.3	0.029	fisher_exact			cnchd;ddd;nottingham	ukbb		audain2026_sd3
PMID:42230622	HGNC:14357	all		snv_indel	synonymous	any	0.001	individuals	9	3876	control_cohort	60	45082		1.75	odds_ratio		0.761	3.54	0.117	fisher_exact			cnchd;ddd;nottingham	ukbb		audain2026_sd3
PMID:42230622	HGNC:14357	nonsyndromic		snv_indel	lof	any	0.001	individuals	0	2405	control_cohort	22	45082		0.0	odds_ratio		0.0	3.4228	0.62585	fisher_exact			cnchd;ddd;nottingham	ukbb		audain2026_sd3
PMID:42230622	HGNC:14357	nonsyndromic		snv_indel	missense_damaging	any	0.001	individuals	1	2405	control_cohort	6	45082		3.1249	odds_ratio		0.067912	25.757	0.30499	fisher_exact			cnchd;ddd;nottingham	ukbb		audain2026_sd3
PMID:42230622	HGNC:14357	nonsyndromic		snv_indel	synonymous	any	0.001	individuals	7	2405	control_cohort	60	45082		2.1903	odds_ratio		0.84367	4.8034	0.083103	fisher_exact			cnchd;ddd;nottingham	ukbb		audain2026_sd3
PMID:42230622	HGNC:14357	syndromic		snv_indel	lof	any	0.001	individuals	5	1471	control_cohort	22	45082		6.98	odds_ratio		2.06	18.9	0.00141	fisher_exact			cnchd;ddd;nottingham	ukbb		audain2026_sd3
PMID:42230622	HGNC:14357	syndromic		snv_indel	missense_damaging	any	0.001	individuals	2	1471	control_cohort	6	45082		10.2	odds_ratio		1.01	57.3	0.0246	fisher_exact			cnchd;ddd;nottingham	ukbb		audain2026_sd3
PMID:42230622	HGNC:14357	syndromic		snv_indel	synonymous	any	0.001	individuals	2	1471	control_cohort	60	45082		1.02	odds_ratio		0.121	3.86	0.724	fisher_exact			cnchd;ddd;nottingham	ukbb		audain2026_sd3
PMID:34324492	HGNC:14630	all		cnv_deletion	lof	any	0.01	individuals	4	7107	control_cohort	1	14040							0.0494951	permutation	1.0	familywise_permutation	decipher;isca;signature;taa_cases	gain_controls;ottawa_controls;wtccc_controls	Cases combine congenital heart disease with 777 sporadic thoracic aortic aneurysm probands (of 7,958 contributing individuals); the study reports the CHD-only contribution separately for significant genes. A carrier is an individual with a rare deletion (MAF below 0.01) overlapping the gene.	audain2021_s6
PMID:42230622	HGNC:14630	all		snv_indel	lof	any	0.001	individuals	2	3876	control_cohort	10	45082		2.33	odds_ratio		0.248	10.9	0.245	fisher_exact			cnchd;ddd;nottingham	ukbb		audain2026_sd3
PMID:42230622	HGNC:14630	all		snv_indel	missense_damaging	any	0.001	individuals	5	3876	control_cohort	23	45082		2.53	odds_ratio		0.751	6.81	0.0661	fisher_exact			cnchd;ddd;nottingham	ukbb		audain2026_sd3
PMID:42230622	HGNC:14630	all		snv_indel	synonymous	any	0.001	individuals	5	3876	control_cohort	46	45082		1.26	odds_ratio		0.392	3.17	0.599	fisher_exact			cnchd;ddd;nottingham	ukbb		audain2026_sd3
PMID:42230622	HGNC:14630	nonsyndromic		snv_indel	lof	any	0.001	individuals	1	2405	control_cohort	10	45082		1.8749	odds_ratio		0.043184	13.186	0.43547	fisher_exact			cnchd;ddd;nottingham	ukbb		audain2026_sd3
PMID:42230622	HGNC:14630	nonsyndromic		snv_indel	missense_damaging	any	0.001	individuals	4	2405	control_cohort	23	45082		3.2636	odds_ratio		0.81977	9.5627	0.045448	fisher_exact			cnchd;ddd;nottingham	ukbb		audain2026_sd3
PMID:42230622	HGNC:14630	nonsyndromic		snv_indel	synonymous	any	0.001	individuals	4	2405	control_cohort	46	45082		1.631	odds_ratio		0.42605	4.4726	0.32085	fisher_exact			cnchd;ddd;nottingham	ukbb		audain2026_sd3
PMID:42230622	HGNC:14630	syndromic		snv_indel	lof	any	0.001	individuals	1	1471	control_cohort	10	45082		3.07	odds_ratio		0.0706	21.6	0.298	fisher_exact			cnchd;ddd;nottingham	ukbb		audain2026_sd3
PMID:42230622	HGNC:14630	syndromic		snv_indel	missense_damaging	any	0.001	individuals	1	1471	control_cohort	23	45082		1.33	odds_ratio		0.0323	8.22	0.537	fisher_exact			cnchd;ddd;nottingham	ukbb		audain2026_sd3
PMID:42230622	HGNC:14630	syndromic		snv_indel	synonymous	any	0.001	individuals	1	1471	control_cohort	46	45082		0.666	odds_ratio		0.0165	3.91	1.0	fisher_exact			cnchd;ddd;nottingham	ukbb		audain2026_sd3
PMID:34324492	HGNC:14881	all		cnv_deletion	lof	any	0.01	individuals	2	7107	control_cohort	0	14040							0.118788	permutation	1.0	familywise_permutation	decipher;isca;signature;taa_cases	gain_controls;ottawa_controls;wtccc_controls	Cases combine congenital heart disease with 777 sporadic thoracic aortic aneurysm probands (of 7,958 contributing individuals); the study reports the CHD-only contribution separately for significant genes. A carrier is an individual with a rare deletion (MAF below 0.01) overlapping the gene.	audain2021_s6
PMID:42230622	HGNC:14881	all		snv_indel	lof	any	0.001	individuals	1	3876	control_cohort	0	45082			odds_ratio	unbounded_above	0.298		0.0792	fisher_exact			cnchd;ddd;nottingham	ukbb		audain2026_sd3
PMID:42230622	HGNC:14881	all		snv_indel	missense_damaging	any	0.001	individuals	3	3876	control_cohort	17	45082		2.05	odds_ratio		0.385	7.1	0.208	fisher_exact			cnchd;ddd;nottingham	ukbb		audain2026_sd3
PMID:42230622	HGNC:14881	all		snv_indel	synonymous	any	0.001	individuals	4	3876	control_cohort	103	45082		0.451	odds_ratio		0.121	1.19	0.148	fisher_exact			cnchd;ddd;nottingham	ukbb		audain2026_sd3
PMID:42230622	HGNC:14881	nonsyndromic		snv_indel	missense_damaging	any	0.001	individuals	1	2405	control_cohort	17	45082		1.1027	odds_ratio		0.026375	7.0431	0.60768	fisher_exact			cnchd;ddd;nottingham	ukbb		audain2026_sd3
PMID:42230622	HGNC:14881	nonsyndromic		snv_indel	synonymous	any	0.001	individuals	2	2405	control_cohort	103	45082		0.36346	odds_ratio		0.043412	1.3481	0.17936	fisher_exact			cnchd;ddd;nottingham	ukbb		audain2026_sd3
PMID:42230622	HGNC:14881	syndromic		snv_indel	lof	any	0.001	individuals	1	1471	control_cohort	0	45082			odds_ratio	unbounded_above	0.786		0.0316	fisher_exact			cnchd;ddd;nottingham	ukbb		audain2026_sd3
PMID:42230622	HGNC:14881	syndromic		snv_indel	missense_damaging	any	0.001	individuals	2	1471	control_cohort	17	45082		3.61	odds_ratio		0.404	15.2	0.12	fisher_exact			cnchd;ddd;nottingham	ukbb		audain2026_sd3
PMID:42230622	HGNC:14881	syndromic		snv_indel	synonymous	any	0.001	individuals	2	1471	control_cohort	103	45082		0.595	odds_ratio		0.071	2.21	0.776	fisher_exact			cnchd;ddd;nottingham	ukbb		audain2026_sd3
PMID:34324492	HGNC:15802	all		cnv_deletion	lof	any	0.01	individuals	3	7107	control_cohort	16	14040							1.0	permutation	1.0	familywise_permutation	decipher;isca;signature;taa_cases	gain_controls;ottawa_controls;wtccc_controls	Cases combine congenital heart disease with 777 sporadic thoracic aortic aneurysm probands (of 7,958 contributing individuals); the study reports the CHD-only contribution separately for significant genes. A carrier is an individual with a rare deletion (MAF below 0.01) overlapping the gene.	audain2021_s6
PMID:42230622	HGNC:15802	all		snv_indel	lof	any	0.001	individuals	1	3876	control_cohort	3	45082		3.88	odds_ratio		0.0738	48.2	0.281	fisher_exact			cnchd;ddd;nottingham	ukbb		audain2026_sd3
PMID:42230622	HGNC:15802	all		snv_indel	missense_damaging	any	0.001	individuals	4	3876	control_cohort	53	45082		0.878	odds_ratio		0.231	2.38	1.0	fisher_exact			cnchd;ddd;nottingham	ukbb		audain2026_sd3
PMID:42230622	HGNC:15802	all		snv_indel	synonymous	any	0.001	individuals	6	3876	control_cohort	70	45082		0.997	odds_ratio		0.354	2.28	1.0	fisher_exact			cnchd;ddd;nottingham	ukbb		audain2026_sd3
PMID:42230622	HGNC:15802	nonsyndromic		snv_indel	lof	any	0.001	individuals	1	2405	control_cohort	3	45082		6.2499	odds_ratio		0.11902	77.866	0.18771	fisher_exact			cnchd;ddd;nottingham	ukbb		audain2026_sd3
PMID:42230622	HGNC:15802	nonsyndromic		snv_indel	missense_damaging	any	0.001	individuals	4	2405	control_cohort	53	45082		1.4154	odds_ratio		0.3717	3.8472	0.53538	fisher_exact			cnchd;ddd;nottingham	ukbb		audain2026_sd3
PMID:42230622	HGNC:15802	nonsyndromic		snv_indel	synonymous	any	0.001	individuals	3	2405	control_cohort	70	45082		0.80312	odds_ratio		0.16159	2.4484	1.0	fisher_exact			cnchd;ddd;nottingham	ukbb		audain2026_sd3
PMID:42230622	HGNC:15802	syndromic		snv_indel	lof	any	0.001	individuals	0	1471	control_cohort	3	45082		0.0	odds_ratio		0.0	74.2	1.0	fisher_exact			cnchd;ddd;nottingham	ukbb		audain2026_sd3
PMID:42230622	HGNC:15802	syndromic		snv_indel	missense_damaging	any	0.001	individuals	0	1471	control_cohort	53	45082		0.0	odds_ratio		0.0	2.21	0.417	fisher_exact			cnchd;ddd;nottingham	ukbb		audain2026_sd3
PMID:42230622	HGNC:15802	syndromic		snv_indel	synonymous	any	0.001	individuals	3	1471	control_cohort	70	45082		1.31	odds_ratio		0.264	4.01	0.503	fisher_exact			cnchd;ddd;nottingham	ukbb		audain2026_sd3
PMID:34324492	HGNC:15819	all		cnv_deletion	lof	any	0.01	individuals	1	7107	control_cohort	0	14040							0.336766	permutation	1.0	familywise_permutation	decipher;isca;signature;taa_cases	gain_controls;ottawa_controls;wtccc_controls	Cases combine congenital heart disease with 777 sporadic thoracic aortic aneurysm probands (of 7,958 contributing individuals); the study reports the CHD-only contribution separately for significant genes. A carrier is an individual with a rare deletion (MAF below 0.01) overlapping the gene.	audain2021_s6
PMID:42230622	HGNC:15819	all		snv_indel	lof	any	0.001	individuals	0	3876	control_cohort	3	45082		0.0	odds_ratio		0.0	28.2	1.0	fisher_exact			cnchd;ddd;nottingham	ukbb		audain2026_sd3
PMID:42230622	HGNC:15819	all		snv_indel	missense_damaging	any	0.001	individuals	8	3876	control_cohort	38	45082		2.45	odds_ratio		0.987	5.34	0.0266	fisher_exact			cnchd;ddd;nottingham	ukbb		audain2026_sd3
PMID:42230622	HGNC:15819	all		snv_indel	synonymous	any	0.001	individuals	3	3876	control_cohort	26	45082		1.34	odds_ratio		0.26	4.38	0.497	fisher_exact			cnchd;ddd;nottingham	ukbb		audain2026_sd3
PMID:42230622	HGNC:15819	nonsyndromic		snv_indel	lof	any	0.001	individuals	0	2405	control_cohort	3	45082		0.0	odds_ratio		0.0	45.313	1.0	fisher_exact			cnchd;ddd;nottingham	ukbb		audain2026_sd3
PMID:42230622	HGNC:15819	nonsyndromic		snv_indel	missense_damaging	any	0.001	individuals	7	2405	control_cohort	38	45082		3.46	odds_ratio		1.3024	7.8536	0.0070839	fisher_exact			cnchd;ddd;nottingham	ukbb		audain2026_sd3
PMID:42230622	HGNC:15819	nonsyndromic		snv_indel	synonymous	any	0.001	individuals	0	2405	control_cohort	26	45082		0.0	odds_ratio		0.0	2.8579	0.64082	fisher_exact			cnchd;ddd;nottingham	ukbb		audain2026_sd3
PMID:42230622	HGNC:15819	syndromic		snv_indel	lof	any	0.001	individuals	0	1471	control_cohort	3	45082		0.0	odds_ratio		0.0	74.2	1.0	fisher_exact			cnchd;ddd;nottingham	ukbb		audain2026_sd3
PMID:42230622	HGNC:15819	syndromic		snv_indel	missense_damaging	any	0.001	individuals	1	1471	control_cohort	38	45082		0.806	odds_ratio		0.0199	4.78	1.0	fisher_exact			cnchd;ddd;nottingham	ukbb		audain2026_sd3
PMID:42230622	HGNC:15819	syndromic		snv_indel	synonymous	any	0.001	individuals	3	1471	control_cohort	26	45082		3.54	odds_ratio		0.685	11.6	0.0626	fisher_exact			cnchd;ddd;nottingham	ukbb		audain2026_sd3
PMID:42230622	HGNC:16053	all		snv_indel	lof	any	0.001	individuals	0	3876	control_cohort	28	45082		0.0	odds_ratio		0.0	1.64	0.165	fisher_exact			cnchd;ddd;nottingham	ukbb		audain2026_sd3
PMID:42230622	HGNC:16053	all		snv_indel	missense_damaging	any	0.001	individuals	3	3876	control_cohort	27	45082		1.29	odds_ratio		0.251	4.2	0.729	fisher_exact			cnchd;ddd;nottingham	ukbb		audain2026_sd3
PMID:42230622	HGNC:16053	all		snv_indel	synonymous	any	0.001	individuals	4	3876	control_cohort	88	45082		0.528	odds_ratio		0.141	1.4	0.248	fisher_exact			cnchd;ddd;nottingham	ukbb		audain2026_sd3
PMID:42230622	HGNC:16053	nonsyndromic		snv_indel	lof	any	0.001	individuals	0	2405	control_cohort	28	45082		0.0	odds_ratio		0.0	2.64	0.40028	fisher_exact			cnchd;ddd;nottingham	ukbb		audain2026_sd3
PMID:42230622	HGNC:16053	nonsyndromic		snv_indel	missense_damaging	any	0.001	individuals	2	2405	control_cohort	27	45082		1.3888	odds_ratio		0.15999	5.5318	0.65723	fisher_exact			cnchd;ddd;nottingham	ukbb		audain2026_sd3
PMID:42230622	HGNC:16053	nonsyndromic		snv_indel	synonymous	any	0.001	individuals	1	2405	control_cohort	88	45082		0.21269	odds_ratio		0.0053261	1.2174	0.1378	fisher_exact			cnchd;ddd;nottingham	ukbb		audain2026_sd3
PMID:42230622	HGNC:16053	syndromic		snv_indel	lof	any	0.001	individuals	0	1471	control_cohort	28	45082		0.0	odds_ratio		0.0	4.32	1.0	fisher_exact			cnchd;ddd;nottingham	ukbb		audain2026_sd3
PMID:42230622	HGNC:16053	syndromic		snv_indel	missense_damaging	any	0.001	individuals	1	1471	control_cohort	27	45082		1.14	odds_ratio		0.0277	6.9	0.593	fisher_exact			cnchd;ddd;nottingham	ukbb		audain2026_sd3
PMID:42230622	HGNC:16053	syndromic		snv_indel	synonymous	any	0.001	individuals	3	1471	control_cohort	88	45082		1.04	odds_ratio		0.211	3.16	0.765	fisher_exact			cnchd;ddd;nottingham	ukbb		audain2026_sd3
PMID:34324492	HGNC:16259	all		cnv_deletion	lof	any	0.01	individuals	0	7107	control_cohort	15	14040							1.0	permutation	1.0	familywise_permutation	decipher;isca;signature;taa_cases	gain_controls;ottawa_controls;wtccc_controls	Cases combine congenital heart disease with 777 sporadic thoracic aortic aneurysm probands (of 7,958 contributing individuals); the study reports the CHD-only contribution separately for significant genes. A carrier is an individual with a rare deletion (MAF below 0.01) overlapping the gene.	audain2021_s6
PMID:42230622	HGNC:16259	all		snv_indel	lof	any	0.001	individuals	0	3876	control_cohort	1	45082		0.0	odds_ratio		0.0	450.0	1.0	fisher_exact			cnchd;ddd;nottingham	ukbb		audain2026_sd3
PMID:42230622	HGNC:16259	all		snv_indel	missense_damaging	any	0.001	individuals	2	3876	control_cohort	30	45082		0.775	odds_ratio		0.0897	3.06	1.0	fisher_exact			cnchd;ddd;nottingham	ukbb		audain2026_sd3
PMID:42230622	HGNC:16259	all		snv_indel	synonymous	any	0.001	individuals	9	3876	control_cohort	84	45082		1.25	odds_ratio		0.551	2.48	0.561	fisher_exact			cnchd;ddd;nottingham	ukbb		audain2026_sd3
PMID:42230622	HGNC:16259	nonsyndromic		snv_indel	lof	any	0.001	individuals	0	2405	control_cohort	1	45082		0.0	odds_ratio		0.0	722.81	1.0	fisher_exact			cnchd;ddd;nottingham	ukbb		audain2026_sd3
PMID:42230622	HGNC:16259	nonsyndromic		snv_indel	missense_damaging	any	0.001	individuals	2	2405	control_cohort	30	45082		1.2499	odds_ratio		0.14467	4.9309	0.67639	fisher_exact			cnchd;ddd;nottingham	ukbb		audain2026_sd3
PMID:42230622	HGNC:16259	nonsyndromic		snv_indel	synonymous	any	0.001	individuals	2	2405	control_cohort	84	45082		0.44586	odds_ratio		0.053097	1.6633	0.32828	fisher_exact			cnchd;ddd;nottingham	ukbb		audain2026_sd3
PMID:42230622	HGNC:16259	syndromic		snv_indel	lof	any	0.001	individuals	0	1471	control_cohort	1	45082		0.0	odds_ratio		0.0	1170.0	1.0	fisher_exact			cnchd;ddd;nottingham	ukbb		audain2026_sd3
PMID:42230622	HGNC:16259	syndromic		snv_indel	missense_damaging	any	0.001	individuals	0	1471	control_cohort	30	45082		0.0	odds_ratio		0.0	4.01	1.0	fisher_exact			cnchd;ddd;nottingham	ukbb		audain2026_sd3
PMID:42230622	HGNC:16259	syndromic		snv_indel	synonymous	any	0.001	individuals	7	1471	control_cohort	84	45082		2.56	odds_ratio		0.997	5.53	0.0253	fisher_exact			cnchd;ddd;nottingham	ukbb		audain2026_sd3
PMID:34324492	HGNC:16700	all		cnv_deletion	lof	any	0.01	individuals	2	7107	control_cohort	2	14040							0.419758	permutation	1.0	familywise_permutation	decipher;isca;signature;taa_cases	gain_controls;ottawa_controls;wtccc_controls	Cases combine congenital heart disease with 777 sporadic thoracic aortic aneurysm probands (of 7,958 contributing individuals); the study reports the CHD-only contribution separately for significant genes. A carrier is an individual with a rare deletion (MAF below 0.01) overlapping the gene.	audain2021_s6
PMID:42230622	HGNC:16700	all		snv_indel	missense_damaging	any	0.001	individuals	1	3876	control_cohort	32	45082		0.363	odds_ratio		0.00892	2.18	0.515	fisher_exact			cnchd;ddd;nottingham	ukbb		audain2026_sd3
PMID:42230622	HGNC:16700	all		snv_indel	synonymous	any	0.001	individuals	16	3876	control_cohort	159	45082		1.17	odds_ratio		0.653	1.96	0.573	fisher_exact			cnchd;ddd;nottingham	ukbb		audain2026_sd3
PMID:42230622	HGNC:16700	nonsyndromic		snv_indel	missense_damaging	any	0.001	individuals	0	2405	control_cohort	32	45082		0.0	odds_ratio		0.0	2.2904	0.40873	fisher_exact			cnchd;ddd;nottingham	ukbb		audain2026_sd3
PMID:42230622	HGNC:16700	nonsyndromic		snv_indel	synonymous	any	0.001	individuals	9	2405	control_cohort	159	45082		1.0613	odds_ratio		0.47591	2.0696	0.85906	fisher_exact			cnchd;ddd;nottingham	ukbb		audain2026_sd3
PMID:42230622	HGNC:16700	syndromic		snv_indel	missense_damaging	any	0.001	individuals	1	1471	control_cohort	32	45082		0.958	odds_ratio		0.0235	5.74	1.0	fisher_exact			cnchd;ddd;nottingham	ukbb		audain2026_sd3
PMID:42230622	HGNC:16700	syndromic		snv_indel	synonymous	any	0.001	individuals	7	1471	control_cohort	159	45082		1.35	odds_ratio		0.534	2.86	0.374	fisher_exact			cnchd;ddd;nottingham	ukbb		audain2026_sd3
PMID:34324492	HGNC:16867	all		cnv_deletion	lof	any	0.01	individuals	1	7107	control_cohort	1	14040							0.565143	permutation	1.0	familywise_permutation	decipher;isca;signature;taa_cases	gain_controls;ottawa_controls;wtccc_controls	Cases combine congenital heart disease with 777 sporadic thoracic aortic aneurysm probands (of 7,958 contributing individuals); the study reports the CHD-only contribution separately for significant genes. A carrier is an individual with a rare deletion (MAF below 0.01) overlapping the gene.	audain2021_s6
PMID:42230622	HGNC:16867	all		snv_indel	lof	any	0.001	individuals	1	3876	control_cohort	8	45082		1.45	odds_ratio		0.0328	10.9	0.524	fisher_exact			cnchd;ddd;nottingham	ukbb		audain2026_sd3
PMID:42230622	HGNC:16867	all		snv_indel	missense_damaging	any	0.001	individuals	1	3876	control_cohort	15	45082		0.775	odds_ratio		0.0184	5.04	1.0	fisher_exact			cnchd;ddd;nottingham	ukbb		audain2026_sd3
PMID:42230622	HGNC:16867	all		snv_indel	synonymous	any	0.001	individuals	8	3876	control_cohort	140	45082		0.664	odds_ratio		0.281	1.35	0.358	fisher_exact			cnchd;ddd;nottingham	ukbb		audain2026_sd3
PMID:42230622	HGNC:16867	nonsyndromic		snv_indel	lof	any	0.001	individuals	0	2405	control_cohort	8	45082		0.0	odds_ratio		0.0	10.985	1.0	fisher_exact			cnchd;ddd;nottingham	ukbb		audain2026_sd3
PMID:42230622	HGNC:16867	nonsyndromic		snv_indel	missense_damaging	any	0.001	individuals	1	2405	control_cohort	15	45082		1.2498	odds_ratio		0.029675	8.1303	0.56469	fisher_exact			cnchd;ddd;nottingham	ukbb		audain2026_sd3
PMID:42230622	HGNC:16867	nonsyndromic		snv_indel	synonymous	any	0.001	individuals	6	2405	control_cohort	140	45082		0.80287	odds_ratio		0.2894	1.7946	0.84879	fisher_exact			cnchd;ddd;nottingham	ukbb		audain2026_sd3
PMID:42230622	HGNC:16867	syndromic		snv_indel	lof	any	0.001	individuals	1	1471	control_cohort	8	45082		3.83	odds_ratio		0.0863	28.6	0.251	fisher_exact			cnchd;ddd;nottingham	ukbb		audain2026_sd3
PMID:42230622	HGNC:16867	syndromic		snv_indel	missense_damaging	any	0.001	individuals	0	1471	control_cohort	15	45082		0.0	odds_ratio		0.0	8.55	1.0	fisher_exact			cnchd;ddd;nottingham	ukbb		audain2026_sd3
PMID:42230622	HGNC:16867	syndromic		snv_indel	synonymous	any	0.001	individuals	2	1471	control_cohort	140	45082		0.437	odds_ratio		0.0524	1.61	0.334	fisher_exact			cnchd;ddd;nottingham	ukbb		audain2026_sd3
PMID:34324492	HGNC:17075	all		cnv_deletion	lof	any	0.01	individuals	12	7107	control_cohort	0	14040							9.999e-05	permutation	0.00189981	familywise_permutation	decipher;isca;signature;taa_cases	gain_controls;ottawa_controls;wtccc_controls	Cases combine congenital heart disease with 777 sporadic thoracic aortic aneurysm probands (of 7,958 contributing individuals); the study reports the CHD-only contribution separately for significant genes. A carrier is an individual with a rare deletion (MAF below 0.01) overlapping the gene.	audain2021_s6
PMID:42230622	HGNC:17075	all		snv_indel	lof	any	0.001	individuals	6	3876	control_cohort	0	45082			odds_ratio	unbounded_above	13.7		2.45e-07	fisher_exact			cnchd;ddd;nottingham	ukbb		audain2026_sd3
PMID:42230622	HGNC:17075	all		snv_indel	missense_damaging	any	0.001	individuals	1	3876	control_cohort	15	45082		0.775	odds_ratio		0.0184	5.04	1.0	fisher_exact			cnchd;ddd;nottingham	ukbb		audain2026_sd3
PMID:42230622	HGNC:17075	all		snv_indel	synonymous	any	0.001	individuals	7	3876	control_cohort	65	45082		1.25	odds_ratio		0.484	2.73	0.512	fisher_exact			cnchd;ddd;nottingham	ukbb		audain2026_sd3
PMID:42230622	HGNC:17075	nonsyndromic		snv_indel	lof	any	0.001	individuals	1	2405	control_cohort	0	45082			odds_ratio	unbounded_above	0.48064		0.050645	fisher_exact			cnchd;ddd;nottingham	ukbb		audain2026_sd3
PMID:42230622	HGNC:17075	nonsyndromic		snv_indel	missense_damaging	any	0.001	individuals	1	2405	control_cohort	15	45082		1.2498	odds_ratio		0.029675	8.1303	0.56469	fisher_exact			cnchd;ddd;nottingham	ukbb		audain2026_sd3
PMID:42230622	HGNC:17075	nonsyndromic		snv_indel	synonymous	any	0.001	individuals	6	2405	control_cohort	65	45082		1.7321	odds_ratio		0.61259	3.9837	0.17496	fisher_exact			cnchd;ddd;nottingham	ukbb		audain2026_sd3
PMID:42230622	HGNC:17075	syndromic		snv_indel	lof	any	0.001	individuals	5	1471	control_cohort	0	45082			odds_ratio	unbounded_above	28.1		3.13e-08	fisher_exact			cnchd;ddd;nottingham	ukbb		audain2026_sd3
PMID:42230622	HGNC:17075	syndromic		snv_indel	missense_damaging	any	0.001	individuals	0	1471	control_cohort	15	45082		0.0	odds_ratio		0.0	8.55	1.0	fisher_exact			cnchd;ddd;nottingham	ukbb		audain2026_sd3
PMID:42230622	HGNC:17075	syndromic		snv_indel	synonymous	any	0.001	individuals	1	1471	control_cohort	65	45082		0.471	odds_ratio		0.0117	2.72	0.725	fisher_exact			cnchd;ddd;nottingham	ukbb		audain2026_sd3
PMID:42230622	HGNC:171	all		snv_indel	lof	any	0.001	individuals	0	3876	control_cohort	3	45082		0.0	odds_ratio		0.0	28.2	1.0	fisher_exact			cnchd;ddd;nottingham	ukbb		audain2026_sd3
PMID:42230622	HGNC:171	all		snv_indel	missense_damaging	any	0.001	individuals	3	3876	control_cohort	38	45082		0.918	odds_ratio		0.181	2.9	1.0	fisher_exact			cnchd;ddd;nottingham	ukbb		audain2026_sd3
PMID:42230622	HGNC:171	all		snv_indel	synonymous	any	0.001	individuals	4	3876	control_cohort	19	45082		2.45	odds_ratio		0.606	7.38	0.104	fisher_exact			cnchd;ddd;nottingham	ukbb		audain2026_sd3
PMID:42230622	HGNC:171	nonsyndromic		snv_indel	lof	any	0.001	individuals	0	2405	control_cohort	3	45082		0.0	odds_ratio		0.0	45.313	1.0	fisher_exact			cnchd;ddd;nottingham	ukbb		audain2026_sd3
PMID:42230622	HGNC:171	nonsyndromic		snv_indel	missense_damaging	any	0.001	individuals	0	2405	control_cohort	38	45082		0.0	odds_ratio		0.0	1.9108	0.26316	fisher_exact			cnchd;ddd;nottingham	ukbb		audain2026_sd3
PMID:42230622	HGNC:171	nonsyndromic		snv_indel	synonymous	any	0.001	individuals	3	2405	control_cohort	19	45082		2.9621	odds_ratio		0.56103	10.075	0.097611	fisher_exact			cnchd;ddd;nottingham	ukbb		audain2026_sd3
PMID:42230622	HGNC:171	syndromic		snv_indel	lof	any	0.001	individuals	0	1471	control_cohort	3	45082		0.0	odds_ratio		0.0	74.2	1.0	fisher_exact			cnchd;ddd;nottingham	ukbb		audain2026_sd3
PMID:42230622	HGNC:171	syndromic		snv_indel	missense_damaging	any	0.001	individuals	3	1471	control_cohort	38	45082		2.42	odds_ratio		0.478	7.65	0.139	fisher_exact			cnchd;ddd;nottingham	ukbb		audain2026_sd3
PMID:42230622	HGNC:171	syndromic		snv_indel	synonymous	any	0.001	individuals	1	1471	control_cohort	19	45082		1.61	odds_ratio		0.0388	10.2	0.474	fisher_exact			cnchd;ddd;nottingham	ukbb		audain2026_sd3
PMID:34324492	HGNC:17111	all		cnv_deletion	lof	any	0.01	individuals	5	7107	control_cohort	1	14040							0.0193981	permutation	1.0	familywise_permutation	decipher;isca;signature;taa_cases	gain_controls;ottawa_controls;wtccc_controls	Cases combine congenital heart disease with 777 sporadic thoracic aortic aneurysm probands (of 7,958 contributing individuals); the study reports the CHD-only contribution separately for significant genes. A carrier is an individual with a rare deletion (MAF below 0.01) overlapping the gene.	audain2021_s6
PMID:42230622	HGNC:17111	all		snv_indel	lof	any	0.001	individuals	0	3876	control_cohort	8	45082		0.0	odds_ratio		0.0	6.82	1.0	fisher_exact			cnchd;ddd;nottingham	ukbb		audain2026_sd3
PMID:42230622	HGNC:17111	all		snv_indel	missense_damaging	any	0.001	individuals	5	3876	control_cohort	27	45082		2.16	odds_ratio		0.648	5.68	0.105	fisher_exact			cnchd;ddd;nottingham	ukbb		audain2026_sd3
PMID:42230622	HGNC:17111	all		snv_indel	synonymous	any	0.001	individuals	12	3876	control_cohort	125	45082		1.12	odds_ratio		0.562	2.02	0.636	fisher_exact			cnchd;ddd;nottingham	ukbb		audain2026_sd3
PMID:42230622	HGNC:17111	nonsyndromic		snv_indel	lof	any	0.001	individuals	0	2405	control_cohort	8	45082		0.0	odds_ratio		0.0	10.985	1.0	fisher_exact			cnchd;ddd;nottingham	ukbb		audain2026_sd3
PMID:42230622	HGNC:17111	nonsyndromic		snv_indel	missense_damaging	any	0.001	individuals	3	2405	control_cohort	27	45082		2.0841	odds_ratio		0.40435	6.7812	0.19272	fisher_exact			cnchd;ddd;nottingham	ukbb		audain2026_sd3
PMID:42230622	HGNC:17111	nonsyndromic		snv_indel	synonymous	any	0.001	individuals	7	2405	control_cohort	125	45082		1.0499	odds_ratio		0.41311	2.2312	0.84159	fisher_exact			cnchd;ddd;nottingham	ukbb		audain2026_sd3
PMID:42230622	HGNC:17111	syndromic		snv_indel	lof	any	0.001	individuals	0	1471	control_cohort	8	45082		0.0	odds_ratio		0.0	18.0	1.0	fisher_exact			cnchd;ddd;nottingham	ukbb		audain2026_sd3
PMID:42230622	HGNC:17111	syndromic		snv_indel	missense_damaging	any	0.001	individuals	2	1471	control_cohort	27	45082		2.27	odds_ratio		0.262	9.05	0.233	fisher_exact			cnchd;ddd;nottingham	ukbb		audain2026_sd3
PMID:42230622	HGNC:17111	syndromic		snv_indel	synonymous	any	0.001	individuals	5	1471	control_cohort	125	45082		1.23	odds_ratio		0.391	2.95	0.61	fisher_exact			cnchd;ddd;nottingham	ukbb		audain2026_sd3
PMID:34324492	HGNC:17229	all		cnv_deletion	lof	any	0.01	individuals	1	7107	control_cohort	0	14040							0.349565	permutation	1.0	familywise_permutation	decipher;isca;signature;taa_cases	gain_controls;ottawa_controls;wtccc_controls	Cases combine congenital heart disease with 777 sporadic thoracic aortic aneurysm probands (of 7,958 contributing individuals); the study reports the CHD-only contribution separately for significant genes. A carrier is an individual with a rare deletion (MAF below 0.01) overlapping the gene.	audain2021_s6
PMID:42230622	HGNC:17229	all		snv_indel	lof	any	0.001	individuals	0	3876	control_cohort	7	45082		0.0	odds_ratio		0.0	8.07	1.0	fisher_exact			cnchd;ddd;nottingham	ukbb		audain2026_sd3
PMID:42230622	HGNC:17229	all		snv_indel	missense_damaging	any	0.001	individuals	1	3876	control_cohort	0	45082			odds_ratio	unbounded_above	0.298		0.0792	fisher_exact			cnchd;ddd;nottingham	ukbb		audain2026_sd3
PMID:42230622	HGNC:17229	all		snv_indel	synonymous	any	0.001	individuals	4	3876	control_cohort	55	45082		0.846	odds_ratio		0.222	2.29	1.0	fisher_exact			cnchd;ddd;nottingham	ukbb		audain2026_sd3
PMID:42230622	HGNC:17229	nonsyndromic		snv_indel	lof	any	0.001	individuals	0	2405	control_cohort	7	45082		0.0	odds_ratio		0.0	13.01	1.0	fisher_exact			cnchd;ddd;nottingham	ukbb		audain2026_sd3
PMID:42230622	HGNC:17229	nonsyndromic		snv_indel	missense_damaging	any	0.001	individuals	1	2405	control_cohort	0	45082			odds_ratio	unbounded_above	0.48064		0.050645	fisher_exact			cnchd;ddd;nottingham	ukbb		audain2026_sd3
PMID:42230622	HGNC:17229	nonsyndromic		snv_indel	synonymous	any	0.001	individuals	2	2405	control_cohort	55	45082		0.68137	odds_ratio		0.080454	2.5839	1.0	fisher_exact			cnchd;ddd;nottingham	ukbb		audain2026_sd3
PMID:42230622	HGNC:17229	syndromic		snv_indel	lof	any	0.001	individuals	0	1471	control_cohort	7	45082		0.0	odds_ratio		0.0	21.3	1.0	fisher_exact			cnchd;ddd;nottingham	ukbb		audain2026_sd3
PMID:42230622	HGNC:17229	syndromic		snv_indel	synonymous	any	0.001	individuals	2	1471	control_cohort	55	45082		1.11	odds_ratio		0.132	4.23	0.702	fisher_exact			cnchd;ddd;nottingham	ukbb		audain2026_sd3
PMID:42230622	HGNC:174	all		snv_indel	missense_damaging	any	0.001	individuals	9	3876	control_cohort	44	45082		2.38	odds_ratio		1.02	4.95	0.0349	fisher_exact			cnchd;ddd;nottingham	ukbb		audain2026_sd3
PMID:42230622	HGNC:174	all		snv_indel	synonymous	any	0.001	individuals	7	3876	control_cohort	39	45082		2.09	odds_ratio		0.788	4.73	0.0909	fisher_exact			cnchd;ddd;nottingham	ukbb		audain2026_sd3
PMID:42230622	HGNC:174	nonsyndromic		snv_indel	missense_damaging	any	0.001	individuals	9	2405	control_cohort	44	45082		3.8451	odds_ratio		1.6482	7.9925	0.0012678	fisher_exact			cnchd;ddd;nottingham	ukbb		audain2026_sd3
PMID:42230622	HGNC:174	nonsyndromic		snv_indel	synonymous	any	0.001	individuals	6	2405	control_cohort	39	45082		2.8885	odds_ratio		0.99845	6.88	0.025158	fisher_exact			cnchd;ddd;nottingham	ukbb		audain2026_sd3
PMID:42230622	HGNC:174	syndromic		snv_indel	missense_damaging	any	0.001	individuals	0	1471	control_cohort	44	45082		0.0	odds_ratio		0.0	2.68	0.405	fisher_exact			cnchd;ddd;nottingham	ukbb		audain2026_sd3
PMID:42230622	HGNC:174	syndromic		snv_indel	synonymous	any	0.001	individuals	1	1471	control_cohort	39	45082		0.786	odds_ratio		0.0194	4.65	1.0	fisher_exact			cnchd;ddd;nottingham	ukbb		audain2026_sd3
PMID:42230622	HGNC:1780	all		snv_indel	lof	any	0.001	individuals	0	3876	control_cohort	1	45082		0.0	odds_ratio		0.0	450.0	1.0	fisher_exact			cnchd;ddd;nottingham	ukbb		audain2026_sd3
PMID:42230622	HGNC:1780	all		snv_indel	missense_damaging	any	0.001	individuals	3	3876	control_cohort	33	45082		1.06	odds_ratio		0.207	3.37	0.761	fisher_exact			cnchd;ddd;nottingham	ukbb		audain2026_sd3
PMID:42230622	HGNC:1780	all		snv_indel	synonymous	any	0.001	individuals	2	3876	control_cohort	41	45082		0.567	odds_ratio		0.0664	2.19	0.579	fisher_exact			cnchd;ddd;nottingham	ukbb		audain2026_sd3
PMID:42230622	HGNC:1780	nonsyndromic		snv_indel	lof	any	0.001	individuals	0	2405	control_cohort	1	45082		0.0	odds_ratio		0.0	722.81	1.0	fisher_exact			cnchd;ddd;nottingham	ukbb		audain2026_sd3
PMID:42230622	HGNC:1780	nonsyndromic		snv_indel	missense_damaging	any	0.001	individuals	1	2405	control_cohort	33	45082		0.56785	odds_ratio		0.013956	3.3951	1.0	fisher_exact			cnchd;ddd;nottingham	ukbb		audain2026_sd3
PMID:42230622	HGNC:1780	nonsyndromic		snv_indel	synonymous	any	0.001	individuals	0	2405	control_cohort	41	45082		0.0	odds_ratio		0.0	1.7645	0.27088	fisher_exact			cnchd;ddd;nottingham	ukbb		audain2026_sd3
PMID:42230622	HGNC:1780	syndromic		snv_indel	lof	any	0.001	individuals	0	1471	control_cohort	1	45082		0.0	odds_ratio		0.0	1170.0	1.0	fisher_exact			cnchd;ddd;nottingham	ukbb		audain2026_sd3
PMID:42230622	HGNC:1780	syndromic		snv_indel	missense_damaging	any	0.001	individuals	2	1471	control_cohort	33	45082		1.86	odds_ratio		0.216	7.28	0.304	fisher_exact			cnchd;ddd;nottingham	ukbb		audain2026_sd3
PMID:42230622	HGNC:1780	syndromic		snv_indel	synonymous	any	0.001	individuals	2	1471	control_cohort	41	45082		1.5	odds_ratio		0.175	5.77	0.396	fisher_exact			cnchd;ddd;nottingham	ukbb		audain2026_sd3
PMID:34324492	HGNC:17985	all		cnv_deletion	lof	any	0.01	individuals	10	7107	control_cohort	0	14040							9.999e-05	permutation	0.0120988	familywise_permutation	decipher;isca;signature;taa_cases	gain_controls;ottawa_controls;wtccc_controls	Cases combine congenital heart disease with 777 sporadic thoracic aortic aneurysm probands (of 7,958 contributing individuals); the study reports the CHD-only contribution separately for significant genes. A carrier is an individual with a rare deletion (MAF below 0.01) overlapping the gene.	audain2021_s6
PMID:42230622	HGNC:17985	all		snv_indel	lof	any	0.001	individuals	2	3876	control_cohort	24	45082		0.969	odds_ratio		0.111	3.91	1.0	fisher_exact			cnchd;ddd;nottingham	ukbb		audain2026_sd3
PMID:42230622	HGNC:17985	all		snv_indel	missense_damaging	any	0.001	individuals	6	3876	control_cohort	57	45082		1.22	odds_ratio		0.431	2.84	0.637	fisher_exact			cnchd;ddd;nottingham	ukbb		audain2026_sd3
PMID:42230622	HGNC:17985	all		snv_indel	synonymous	any	0.001	individuals	14	3876	control_cohort	114	45082		1.43	odds_ratio		0.757	2.5	0.191	fisher_exact			cnchd;ddd;nottingham	ukbb		audain2026_sd3
PMID:42230622	HGNC:17985	nonsyndromic		snv_indel	lof	any	0.001	individuals	2	2405	control_cohort	24	45082		1.5625	odds_ratio		0.17886	6.3005	0.38201	fisher_exact			cnchd;ddd;nottingham	ukbb		audain2026_sd3
PMID:42230622	HGNC:17985	nonsyndromic		snv_indel	missense_damaging	any	0.001	individuals	2	2405	control_cohort	57	45082		0.65744	odds_ratio		0.077694	2.489	0.76992	fisher_exact			cnchd;ddd;nottingham	ukbb		audain2026_sd3
PMID:42230622	HGNC:17985	nonsyndromic		snv_indel	synonymous	any	0.001	individuals	8	2405	control_cohort	114	45082		1.3165	odds_ratio		0.55432	2.6872	0.40669	fisher_exact			cnchd;ddd;nottingham	ukbb		audain2026_sd3
PMID:42230622	HGNC:17985	syndromic		snv_indel	lof	any	0.001	individuals	0	1471	control_cohort	24	45082		0.0	odds_ratio		0.0	5.1	1.0	fisher_exact			cnchd;ddd;nottingham	ukbb		audain2026_sd3
PMID:42230622	HGNC:17985	syndromic		snv_indel	missense_damaging	any	0.001	individuals	4	1471	control_cohort	57	45082		2.15	odds_ratio		0.567	5.83	0.127	fisher_exact			cnchd;ddd;nottingham	ukbb		audain2026_sd3
PMID:42230622	HGNC:17985	syndromic		snv_indel	synonymous	any	0.001	individuals	6	1471	control_cohort	114	45082		1.62	odds_ratio		0.58	3.63	0.284	fisher_exact			cnchd;ddd;nottingham	ukbb		audain2026_sd3
PMID:34324492	HGNC:18053	all		cnv_deletion	lof	any	0.01	individuals	1	7107	control_cohort	1	14040							0.567443	permutation	1.0	familywise_permutation	decipher;isca;signature;taa_cases	gain_controls;ottawa_controls;wtccc_controls	Cases combine congenital heart disease with 777 sporadic thoracic aortic aneurysm probands (of 7,958 contributing individuals); the study reports the CHD-only contribution separately for significant genes. A carrier is an individual with a rare deletion (MAF below 0.01) overlapping the gene.	audain2021_s6
PMID:42230622	HGNC:18053	all		snv_indel	lof	any	0.001	individuals	9	3876	control_cohort	78	45082		1.34	odds_ratio		0.592	2.69	0.422	fisher_exact			cnchd;ddd;nottingham	ukbb		audain2026_sd3
PMID:42230622	HGNC:18053	all		snv_indel	missense_damaging	any	0.001	individuals	11	3876	control_cohort	87	45082		1.47	odds_ratio		0.708	2.77	0.256	fisher_exact			cnchd;ddd;nottingham	ukbb		audain2026_sd3
PMID:42230622	HGNC:18053	all		snv_indel	synonymous	any	0.001	individuals	28	3876	control_cohort	296	45082		1.1	odds_ratio		0.718	1.63	0.605	fisher_exact			cnchd;ddd;nottingham	ukbb		audain2026_sd3
PMID:42230622	HGNC:18053	nonsyndromic		snv_indel	lof	any	0.001	individuals	6	2405	control_cohort	78	45082		1.443	odds_ratio		0.51336	3.2894	0.32183	fisher_exact			cnchd;ddd;nottingham	ukbb		audain2026_sd3
PMID:42230622	HGNC:18053	nonsyndromic		snv_indel	missense_damaging	any	0.001	individuals	4	2405	control_cohort	87	45082		0.86161	odds_ratio		0.22943	2.2893	1.0	fisher_exact			cnchd;ddd;nottingham	ukbb		audain2026_sd3
PMID:42230622	HGNC:18053	nonsyndromic		snv_indel	synonymous	any	0.001	individuals	18	2405	control_cohort	296	45082		1.141	odds_ratio		0.66571	1.839	0.60397	fisher_exact			cnchd;ddd;nottingham	ukbb		audain2026_sd3
PMID:42230622	HGNC:18053	syndromic		snv_indel	lof	any	0.001	individuals	3	1471	control_cohort	78	45082		1.18	odds_ratio		0.238	3.58	0.744	fisher_exact			cnchd;ddd;nottingham	ukbb		audain2026_sd3
PMID:42230622	HGNC:18053	syndromic		snv_indel	missense_damaging	any	0.001	individuals	7	1471	control_cohort	87	45082		2.47	odds_ratio		0.964	5.33	0.0295	fisher_exact			cnchd;ddd;nottingham	ukbb		audain2026_sd3
PMID:42230622	HGNC:18053	syndromic		snv_indel	synonymous	any	0.001	individuals	10	1471	control_cohort	296	45082		1.04	odds_ratio		0.49	1.94	0.869	fisher_exact			cnchd;ddd;nottingham	ukbb		audain2026_sd3
PMID:34324492	HGNC:18196	all		cnv_deletion	lof	any	0.01	individuals	21	7107	control_cohort	1	14040							9.999e-05	permutation	9.999e-05	familywise_permutation	decipher;isca;signature;taa_cases	gain_controls;ottawa_controls;wtccc_controls	Cases combine congenital heart disease with 777 sporadic thoracic aortic aneurysm probands (of 7,958 contributing individuals); the study reports the CHD-only contribution separately for significant genes. A carrier is an individual with a rare deletion (MAF below 0.01) overlapping the gene.	audain2021_s6
PMID:42230622	HGNC:18196	all		snv_indel	missense_damaging	any	0.001	individuals	8	3876	control_cohort	49	45082		1.9	odds_ratio		0.777	4.05	0.132	fisher_exact			cnchd;ddd;nottingham	ukbb		audain2026_sd3
PMID:42230622	HGNC:18196	all		snv_indel	synonymous	any	0.001	individuals	7	3876	control_cohort	67	45082		1.22	odds_ratio		0.47	2.65	0.523	fisher_exact			cnchd;ddd;nottingham	ukbb		audain2026_sd3
PMID:42230622	HGNC:18196	nonsyndromic		snv_indel	missense_damaging	any	0.001	individuals	6	2405	control_cohort	49	45082		2.2986	odds_ratio		0.80379	5.3779	0.058783	fisher_exact			cnchd;ddd;nottingham	ukbb		audain2026_sd3
PMID:42230622	HGNC:18196	nonsyndromic		snv_indel	synonymous	any	0.001	individuals	4	2405	control_cohort	67	45082		1.1193	odds_ratio		0.29611	3.0053	0.7832	fisher_exact			cnchd;ddd;nottingham	ukbb		audain2026_sd3
PMID:42230622	HGNC:18196	syndromic		snv_indel	missense_damaging	any	0.001	individuals	2	1471	control_cohort	49	45082		1.25	odds_ratio		0.147	4.78	0.676	fisher_exact			cnchd;ddd;nottingham	ukbb		audain2026_sd3
PMID:42230622	HGNC:18196	syndromic		snv_indel	synonymous	any	0.001	individuals	3	1471	control_cohort	67	45082		1.37	odds_ratio		0.276	4.2	0.487	fisher_exact			cnchd;ddd;nottingham	ukbb		audain2026_sd3
PMID:34324492	HGNC:18292	all		cnv_deletion	lof	any	0.01	individuals	1	7107	control_cohort	0	14040							0.334467	permutation	1.0	familywise_permutation	decipher;isca;signature;taa_cases	gain_controls;ottawa_controls;wtccc_controls	Cases combine congenital heart disease with 777 sporadic thoracic aortic aneurysm probands (of 7,958 contributing individuals); the study reports the CHD-only contribution separately for significant genes. A carrier is an individual with a rare deletion (MAF below 0.01) overlapping the gene.	audain2021_s6
PMID:34324492	HGNC:1949	all		cnv_deletion	lof	any	0.01	individuals	2	7107	control_cohort	0	14040							0.116988	permutation	1.0	familywise_permutation	decipher;isca;signature;taa_cases	gain_controls;ottawa_controls;wtccc_controls	Cases combine congenital heart disease with 777 sporadic thoracic aortic aneurysm probands (of 7,958 contributing individuals); the study reports the CHD-only contribution separately for significant genes. A carrier is an individual with a rare deletion (MAF below 0.01) overlapping the gene.	audain2021_s6
PMID:42230622	HGNC:1949	all		snv_indel	lof	any	0.001	individuals	2	3876	control_cohort	9	45082		2.59	odds_ratio		0.272	12.5	0.215	fisher_exact			cnchd;ddd;nottingham	ukbb		audain2026_sd3
PMID:42230622	HGNC:1949	all		snv_indel	missense_damaging	any	0.001	individuals	8	3876	control_cohort	83	45082		1.12	odds_ratio		0.468	2.32	0.697	fisher_exact			cnchd;ddd;nottingham	ukbb		audain2026_sd3
PMID:42230622	HGNC:1949	all		snv_indel	synonymous	any	0.001	individuals	5	3876	control_cohort	101	45082		0.575	odds_ratio		0.183	1.39	0.28	fisher_exact			cnchd;ddd;nottingham	ukbb		audain2026_sd3
PMID:42230622	HGNC:1949	nonsyndromic		snv_indel	lof	any	0.001	individuals	1	2405	control_cohort	9	45082		2.0832	odds_ratio		0.047509	15.042	0.40535	fisher_exact			cnchd;ddd;nottingham	ukbb		audain2026_sd3
PMID:42230622	HGNC:1949	nonsyndromic		snv_indel	missense_damaging	any	0.001	individuals	4	2405	control_cohort	83	45082		0.90322	odds_ratio		0.24025	2.4039	1.0	fisher_exact			cnchd;ddd;nottingham	ukbb		audain2026_sd3
PMID:42230622	HGNC:1949	nonsyndromic		snv_indel	synonymous	any	0.001	individuals	3	2405	control_cohort	101	45082		0.55623	odds_ratio		0.11272	1.6746	0.49653	fisher_exact			cnchd;ddd;nottingham	ukbb		audain2026_sd3
PMID:42230622	HGNC:1949	syndromic		snv_indel	lof	any	0.001	individuals	1	1471	control_cohort	9	45082		3.41	odds_ratio		0.0777	24.6	0.275	fisher_exact			cnchd;ddd;nottingham	ukbb		audain2026_sd3
PMID:42230622	HGNC:1949	syndromic		snv_indel	missense_damaging	any	0.001	individuals	4	1471	control_cohort	83	45082		1.48	odds_ratio		0.393	3.94	0.357	fisher_exact			cnchd;ddd;nottingham	ukbb		audain2026_sd3
PMID:42230622	HGNC:1949	syndromic		snv_indel	synonymous	any	0.001	individuals	2	1471	control_cohort	101	45082		0.606	odds_ratio		0.0724	2.25	0.775	fisher_exact			cnchd;ddd;nottingham	ukbb		audain2026_sd3
PMID:42230622	HGNC:195	all		snv_indel	lof	any	0.001	individuals	0	3876	control_cohort	14	45082		0.0	odds_ratio		0.0	3.51	0.621	fisher_exact			cnchd;ddd;nottingham	ukbb		audain2026_sd3
PMID:42230622	HGNC:195	all		snv_indel	missense_damaging	any	0.001	individuals	3	3876	control_cohort	15	45082		2.33	odds_ratio		0.432	8.23	0.166	fisher_exact			cnchd;ddd;nottingham	ukbb		audain2026_sd3
PMID:42230622	HGNC:195	all		snv_indel	synonymous	any	0.001	individuals	4	3876	control_cohort	48	45082		0.969	odds_ratio		0.254	2.65	1.0	fisher_exact			cnchd;ddd;nottingham	ukbb		audain2026_sd3
PMID:42230622	HGNC:195	nonsyndromic		snv_indel	lof	any	0.001	individuals	0	2405	control_cohort	14	45082		0.0	odds_ratio		0.0	5.6535	1.0	fisher_exact			cnchd;ddd;nottingham	ukbb		audain2026_sd3
PMID:42230622	HGNC:195	nonsyndromic		snv_indel	missense_damaging	any	0.001	individuals	1	2405	control_cohort	15	45082		1.2498	odds_ratio		0.029675	8.1303	0.56469	fisher_exact			cnchd;ddd;nottingham	ukbb		audain2026_sd3
PMID:42230622	HGNC:195	nonsyndromic		snv_indel	synonymous	any	0.001	individuals	4	2405	control_cohort	48	45082		1.563	odds_ratio		0.40895	4.274	0.33603	fisher_exact			cnchd;ddd;nottingham	ukbb		audain2026_sd3
PMID:42230622	HGNC:195	syndromic		snv_indel	lof	any	0.001	individuals	0	1471	control_cohort	14	45082		0.0	odds_ratio		0.0	9.24	1.0	fisher_exact			cnchd;ddd;nottingham	ukbb		audain2026_sd3
PMID:42230622	HGNC:195	syndromic		snv_indel	missense_damaging	any	0.001	individuals	2	1471	control_cohort	15	45082		4.09	odds_ratio		0.453	17.6	0.0993	fisher_exact			cnchd;ddd;nottingham	ukbb		audain2026_sd3
PMID:42230622	HGNC:195	syndromic		snv_indel	synonymous	any	0.001	individuals	0	1471	control_cohort	48	45082		0.0	odds_ratio		0.0	2.45	0.407	fisher_exact			cnchd;ddd;nottingham	ukbb		audain2026_sd3
PMID:34324492	HGNC:19747	all		cnv_deletion	lof	any	0.01	individuals	3	7107	control_cohort	2	14040							0.220378	permutation	1.0	familywise_permutation	decipher;isca;signature;taa_cases	gain_controls;ottawa_controls;wtccc_controls	Cases combine congenital heart disease with 777 sporadic thoracic aortic aneurysm probands (of 7,958 contributing individuals); the study reports the CHD-only contribution separately for significant genes. A carrier is an individual with a rare deletion (MAF below 0.01) overlapping the gene.	audain2021_s6
PMID:42230622	HGNC:19747	all		snv_indel	lof	any	0.001	individuals	2	3876	control_cohort	35	45082		0.664	odds_ratio		0.0774	2.59	0.766	fisher_exact			cnchd;ddd;nottingham	ukbb		audain2026_sd3
PMID:42230622	HGNC:19747	all		snv_indel	missense_damaging	any	0.001	individuals	4	3876	control_cohort	59	45082		0.788	odds_ratio		0.208	2.13	0.817	fisher_exact			cnchd;ddd;nottingham	ukbb		audain2026_sd3
PMID:42230622	HGNC:19747	all		snv_indel	synonymous	any	0.001	individuals	15	3876	control_cohort	195	45082		0.894	odds_ratio		0.491	1.51	0.798	fisher_exact			cnchd;ddd;nottingham	ukbb		audain2026_sd3
PMID:42230622	HGNC:19747	nonsyndromic		snv_indel	lof	any	0.001	individuals	1	2405	control_cohort	35	45082		0.53538	odds_ratio		0.01318	3.1882	1.0	fisher_exact			cnchd;ddd;nottingham	ukbb		audain2026_sd3
PMID:42230622	HGNC:19747	nonsyndromic		snv_indel	missense_damaging	any	0.001	individuals	2	2405	control_cohort	59	45082		0.63512	odds_ratio		0.075117	2.4008	0.77043	fisher_exact			cnchd;ddd;nottingham	ukbb		audain2026_sd3
PMID:42230622	HGNC:19747	nonsyndromic		snv_indel	synonymous	any	0.001	individuals	7	2405	control_cohort	195	45082		0.67194	odds_ratio		0.26634	1.4132	0.41835	fisher_exact			cnchd;ddd;nottingham	ukbb		audain2026_sd3
PMID:42230622	HGNC:19747	syndromic		snv_indel	lof	any	0.001	individuals	1	1471	control_cohort	35	45082		0.876	odds_ratio		0.0215	5.22	1.0	fisher_exact			cnchd;ddd;nottingham	ukbb		audain2026_sd3
PMID:42230622	HGNC:19747	syndromic		snv_indel	missense_damaging	any	0.001	individuals	2	1471	control_cohort	59	45082		1.04	odds_ratio		0.123	3.93	0.719	fisher_exact			cnchd;ddd;nottingham	ukbb		audain2026_sd3
PMID:42230622	HGNC:19747	syndromic		snv_indel	synonymous	any	0.001	individuals	8	1471	control_cohort	195	45082		1.26	odds_ratio		0.535	2.54	0.542	fisher_exact			cnchd;ddd;nottingham	ukbb		audain2026_sd3
PMID:34324492	HGNC:19762	all		cnv_deletion	lof	any	0.01	individuals	6	7107	control_cohort	1	14040							0.00849915	permutation	0.990801	familywise_permutation	decipher;isca;signature;taa_cases	gain_controls;ottawa_controls;wtccc_controls	Cases combine congenital heart disease with 777 sporadic thoracic aortic aneurysm probands (of 7,958 contributing individuals); the study reports the CHD-only contribution separately for significant genes. A carrier is an individual with a rare deletion (MAF below 0.01) overlapping the gene.	audain2021_s6
PMID:42230622	HGNC:19762	all		snv_indel	missense_damaging	any	0.001	individuals	2	3876	control_cohort	0	45082			odds_ratio	unbounded_above	2.18		0.00627	fisher_exact			cnchd;ddd;nottingham	ukbb		audain2026_sd3
PMID:42230622	HGNC:19762	all		snv_indel	synonymous	any	0.001	individuals	9	3876	control_cohort	217	45082		0.481	odds_ratio		0.217	0.932	0.0255	fisher_exact			cnchd;ddd;nottingham	ukbb		audain2026_sd3
PMID:42230622	HGNC:19762	nonsyndromic		snv_indel	missense_damaging	any	0.001	individuals	2	2405	control_cohort	0	45082			odds_ratio	unbounded_above	3.5212		0.0025639	fisher_exact			cnchd;ddd;nottingham	ukbb		audain2026_sd3
PMID:42230622	HGNC:19762	nonsyndromic		snv_indel	synonymous	any	0.001	individuals	3	2405	control_cohort	217	45082		0.25823	odds_ratio		0.05281	0.76569	0.0078713	fisher_exact			cnchd;ddd;nottingham	ukbb		audain2026_sd3
PMID:42230622	HGNC:19762	syndromic		snv_indel	synonymous	any	0.001	individuals	6	1471	control_cohort	217	45082		0.847	odds_ratio		0.307	1.88	0.848	fisher_exact			cnchd;ddd;nottingham	ukbb		audain2026_sd3
PMID:42230622	HGNC:19769	all		snv_indel	lof	any	0.001	individuals	0	3876	control_cohort	7	45082		0.0	odds_ratio		0.0	8.07	1.0	fisher_exact			cnchd;ddd;nottingham	ukbb		audain2026_sd3
PMID:42230622	HGNC:19769	all		snv_indel	missense_damaging	any	0.001	individuals	0	3876	control_cohort	3	45082		0.0	odds_ratio		0.0	28.2	1.0	fisher_exact			cnchd;ddd;nottingham	ukbb		audain2026_sd3
PMID:42230622	HGNC:19769	all		snv_indel	synonymous	any	0.001	individuals	1	3876	control_cohort	29	45082		0.401	odds_ratio		0.00982	2.42	0.512	fisher_exact			cnchd;ddd;nottingham	ukbb		audain2026_sd3
PMID:42230622	HGNC:19769	nonsyndromic		snv_indel	lof	any	0.001	individuals	0	2405	control_cohort	7	45082		0.0	odds_ratio		0.0	13.01	1.0	fisher_exact			cnchd;ddd;nottingham	ukbb		audain2026_sd3
PMID:42230622	HGNC:19769	nonsyndromic		snv_indel	missense_damaging	any	0.001	individuals	0	2405	control_cohort	3	45082		0.0	odds_ratio		0.0	45.313	1.0	fisher_exact			cnchd;ddd;nottingham	ukbb		audain2026_sd3
PMID:42230622	HGNC:19769	nonsyndromic		snv_indel	synonymous	any	0.001	individuals	1	2405	control_cohort	29	45082		0.64623	odds_ratio		0.015816	3.9012	1.0	fisher_exact			cnchd;ddd;nottingham	ukbb		audain2026_sd3
PMID:42230622	HGNC:19769	syndromic		snv_indel	lof	any	0.001	individuals	0	1471	control_cohort	7	45082		0.0	odds_ratio		0.0	21.3	1.0	fisher_exact			cnchd;ddd;nottingham	ukbb		audain2026_sd3
PMID:42230622	HGNC:19769	syndromic		snv_indel	missense_damaging	any	0.001	individuals	0	1471	control_cohort	3	45082		0.0	odds_ratio		0.0	74.2	1.0	fisher_exact			cnchd;ddd;nottingham	ukbb		audain2026_sd3
PMID:42230622	HGNC:19769	syndromic		snv_indel	synonymous	any	0.001	individuals	0	1471	control_cohort	29	45082		0.0	odds_ratio		0.0	4.16	1.0	fisher_exact			cnchd;ddd;nottingham	ukbb		audain2026_sd3
PMID:34324492	HGNC:1987	all		cnv_deletion	lof	any	0.01	individuals	3	7107	control_cohort	0	14040							0.0432957	permutation	1.0	familywise_permutation	decipher;isca;signature;taa_cases	gain_controls;ottawa_controls;wtccc_controls	Cases combine congenital heart disease with 777 sporadic thoracic aortic aneurysm probands (of 7,958 contributing individuals); the study reports the CHD-only contribution separately for significant genes. A carrier is an individual with a rare deletion (MAF below 0.01) overlapping the gene.	audain2021_s6
PMID:42230622	HGNC:1987	all		snv_indel	missense_damaging	any	0.001	individuals	1	3876	control_cohort	9	45082		1.29	odds_ratio		0.0295	9.33	0.562	fisher_exact			cnchd;ddd;nottingham	ukbb		audain2026_sd3
PMID:42230622	HGNC:1987	all		snv_indel	synonymous	any	0.001	individuals	2	3876	control_cohort	53	45082		0.439	odds_ratio		0.0518	1.67	0.321	fisher_exact			cnchd;ddd;nottingham	ukbb		audain2026_sd3
PMID:42230622	HGNC:1987	nonsyndromic		snv_indel	missense_damaging	any	0.001	individuals	1	2405	control_cohort	9	45082		2.0832	odds_ratio		0.047509	15.042	0.40535	fisher_exact			cnchd;ddd;nottingham	ukbb		audain2026_sd3
PMID:42230622	HGNC:1987	nonsyndromic		snv_indel	synonymous	any	0.001	individuals	1	2405	control_cohort	53	45082		0.35342	odds_ratio		0.0087834	2.0581	0.52624	fisher_exact			cnchd;ddd;nottingham	ukbb		audain2026_sd3
PMID:42230622	HGNC:1987	syndromic		snv_indel	missense_damaging	any	0.001	individuals	0	1471	control_cohort	9	45082		0.0	odds_ratio		0.0	15.5	1.0	fisher_exact			cnchd;ddd;nottingham	ukbb		audain2026_sd3
PMID:42230622	HGNC:1987	syndromic		snv_indel	synonymous	any	0.001	individuals	1	1471	control_cohort	53	45082		0.578	odds_ratio		0.0144	3.37	1.0	fisher_exact			cnchd;ddd;nottingham	ukbb		audain2026_sd3
PMID:34324492	HGNC:20064	all		cnv_deletion	lof	any	0.01	individuals	0	7107	control_cohort	1	14040							1.0	permutation	1.0	familywise_permutation	decipher;isca;signature;taa_cases	gain_controls;ottawa_controls;wtccc_controls	Cases combine congenital heart disease with 777 sporadic thoracic aortic aneurysm probands (of 7,958 contributing individuals); the study reports the CHD-only contribution separately for significant genes. A carrier is an individual with a rare deletion (MAF below 0.01) overlapping the gene.	audain2021_s6
PMID:42230622	HGNC:20064	all		snv_indel	lof	any	0.001	individuals	3	3876	control_cohort	26	45082		1.34	odds_ratio		0.26	4.38	0.497	fisher_exact			cnchd;ddd;nottingham	ukbb		audain2026_sd3
PMID:42230622	HGNC:20064	all		snv_indel	missense_damaging	any	0.001	individuals	3	3876	control_cohort	38	45082		0.918	odds_ratio		0.181	2.9	1.0	fisher_exact			cnchd;ddd;nottingham	ukbb		audain2026_sd3
PMID:42230622	HGNC:20064	all		snv_indel	synonymous	any	0.001	individuals	5	3876	control_cohort	51	45082		1.14	odds_ratio		0.355	2.84	0.802	fisher_exact			cnchd;ddd;nottingham	ukbb		audain2026_sd3
PMID:42230622	HGNC:20064	nonsyndromic		snv_indel	lof	any	0.001	individuals	2	2405	control_cohort	26	45082		1.4423	odds_ratio		0.16578	5.7668	0.65139	fisher_exact			cnchd;ddd;nottingham	ukbb		audain2026_sd3
PMID:42230622	HGNC:20064	nonsyndromic		snv_indel	missense_damaging	any	0.001	individuals	2	2405	control_cohort	38	45082		0.98657	odds_ratio		0.11524	3.8215	1.0	fisher_exact			cnchd;ddd;nottingham	ukbb		audain2026_sd3
PMID:42230622	HGNC:20064	nonsyndromic		snv_indel	synonymous	any	0.001	individuals	2	2405	control_cohort	51	45082		0.73488	odds_ratio		0.086607	2.7972	1.0	fisher_exact			cnchd;ddd;nottingham	ukbb		audain2026_sd3
PMID:42230622	HGNC:20064	syndromic		snv_indel	lof	any	0.001	individuals	1	1471	control_cohort	26	45082		1.18	odds_ratio		0.0287	7.19	0.58	fisher_exact			cnchd;ddd;nottingham	ukbb		audain2026_sd3
PMID:42230622	HGNC:20064	syndromic		snv_indel	missense_damaging	any	0.001	individuals	1	1471	control_cohort	38	45082		0.806	odds_ratio		0.0199	4.78	1.0	fisher_exact			cnchd;ddd;nottingham	ukbb		audain2026_sd3
PMID:42230622	HGNC:20064	syndromic		snv_indel	synonymous	any	0.001	individuals	3	1471	control_cohort	51	45082		1.8	odds_ratio		0.36	5.59	0.243	fisher_exact			cnchd;ddd;nottingham	ukbb		audain2026_sd3
PMID:34324492	HGNC:20066	all		cnv_deletion	lof	any	0.01	individuals	3	7107	control_cohort	0	14040							0.0408959	permutation	1.0	familywise_permutation	decipher;isca;signature;taa_cases	gain_controls;ottawa_controls;wtccc_controls	Cases combine congenital heart disease with 777 sporadic thoracic aortic aneurysm probands (of 7,958 contributing individuals); the study reports the CHD-only contribution separately for significant genes. A carrier is an individual with a rare deletion (MAF below 0.01) overlapping the gene.	audain2021_s6
PMID:42230622	HGNC:20066	all		snv_indel	missense_damaging	any	0.001	individuals	4	3876	control_cohort	39	45082		1.19	odds_ratio		0.31	3.31	0.774	fisher_exact			cnchd;ddd;nottingham	ukbb		audain2026_sd3
PMID:42230622	HGNC:20066	all		snv_indel	synonymous	any	0.001	individuals	34	3876	control_cohort	404	45082		0.979	odds_ratio		0.667	1.39	1.0	fisher_exact			cnchd;ddd;nottingham	ukbb		audain2026_sd3
PMID:42230622	HGNC:20066	nonsyndromic		snv_indel	missense_damaging	any	0.001	individuals	3	2405	control_cohort	39	45082		1.4425	odds_ratio		0.28495	4.5427	0.47115	fisher_exact			cnchd;ddd;nottingham	ukbb		audain2026_sd3
PMID:42230622	HGNC:20066	nonsyndromic		snv_indel	synonymous	any	0.001	individuals	15	2405	control_cohort	404	45082		0.69407	odds_ratio		0.38423	1.161	0.17972	fisher_exact			cnchd;ddd;nottingham	ukbb		audain2026_sd3
PMID:42230622	HGNC:20066	syndromic		snv_indel	missense_damaging	any	0.001	individuals	1	1471	control_cohort	39	45082		0.786	odds_ratio		0.0194	4.65	1.0	fisher_exact			cnchd;ddd;nottingham	ukbb		audain2026_sd3
PMID:42230622	HGNC:20066	syndromic		snv_indel	synonymous	any	0.001	individuals	19	1471	control_cohort	404	45082		1.45	odds_ratio		0.86	2.3	0.123	fisher_exact			cnchd;ddd;nottingham	ukbb		audain2026_sd3
PMID:34324492	HGNC:20626	all		cnv_deletion	lof	any	0.01	individuals	6	7107	control_cohort	1	14040							0.00679932	permutation	0.990801	familywise_permutation	decipher;isca;signature;taa_cases	gain_controls;ottawa_controls;wtccc_controls	Cases combine congenital heart disease with 777 sporadic thoracic aortic aneurysm probands (of 7,958 contributing individuals); the study reports the CHD-only contribution separately for significant genes. A carrier is an individual with a rare deletion (MAF below 0.01) overlapping the gene.	audain2021_s6
PMID:42230622	HGNC:20626	all		snv_indel	lof	any	0.001	individuals	3	3876	control_cohort	0	45082			odds_ratio	unbounded_above	4.81		0.000496	fisher_exact			cnchd;ddd;nottingham	ukbb		audain2026_sd3
PMID:42230622	HGNC:20626	all		snv_indel	missense_damaging	any	0.001	individuals	18	3876	control_cohort	188	45082		1.11	odds_ratio		0.645	1.81	0.606	fisher_exact			cnchd;ddd;nottingham	ukbb		audain2026_sd3
PMID:42230622	HGNC:20626	all		snv_indel	synonymous	any	0.001	individuals	26	3876	control_cohort	356	45082		0.848	odds_ratio		0.546	1.27	0.505	fisher_exact			cnchd;ddd;nottingham	ukbb		audain2026_sd3
PMID:42230622	HGNC:20626	nonsyndromic		snv_indel	missense_damaging	any	0.001	individuals	11	2405	control_cohort	188	45082		1.0972	odds_ratio		0.53774	2.0123	0.74458	fisher_exact			cnchd;ddd;nottingham	ukbb		audain2026_sd3
PMID:42230622	HGNC:20626	nonsyndromic		snv_indel	synonymous	any	0.001	individuals	15	2405	control_cohort	356	45082		0.7885	odds_ratio		0.43599	1.321	0.47415	fisher_exact			cnchd;ddd;nottingham	ukbb		audain2026_sd3
PMID:42230622	HGNC:20626	syndromic		snv_indel	lof	any	0.001	individuals	3	1471	control_cohort	0	45082			odds_ratio	unbounded_above	12.7		3.15e-05	fisher_exact			cnchd;ddd;nottingham	ukbb		audain2026_sd3
PMID:42230622	HGNC:20626	syndromic		snv_indel	missense_damaging	any	0.001	individuals	7	1471	control_cohort	188	45082		1.14	odds_ratio		0.452	2.41	0.679	fisher_exact			cnchd;ddd;nottingham	ukbb		audain2026_sd3
PMID:42230622	HGNC:20626	syndromic		snv_indel	synonymous	any	0.001	individuals	11	1471	control_cohort	356	45082		0.947	odds_ratio		0.467	1.72	1.0	fisher_exact			cnchd;ddd;nottingham	ukbb		audain2026_sd3
PMID:34324492	HGNC:20869	all		cnv_deletion	lof	any	0.01	individuals	1	7107	control_cohort	0	14040							0.350565	permutation	1.0	familywise_permutation	decipher;isca;signature;taa_cases	gain_controls;ottawa_controls;wtccc_controls	Cases combine congenital heart disease with 777 sporadic thoracic aortic aneurysm probands (of 7,958 contributing individuals); the study reports the CHD-only contribution separately for significant genes. A carrier is an individual with a rare deletion (MAF below 0.01) overlapping the gene.	audain2021_s6
PMID:42230622	HGNC:20869	all		snv_indel	lof	any	0.001	individuals	0	3876	control_cohort	1	45082		0.0	odds_ratio		0.0	450.0	1.0	fisher_exact			cnchd;ddd;nottingham	ukbb		audain2026_sd3
PMID:42230622	HGNC:20869	all		snv_indel	missense_damaging	any	0.001	individuals	1	3876	control_cohort	15	45082		0.775	odds_ratio		0.0184	5.04	1.0	fisher_exact			cnchd;ddd;nottingham	ukbb		audain2026_sd3
PMID:42230622	HGNC:20869	all		snv_indel	synonymous	any	0.001	individuals	8	3876	control_cohort	99	45082		0.94	odds_ratio		0.394	1.93	1.0	fisher_exact			cnchd;ddd;nottingham	ukbb		audain2026_sd3
PMID:42230622	HGNC:20869	nonsyndromic		snv_indel	lof	any	0.001	individuals	0	2405	control_cohort	1	45082		0.0	odds_ratio		0.0	722.81	1.0	fisher_exact			cnchd;ddd;nottingham	ukbb		audain2026_sd3
PMID:42230622	HGNC:20869	nonsyndromic		snv_indel	missense_damaging	any	0.001	individuals	1	2405	control_cohort	15	45082		1.2498	odds_ratio		0.029675	8.1303	0.56469	fisher_exact			cnchd;ddd;nottingham	ukbb		audain2026_sd3
PMID:42230622	HGNC:20869	nonsyndromic		snv_indel	synonymous	any	0.001	individuals	4	2405	control_cohort	99	45082		0.75697	odds_ratio		0.2021	2.0027	0.82079	fisher_exact			cnchd;ddd;nottingham	ukbb		audain2026_sd3
PMID:42230622	HGNC:20869	syndromic		snv_indel	lof	any	0.001	individuals	0	1471	control_cohort	1	45082		0.0	odds_ratio		0.0	1170.0	1.0	fisher_exact			cnchd;ddd;nottingham	ukbb		audain2026_sd3
PMID:42230622	HGNC:20869	syndromic		snv_indel	missense_damaging	any	0.001	individuals	0	1471	control_cohort	15	45082		0.0	odds_ratio		0.0	8.55	1.0	fisher_exact			cnchd;ddd;nottingham	ukbb		audain2026_sd3
PMID:42230622	HGNC:20869	syndromic		snv_indel	synonymous	any	0.001	individuals	4	1471	control_cohort	99	45082		1.24	odds_ratio		0.331	3.28	0.57	fisher_exact			cnchd;ddd;nottingham	ukbb		audain2026_sd3
PMID:34324492	HGNC:21316	all		cnv_deletion	lof	any	0.01	individuals	13	7107	control_cohort	0	14040							9.999e-05	permutation	0.00059994	familywise_permutation	decipher;isca;signature;taa_cases	gain_controls;ottawa_controls;wtccc_controls	Cases combine congenital heart disease with 777 sporadic thoracic aortic aneurysm probands (of 7,958 contributing individuals); the study reports the CHD-only contribution separately for significant genes. A carrier is an individual with a rare deletion (MAF below 0.01) overlapping the gene.	audain2021_s6
PMID:42230622	HGNC:21316	all		snv_indel	lof	any	0.001	individuals	5	3876	control_cohort	1	45082		58.2	odds_ratio		6.51	2710.0	1.74e-05	fisher_exact			cnchd;ddd;nottingham	ukbb		audain2026_sd3
PMID:42230622	HGNC:21316	all		snv_indel	missense_damaging	any	0.001	individuals	3	3876	control_cohort	6	45082		5.82	odds_ratio		0.941	27.3	0.029	fisher_exact			cnchd;ddd;nottingham	ukbb		audain2026_sd3
PMID:42230622	HGNC:21316	all		snv_indel	synonymous	any	0.001	individuals	54	3876	control_cohort	552	45082		1.14	odds_ratio		0.844	1.51	0.363	fisher_exact			cnchd;ddd;nottingham	ukbb		audain2026_sd3
PMID:42230622	HGNC:21316	nonsyndromic		snv_indel	lof	any	0.001	individuals	2	2405	control_cohort	1	45082		37.511	odds_ratio		1.9521	2176.3	0.0074323	fisher_exact			cnchd;ddd;nottingham	ukbb		audain2026_sd3
PMID:42230622	HGNC:21316	nonsyndromic		snv_indel	missense_damaging	any	0.001	individuals	3	2405	control_cohort	6	45082		9.3824	odds_ratio		1.5173	43.935	0.0086553	fisher_exact			cnchd;ddd;nottingham	ukbb		audain2026_sd3
PMID:42230622	HGNC:21316	nonsyndromic		snv_indel	synonymous	any	0.001	individuals	32	2405	control_cohort	552	45082		1.0878	odds_ratio		0.73495	1.5584	0.6344	fisher_exact			cnchd;ddd;nottingham	ukbb		audain2026_sd3
PMID:42230622	HGNC:21316	syndromic		snv_indel	lof	any	0.001	individuals	3	1471	control_cohort	1	45082		92.3	odds_ratio		7.39	4660.0	0.000123	fisher_exact			cnchd;ddd;nottingham	ukbb		audain2026_sd3
PMID:42230622	HGNC:21316	syndromic		snv_indel	missense_damaging	any	0.001	individuals	0	1471	control_cohort	6	45082		0.0	odds_ratio		0.0	26.0	1.0	fisher_exact			cnchd;ddd;nottingham	ukbb		audain2026_sd3
PMID:42230622	HGNC:21316	syndromic		snv_indel	synonymous	any	0.001	individuals	22	1471	control_cohort	552	45082		1.22	odds_ratio		0.759	1.88	0.336	fisher_exact			cnchd;ddd;nottingham	ukbb		audain2026_sd3
PMID:34324492	HGNC:2198	all		cnv_deletion	lof	any	0.01	individuals	3	7107	control_cohort	0	14040							0.0408959	permutation	1.0	familywise_permutation	decipher;isca;signature;taa_cases	gain_controls;ottawa_controls;wtccc_controls	Cases combine congenital heart disease with 777 sporadic thoracic aortic aneurysm probands (of 7,958 contributing individuals); the study reports the CHD-only contribution separately for significant genes. A carrier is an individual with a rare deletion (MAF below 0.01) overlapping the gene.	audain2021_s6
PMID:42230622	HGNC:2198	all		snv_indel	lof	any	0.001	individuals	2	3876	control_cohort	0	45082			odds_ratio	unbounded_above	2.18		0.00627	fisher_exact			cnchd;ddd;nottingham	ukbb		audain2026_sd3
PMID:42230622	HGNC:2198	all		snv_indel	missense_damaging	any	0.001	individuals	16	3876	control_cohort	111	45082		1.68	odds_ratio		0.927	2.85	0.0671	fisher_exact			cnchd;ddd;nottingham	ukbb		audain2026_sd3
PMID:42230622	HGNC:2198	all		snv_indel	synonymous	any	0.001	individuals	11	3876	control_cohort	240	45082		0.532	odds_ratio		0.262	0.97	0.0346	fisher_exact			cnchd;ddd;nottingham	ukbb		audain2026_sd3
PMID:42230622	HGNC:2198	nonsyndromic		snv_indel	missense_damaging	any	0.001	individuals	10	2405	control_cohort	111	45082		1.6916	odds_ratio		0.78834	3.2347	0.13929	fisher_exact			cnchd;ddd;nottingham	ukbb		audain2026_sd3
PMID:42230622	HGNC:2198	nonsyndromic		snv_indel	synonymous	any	0.001	individuals	3	2405	control_cohort	240	45082		0.23336	odds_ratio		0.047759	0.6911	0.0029318	fisher_exact			cnchd;ddd;nottingham	ukbb		audain2026_sd3
PMID:42230622	HGNC:2198	syndromic		snv_indel	lof	any	0.001	individuals	2	1471	control_cohort	0	45082			odds_ratio	unbounded_above	5.76		0.000998	fisher_exact			cnchd;ddd;nottingham	ukbb		audain2026_sd3
PMID:42230622	HGNC:2198	syndromic		snv_indel	missense_damaging	any	0.001	individuals	6	1471	control_cohort	111	45082		1.66	odds_ratio		0.595	3.74	0.189	fisher_exact			cnchd;ddd;nottingham	ukbb		audain2026_sd3
PMID:42230622	HGNC:2198	syndromic		snv_indel	synonymous	any	0.001	individuals	8	1471	control_cohort	240	45082		1.02	odds_ratio		0.435	2.05	0.856	fisher_exact			cnchd;ddd;nottingham	ukbb		audain2026_sd3
PMID:34324492	HGNC:22962	all		cnv_deletion	lof	any	0.01	individuals	2	7107	control_cohort	1	14040							0.269573	permutation	1.0	familywise_permutation	decipher;isca;signature;taa_cases	gain_controls;ottawa_controls;wtccc_controls	Cases combine congenital heart disease with 777 sporadic thoracic aortic aneurysm probands (of 7,958 contributing individuals); the study reports the CHD-only contribution separately for significant genes. A carrier is an individual with a rare deletion (MAF below 0.01) overlapping the gene.	audain2021_s6
PMID:42230622	HGNC:22962	all		snv_indel	lof	any	0.001	individuals	1	3876	control_cohort	1	45082		11.6	odds_ratio		0.148	906.0	0.152	fisher_exact			cnchd;ddd;nottingham	ukbb		audain2026_sd3
PMID:42230622	HGNC:22962	all		snv_indel	missense_damaging	any	0.001	individuals	7	3876	control_cohort	60	45082		1.36	odds_ratio		0.523	2.98	0.371	fisher_exact			cnchd;ddd;nottingham	ukbb		audain2026_sd3
PMID:42230622	HGNC:22962	all		snv_indel	synonymous	any	0.001	individuals	11	3876	control_cohort	202	45082		0.632	odds_ratio		0.31	1.16	0.161	fisher_exact			cnchd;ddd;nottingham	ukbb		audain2026_sd3
PMID:42230622	HGNC:22962	nonsyndromic		snv_indel	lof	any	0.001	individuals	0	2405	control_cohort	1	45082		0.0	odds_ratio		0.0	722.81	1.0	fisher_exact			cnchd;ddd;nottingham	ukbb		audain2026_sd3
PMID:42230622	HGNC:22962	nonsyndromic		snv_indel	missense_damaging	any	0.001	individuals	5	2405	control_cohort	60	45082		1.5632	odds_ratio		0.48942	3.8599	0.3846	fisher_exact			cnchd;ddd;nottingham	ukbb		audain2026_sd3
PMID:42230622	HGNC:22962	nonsyndromic		snv_indel	synonymous	any	0.001	individuals	8	2405	control_cohort	202	45082		0.74152	odds_ratio		0.31543	1.4917	0.52672	fisher_exact			cnchd;ddd;nottingham	ukbb		audain2026_sd3
PMID:42230622	HGNC:22962	syndromic		snv_indel	lof	any	0.001	individuals	1	1471	control_cohort	1	45082		30.7	odds_ratio		0.39	2350.0	0.0622	fisher_exact			cnchd;ddd;nottingham	ukbb		audain2026_sd3
PMID:42230622	HGNC:22962	syndromic		snv_indel	missense_damaging	any	0.001	individuals	2	1471	control_cohort	60	45082		1.02	odds_ratio		0.121	3.86	0.724	fisher_exact			cnchd;ddd;nottingham	ukbb		audain2026_sd3
PMID:42230622	HGNC:22962	syndromic		snv_indel	synonymous	any	0.001	individuals	3	1471	control_cohort	202	45082		0.454	odds_ratio		0.0927	1.35	0.226	fisher_exact			cnchd;ddd;nottingham	ukbb		audain2026_sd3
PMID:34324492	HGNC:2363	all		cnv_deletion	lof	any	0.01	individuals	110	7107	control_cohort	376	14040							1.0	permutation	1.0	familywise_permutation	decipher;isca;signature;taa_cases	gain_controls;ottawa_controls;wtccc_controls	Cases combine congenital heart disease with 777 sporadic thoracic aortic aneurysm probands (of 7,958 contributing individuals); the study reports the CHD-only contribution separately for significant genes. A carrier is an individual with a rare deletion (MAF below 0.01) overlapping the gene.	audain2021_s6
PMID:42230622	HGNC:2363	all		snv_indel	lof	any	0.001	individuals	0	3876	control_cohort	1	45082		0.0	odds_ratio		0.0	450.0	1.0	fisher_exact			cnchd;ddd;nottingham	ukbb		audain2026_sd3
PMID:42230622	HGNC:2363	all		snv_indel	missense_damaging	any	0.001	individuals	0	3876	control_cohort	12	45082		0.0	odds_ratio		0.0	4.19	0.616	fisher_exact			cnchd;ddd;nottingham	ukbb		audain2026_sd3
PMID:42230622	HGNC:2363	all		snv_indel	synonymous	any	0.001	individuals	2	3876	control_cohort	30	45082		0.775	odds_ratio		0.0897	3.06	1.0	fisher_exact			cnchd;ddd;nottingham	ukbb		audain2026_sd3
PMID:42230622	HGNC:2363	nonsyndromic		snv_indel	lof	any	0.001	individuals	0	2405	control_cohort	1	45082		0.0	odds_ratio		0.0	722.81	1.0	fisher_exact			cnchd;ddd;nottingham	ukbb		audain2026_sd3
PMID:42230622	HGNC:2363	nonsyndromic		snv_indel	missense_damaging	any	0.001	individuals	0	2405	control_cohort	12	45082		0.0	odds_ratio		0.0	6.75	1.0	fisher_exact			cnchd;ddd;nottingham	ukbb		audain2026_sd3
PMID:42230622	HGNC:2363	nonsyndromic		snv_indel	synonymous	any	0.001	individuals	0	2405	control_cohort	30	45082		0.0	odds_ratio		0.0	2.4529	0.40292	fisher_exact			cnchd;ddd;nottingham	ukbb		audain2026_sd3
PMID:42230622	HGNC:2363	syndromic		snv_indel	lof	any	0.001	individuals	0	1471	control_cohort	1	45082		0.0	odds_ratio		0.0	1170.0	1.0	fisher_exact			cnchd;ddd;nottingham	ukbb		audain2026_sd3
PMID:42230622	HGNC:2363	syndromic		snv_indel	missense_damaging	any	0.001	individuals	0	1471	control_cohort	12	45082		0.0	odds_ratio		0.0	11.0	1.0	fisher_exact			cnchd;ddd;nottingham	ukbb		audain2026_sd3
PMID:42230622	HGNC:2363	syndromic		snv_indel	synonymous	any	0.001	individuals	2	1471	control_cohort	30	45082		2.04	odds_ratio		0.237	8.07	0.268	fisher_exact			cnchd;ddd;nottingham	ukbb		audain2026_sd3
PMID:42230622	HGNC:23688	all		snv_indel	lof	any	0.001	individuals	0	3876	control_cohort	1	45082		0.0	odds_ratio		0.0	450.0	1.0	fisher_exact			cnchd;ddd;nottingham	ukbb		audain2026_sd3
PMID:42230622	HGNC:23688	all		snv_indel	missense_damaging	any	0.001	individuals	3	3876	control_cohort	36	45082		0.969	odds_ratio		0.191	3.07	1.0	fisher_exact			cnchd;ddd;nottingham	ukbb		audain2026_sd3
PMID:42230622	HGNC:23688	all		snv_indel	synonymous	any	0.001	individuals	10	3876	control_cohort	236	45082		0.492	odds_ratio		0.232	0.921	0.0236	fisher_exact			cnchd;ddd;nottingham	ukbb		audain2026_sd3
PMID:42230622	HGNC:23688	nonsyndromic		snv_indel	lof	any	0.001	individuals	0	2405	control_cohort	1	45082		0.0	odds_ratio		0.0	722.81	1.0	fisher_exact			cnchd;ddd;nottingham	ukbb		audain2026_sd3
PMID:42230622	HGNC:23688	nonsyndromic		snv_indel	missense_damaging	any	0.001	individuals	3	2405	control_cohort	36	45082		1.5628	odds_ratio		0.3077	4.9514	0.44798	fisher_exact			cnchd;ddd;nottingham	ukbb		audain2026_sd3
PMID:42230622	HGNC:23688	nonsyndromic		snv_indel	synonymous	any	0.001	individuals	6	2405	control_cohort	236	45082		0.47527	odds_ratio		0.17249	1.0516	0.075583	fisher_exact			cnchd;ddd;nottingham	ukbb		audain2026_sd3
PMID:42230622	HGNC:23688	syndromic		snv_indel	lof	any	0.001	individuals	0	1471	control_cohort	1	45082		0.0	odds_ratio		0.0	1170.0	1.0	fisher_exact			cnchd;ddd;nottingham	ukbb		audain2026_sd3
PMID:42230622	HGNC:23688	syndromic		snv_indel	missense_damaging	any	0.001	individuals	0	1471	control_cohort	36	45082		0.0	odds_ratio		0.0	3.31	0.63	fisher_exact			cnchd;ddd;nottingham	ukbb		audain2026_sd3
PMID:42230622	HGNC:23688	syndromic		snv_indel	synonymous	any	0.001	individuals	4	1471	control_cohort	236	45082		0.518	odds_ratio		0.14	1.35	0.262	fisher_exact			cnchd;ddd;nottingham	ukbb		audain2026_sd3
PMID:34324492	HGNC:24098	all		cnv_deletion	lof	any	0.01	individuals	7	7107	control_cohort	13	14040							0.550145	permutation	1.0	familywise_permutation	decipher;isca;signature;taa_cases	gain_controls;ottawa_controls;wtccc_controls	Cases combine congenital heart disease with 777 sporadic thoracic aortic aneurysm probands (of 7,958 contributing individuals); the study reports the CHD-only contribution separately for significant genes. A carrier is an individual with a rare deletion (MAF below 0.01) overlapping the gene.	audain2021_s6
PMID:42230622	HGNC:24098	all		snv_indel	lof	any	0.001	individuals	0	3876	control_cohort	11	45082		0.0	odds_ratio		0.0	4.64	1.0	fisher_exact			cnchd;ddd;nottingham	ukbb		audain2026_sd3
PMID:42230622	HGNC:24098	all		snv_indel	missense_damaging	any	0.001	individuals	0	3876	control_cohort	21	45082		0.0	odds_ratio		0.0	2.23	0.406	fisher_exact			cnchd;ddd;nottingham	ukbb		audain2026_sd3
PMID:42230622	HGNC:24098	all		snv_indel	synonymous	any	0.001	individuals	7	3876	control_cohort	151	45082		0.538	odds_ratio		0.213	1.14	0.137	fisher_exact			cnchd;ddd;nottingham	ukbb		audain2026_sd3
PMID:42230622	HGNC:24098	nonsyndromic		snv_indel	lof	any	0.001	individuals	0	2405	control_cohort	11	45082		0.0	odds_ratio		0.0	7.4732	1.0	fisher_exact			cnchd;ddd;nottingham	ukbb		audain2026_sd3
PMID:42230622	HGNC:24098	nonsyndromic		snv_indel	missense_damaging	any	0.001	individuals	0	2405	control_cohort	21	45082		0.0	odds_ratio		0.0	3.6009	0.6238	fisher_exact			cnchd;ddd;nottingham	ukbb		audain2026_sd3
PMID:42230622	HGNC:24098	nonsyndromic		snv_indel	synonymous	any	0.001	individuals	5	2405	control_cohort	151	45082		0.61991	odds_ratio		0.19823	1.4809	0.36162	fisher_exact			cnchd;ddd;nottingham	ukbb		audain2026_sd3
PMID:42230622	HGNC:24098	syndromic		snv_indel	lof	any	0.001	individuals	0	1471	control_cohort	11	45082		0.0	odds_ratio		0.0	12.2	1.0	fisher_exact			cnchd;ddd;nottingham	ukbb		audain2026_sd3
PMID:42230622	HGNC:24098	syndromic		snv_indel	missense_damaging	any	0.001	individuals	0	1471	control_cohort	21	45082		0.0	odds_ratio		0.0	5.89	1.0	fisher_exact			cnchd;ddd;nottingham	ukbb		audain2026_sd3
PMID:42230622	HGNC:24098	syndromic		snv_indel	synonymous	any	0.001	individuals	2	1471	control_cohort	151	45082		0.405	odds_ratio		0.0486	1.49	0.248	fisher_exact			cnchd;ddd;nottingham	ukbb		audain2026_sd3
PMID:42230622	HGNC:24595	all		snv_indel	lof	any	0.001	individuals	1	3876	control_cohort	3	45082		3.88	odds_ratio		0.0738	48.2	0.281	fisher_exact			cnchd;ddd;nottingham	ukbb		audain2026_sd3
PMID:42230622	HGNC:24595	all		snv_indel	missense_damaging	any	0.001	individuals	1	3876	control_cohort	11	45082		1.06	odds_ratio		0.0246	7.28	1.0	fisher_exact			cnchd;ddd;nottingham	ukbb		audain2026_sd3
PMID:42230622	HGNC:24595	all		snv_indel	synonymous	any	0.001	individuals	5	3876	control_cohort	28	45082		2.08	odds_ratio		0.626	5.46	0.182	fisher_exact			cnchd;ddd;nottingham	ukbb		audain2026_sd3
PMID:42230622	HGNC:24595	nonsyndromic		snv_indel	lof	any	0.001	individuals	0	2405	control_cohort	3	45082		0.0	odds_ratio		0.0	45.313	1.0	fisher_exact			cnchd;ddd;nottingham	ukbb		audain2026_sd3
PMID:42230622	HGNC:24595	nonsyndromic		snv_indel	missense_damaging	any	0.001	individuals	1	2405	control_cohort	11	45082		1.7044	odds_ratio		0.039581	11.734	0.46407	fisher_exact			cnchd;ddd;nottingham	ukbb		audain2026_sd3
PMID:42230622	HGNC:24595	nonsyndromic		snv_indel	synonymous	any	0.001	individuals	3	2405	control_cohort	28	45082		2.0096	odds_ratio		0.39072	6.5132	0.2059	fisher_exact			cnchd;ddd;nottingham	ukbb		audain2026_sd3
PMID:42230622	HGNC:24595	syndromic		snv_indel	lof	any	0.001	individuals	1	1471	control_cohort	3	45082		10.2	odds_ratio		0.195	127.0	0.121	fisher_exact			cnchd;ddd;nottingham	ukbb		audain2026_sd3
PMID:42230622	HGNC:24595	syndromic		snv_indel	missense_damaging	any	0.001	individuals	0	1471	control_cohort	11	45082		0.0	odds_ratio		0.0	12.2	1.0	fisher_exact			cnchd;ddd;nottingham	ukbb		audain2026_sd3
PMID:42230622	HGNC:24595	syndromic		snv_indel	synonymous	any	0.001	individuals	2	1471	control_cohort	28	45082		2.19	odds_ratio		0.253	8.7	0.245	fisher_exact			cnchd;ddd;nottingham	ukbb		audain2026_sd3
PMID:34324492	HGNC:2469	all		cnv_deletion	lof	any	0.01	individuals	1	7107	control_cohort	0	14040							0.339966	permutation	1.0	familywise_permutation	decipher;isca;signature;taa_cases	gain_controls;ottawa_controls;wtccc_controls	Cases combine congenital heart disease with 777 sporadic thoracic aortic aneurysm probands (of 7,958 contributing individuals); the study reports the CHD-only contribution separately for significant genes. A carrier is an individual with a rare deletion (MAF below 0.01) overlapping the gene.	audain2021_s6
PMID:42230622	HGNC:2469	all		snv_indel	missense_damaging	any	0.001	individuals	2	3876	control_cohort	28	45082		0.831	odds_ratio		0.0959	3.3	1.0	fisher_exact			cnchd;ddd;nottingham	ukbb		audain2026_sd3
PMID:42230622	HGNC:2469	all		snv_indel	synonymous	any	0.001	individuals	2	3876	control_cohort	10	45082		2.33	odds_ratio		0.248	10.9	0.245	fisher_exact			cnchd;ddd;nottingham	ukbb		audain2026_sd3
PMID:42230622	HGNC:2469	nonsyndromic		snv_indel	missense_damaging	any	0.001	individuals	0	2405	control_cohort	28	45082		0.0	odds_ratio		0.0	2.64	0.40028	fisher_exact			cnchd;ddd;nottingham	ukbb		audain2026_sd3
PMID:42230622	HGNC:2469	nonsyndromic		snv_indel	synonymous	any	0.001	individuals	2	2405	control_cohort	10	45082		3.7509	odds_ratio		0.39941	17.624	0.1209	fisher_exact			cnchd;ddd;nottingham	ukbb		audain2026_sd3
PMID:42230622	HGNC:2469	syndromic		snv_indel	missense_damaging	any	0.001	individuals	2	1471	control_cohort	28	45082		2.19	odds_ratio		0.253	8.7	0.245	fisher_exact			cnchd;ddd;nottingham	ukbb		audain2026_sd3
PMID:42230622	HGNC:2469	syndromic		snv_indel	synonymous	any	0.001	individuals	0	1471	control_cohort	10	45082		0.0	odds_ratio		0.0	13.7	1.0	fisher_exact			cnchd;ddd;nottingham	ukbb		audain2026_sd3
PMID:34324492	HGNC:2488	all		cnv_deletion	lof	any	0.01	individuals	10	7107	control_cohort	0	14040							9.999e-05	permutation	0.0120988	familywise_permutation	decipher;isca;signature;taa_cases	gain_controls;ottawa_controls;wtccc_controls	Cases combine congenital heart disease with 777 sporadic thoracic aortic aneurysm probands (of 7,958 contributing individuals); the study reports the CHD-only contribution separately for significant genes. A carrier is an individual with a rare deletion (MAF below 0.01) overlapping the gene.	audain2021_s6
PMID:42230622	HGNC:2488	all		snv_indel	lof	any	0.001	individuals	2	3876	control_cohort	1	45082		23.3	odds_ratio		1.21	1360.0	0.0178	fisher_exact			cnchd;ddd;nottingham	ukbb		audain2026_sd3
PMID:42230622	HGNC:2488	all		snv_indel	missense_damaging	any	0.001	individuals	5	3876	control_cohort	25	45082		2.33	odds_ratio		0.696	6.2	0.0843	fisher_exact			cnchd;ddd;nottingham	ukbb		audain2026_sd3
PMID:42230622	HGNC:2488	all		snv_indel	synonymous	any	0.001	individuals	2	3876	control_cohort	70	45082		0.332	odds_ratio		0.0394	1.25	0.125	fisher_exact			cnchd;ddd;nottingham	ukbb		audain2026_sd3
PMID:42230622	HGNC:2488	nonsyndromic		snv_indel	lof	any	0.001	individuals	2	2405	control_cohort	1	45082		37.511	odds_ratio		1.9521	2176.3	0.0074323	fisher_exact			cnchd;ddd;nottingham	ukbb		audain2026_sd3
PMID:42230622	HGNC:2488	nonsyndromic		snv_indel	missense_damaging	any	0.001	individuals	4	2405	control_cohort	25	45082		3.0024	odds_ratio		0.7588	8.7047	0.056847	fisher_exact			cnchd;ddd;nottingham	ukbb		audain2026_sd3
PMID:42230622	HGNC:2488	nonsyndromic		snv_indel	synonymous	any	0.001	individuals	1	2405	control_cohort	70	45082		0.26749	odds_ratio		0.0066783	1.5414	0.26942	fisher_exact			cnchd;ddd;nottingham	ukbb		audain2026_sd3
PMID:42230622	HGNC:2488	syndromic		snv_indel	lof	any	0.001	individuals	0	1471	control_cohort	1	45082		0.0	odds_ratio		0.0	1170.0	1.0	fisher_exact			cnchd;ddd;nottingham	ukbb		audain2026_sd3
PMID:42230622	HGNC:2488	syndromic		snv_indel	missense_damaging	any	0.001	individuals	1	1471	control_cohort	25	45082		1.23	odds_ratio		0.0298	7.5	0.566	fisher_exact			cnchd;ddd;nottingham	ukbb		audain2026_sd3
PMID:42230622	HGNC:2488	syndromic		snv_indel	synonymous	any	0.001	individuals	1	1471	control_cohort	70	45082		0.437	odds_ratio		0.0109	2.52	0.729	fisher_exact			cnchd;ddd;nottingham	ukbb		audain2026_sd3
PMID:34324492	HGNC:2511	all		cnv_deletion	lof	any	0.01	individuals	64	7107	control_cohort	324	14040							1.0	permutation	1.0	familywise_permutation	decipher;isca;signature;taa_cases	gain_controls;ottawa_controls;wtccc_controls	Cases combine congenital heart disease with 777 sporadic thoracic aortic aneurysm probands (of 7,958 contributing individuals); the study reports the CHD-only contribution separately for significant genes. A carrier is an individual with a rare deletion (MAF below 0.01) overlapping the gene.	audain2021_s6
PMID:42230622	HGNC:2511	all		snv_indel	lof	any	0.001	individuals	4	3876	control_cohort	15	45082		3.1	odds_ratio		0.749	9.75	0.0583	fisher_exact			cnchd;ddd;nottingham	ukbb		audain2026_sd3
PMID:42230622	HGNC:2511	all		snv_indel	missense_damaging	any	0.001	individuals	3	3876	control_cohort	44	45082		0.793	odds_ratio		0.157	2.48	1.0	fisher_exact			cnchd;ddd;nottingham	ukbb		audain2026_sd3
PMID:42230622	HGNC:2511	all		snv_indel	synonymous	any	0.001	individuals	14	3876	control_cohort	97	45082		1.68	odds_ratio		0.885	2.96	0.0763	fisher_exact			cnchd;ddd;nottingham	ukbb		audain2026_sd3
PMID:42230622	HGNC:2511	nonsyndromic		snv_indel	lof	any	0.001	individuals	4	2405	control_cohort	15	45082		5.0049	odds_ratio		1.2082	15.725	0.013804	fisher_exact			cnchd;ddd;nottingham	ukbb		audain2026_sd3
PMID:42230622	HGNC:2511	nonsyndromic		snv_indel	missense_damaging	any	0.001	individuals	1	2405	control_cohort	44	45082		0.42579	odds_ratio		0.010542	2.5018	0.72816	fisher_exact			cnchd;ddd;nottingham	ukbb		audain2026_sd3
PMID:42230622	HGNC:2511	nonsyndromic		snv_indel	synonymous	any	0.001	individuals	11	2405	control_cohort	97	45082		2.1308	odds_ratio		1.0282	3.991	0.024713	fisher_exact			cnchd;ddd;nottingham	ukbb		audain2026_sd3
PMID:42230622	HGNC:2511	syndromic		snv_indel	lof	any	0.001	individuals	0	1471	control_cohort	15	45082		0.0	odds_ratio		0.0	8.55	1.0	fisher_exact			cnchd;ddd;nottingham	ukbb		audain2026_sd3
PMID:42230622	HGNC:2511	syndromic		snv_indel	missense_damaging	any	0.001	individuals	2	1471	control_cohort	44	45082		1.39	odds_ratio		0.164	5.35	0.657	fisher_exact			cnchd;ddd;nottingham	ukbb		audain2026_sd3
PMID:42230622	HGNC:2511	syndromic		snv_indel	synonymous	any	0.001	individuals	3	1471	control_cohort	97	45082		0.948	odds_ratio		0.192	2.86	1.0	fisher_exact			cnchd;ddd;nottingham	ukbb		audain2026_sd3
PMID:34324492	HGNC:25636	all		cnv_deletion	lof	any	0.01	individuals	4	7107	control_cohort	11	14040							1.0	permutation	1.0	familywise_permutation	decipher;isca;signature;taa_cases	gain_controls;ottawa_controls;wtccc_controls	Cases combine congenital heart disease with 777 sporadic thoracic aortic aneurysm probands (of 7,958 contributing individuals); the study reports the CHD-only contribution separately for significant genes. A carrier is an individual with a rare deletion (MAF below 0.01) overlapping the gene.	audain2021_s6
PMID:42230622	HGNC:25636	all		snv_indel	lof	any	0.001	individuals	3	3876	control_cohort	17	45082		2.05	odds_ratio		0.385	7.1	0.208	fisher_exact			cnchd;ddd;nottingham	ukbb		audain2026_sd3
PMID:42230622	HGNC:25636	all		snv_indel	missense_damaging	any	0.001	individuals	3	3876	control_cohort	32	45082		1.09	odds_ratio		0.214	3.49	0.755	fisher_exact			cnchd;ddd;nottingham	ukbb		audain2026_sd3
PMID:42230622	HGNC:25636	all		snv_indel	synonymous	any	0.001	individuals	6	3876	control_cohort	77	45082		0.906	odds_ratio		0.322	2.07	1.0	fisher_exact			cnchd;ddd;nottingham	ukbb		audain2026_sd3
PMID:42230622	HGNC:25636	nonsyndromic		snv_indel	lof	any	0.001	individuals	1	2405	control_cohort	17	45082		1.1027	odds_ratio		0.026375	7.0431	0.60768	fisher_exact			cnchd;ddd;nottingham	ukbb		audain2026_sd3
PMID:42230622	HGNC:25636	nonsyndromic		snv_indel	missense_damaging	any	0.001	individuals	2	2405	control_cohort	32	45082		1.1717	odds_ratio		0.13598	4.5974	0.69011	fisher_exact			cnchd;ddd;nottingham	ukbb		audain2026_sd3
PMID:42230622	HGNC:25636	nonsyndromic		snv_indel	synonymous	any	0.001	individuals	4	2405	control_cohort	77	45082		0.97373	odds_ratio		0.25854	2.5991	1.0	fisher_exact			cnchd;ddd;nottingham	ukbb		audain2026_sd3
PMID:42230622	HGNC:25636	syndromic		snv_indel	lof	any	0.001	individuals	2	1471	control_cohort	17	45082		3.61	odds_ratio		0.404	15.2	0.12	fisher_exact			cnchd;ddd;nottingham	ukbb		audain2026_sd3
PMID:42230622	HGNC:25636	syndromic		snv_indel	missense_damaging	any	0.001	individuals	1	1471	control_cohort	32	45082		0.958	odds_ratio		0.0235	5.74	1.0	fisher_exact			cnchd;ddd;nottingham	ukbb		audain2026_sd3
PMID:42230622	HGNC:25636	syndromic		snv_indel	synonymous	any	0.001	individuals	2	1471	control_cohort	77	45082		0.796	odds_ratio		0.0946	2.98	1.0	fisher_exact			cnchd;ddd;nottingham	ukbb		audain2026_sd3
PMID:34324492	HGNC:26002	all		cnv_deletion	lof	any	0.01	individuals	5	7107	control_cohort	31	14040							1.0	permutation	1.0	familywise_permutation	decipher;isca;signature;taa_cases	gain_controls;ottawa_controls;wtccc_controls	Cases combine congenital heart disease with 777 sporadic thoracic aortic aneurysm probands (of 7,958 contributing individuals); the study reports the CHD-only contribution separately for significant genes. A carrier is an individual with a rare deletion (MAF below 0.01) overlapping the gene.	audain2021_s6
PMID:42230622	HGNC:26002	all		snv_indel	lof	any	0.001	individuals	1	3876	control_cohort	3	45082		3.88	odds_ratio		0.0738	48.2	0.281	fisher_exact			cnchd;ddd;nottingham	ukbb		audain2026_sd3
PMID:42230622	HGNC:26002	all		snv_indel	missense_damaging	any	0.001	individuals	3	3876	control_cohort	45	45082		0.775	odds_ratio		0.154	2.42	1.0	fisher_exact			cnchd;ddd;nottingham	ukbb		audain2026_sd3
PMID:42230622	HGNC:26002	all		snv_indel	synonymous	any	0.001	individuals	22	3876	control_cohort	246	45082		1.04	odds_ratio		0.639	1.61	0.82	fisher_exact			cnchd;ddd;nottingham	ukbb		audain2026_sd3
PMID:42230622	HGNC:26002	nonsyndromic		snv_indel	lof	any	0.001	individuals	1	2405	control_cohort	3	45082		6.2499	odds_ratio		0.11902	77.866	0.18771	fisher_exact			cnchd;ddd;nottingham	ukbb		audain2026_sd3
PMID:42230622	HGNC:26002	nonsyndromic		snv_indel	missense_damaging	any	0.001	individuals	2	2405	control_cohort	45	45082		0.83298	odds_ratio		0.097826	3.1922	1.0	fisher_exact			cnchd;ddd;nottingham	ukbb		audain2026_sd3
PMID:42230622	HGNC:26002	nonsyndromic		snv_indel	synonymous	any	0.001	individuals	16	2405	control_cohort	246	45082		1.2207	odds_ratio		0.68569	2.0266	0.39739	fisher_exact			cnchd;ddd;nottingham	ukbb		audain2026_sd3
PMID:42230622	HGNC:26002	syndromic		snv_indel	lof	any	0.001	individuals	0	1471	control_cohort	3	45082		0.0	odds_ratio		0.0	74.2	1.0	fisher_exact			cnchd;ddd;nottingham	ukbb		audain2026_sd3
PMID:42230622	HGNC:26002	syndromic		snv_indel	missense_damaging	any	0.001	individuals	1	1471	control_cohort	45	45082		0.681	odds_ratio		0.0169	4.0	1.0	fisher_exact			cnchd;ddd;nottingham	ukbb		audain2026_sd3
PMID:42230622	HGNC:26002	syndromic		snv_indel	synonymous	any	0.001	individuals	6	1471	control_cohort	246	45082		0.746	odds_ratio		0.271	1.65	0.59	fisher_exact			cnchd;ddd;nottingham	ukbb		audain2026_sd3
PMID:42230622	HGNC:26383	all		snv_indel	lof	any	0.001	individuals	1	3876	control_cohort	13	45082		0.895	odds_ratio		0.021	5.96	1.0	fisher_exact			cnchd;ddd;nottingham	ukbb		audain2026_sd3
PMID:42230622	HGNC:26383	all		snv_indel	missense_damaging	any	0.001	individuals	1	3876	control_cohort	26	45082		0.447	odds_ratio		0.0109	2.72	0.72	fisher_exact			cnchd;ddd;nottingham	ukbb		audain2026_sd3
PMID:42230622	HGNC:26383	all		snv_indel	synonymous	any	0.001	individuals	6	3876	control_cohort	54	45082		1.29	odds_ratio		0.454	3.0	0.475	fisher_exact			cnchd;ddd;nottingham	ukbb		audain2026_sd3
PMID:42230622	HGNC:26383	nonsyndromic		snv_indel	lof	any	0.001	individuals	1	2405	control_cohort	13	45082		1.4421	odds_ratio		0.03392	9.6105	0.51699	fisher_exact			cnchd;ddd;nottingham	ukbb		audain2026_sd3
PMID:42230622	HGNC:26383	nonsyndromic		snv_indel	missense_damaging	any	0.001	individuals	0	2405	control_cohort	26	45082		0.0	odds_ratio		0.0	2.8579	0.64082	fisher_exact			cnchd;ddd;nottingham	ukbb		audain2026_sd3
PMID:42230622	HGNC:26383	nonsyndromic		snv_indel	synonymous	any	0.001	individuals	2	2405	control_cohort	54	45082		0.69401	odds_ratio		0.081909	2.6341	1.0	fisher_exact			cnchd;ddd;nottingham	ukbb		audain2026_sd3
PMID:42230622	HGNC:26383	syndromic		snv_indel	lof	any	0.001	individuals	0	1471	control_cohort	13	45082		0.0	odds_ratio		0.0	10.1	1.0	fisher_exact			cnchd;ddd;nottingham	ukbb		audain2026_sd3
PMID:42230622	HGNC:26383	syndromic		snv_indel	missense_damaging	any	0.001	individuals	1	1471	control_cohort	26	45082		1.18	odds_ratio		0.0287	7.19	0.58	fisher_exact			cnchd;ddd;nottingham	ukbb		audain2026_sd3
PMID:42230622	HGNC:26383	syndromic		snv_indel	synonymous	any	0.001	individuals	4	1471	control_cohort	54	45082		2.27	odds_ratio		0.597	6.18	0.111	fisher_exact			cnchd;ddd;nottingham	ukbb		audain2026_sd3
PMID:34324492	HGNC:26530	all		cnv_deletion	lof	any	0.01	individuals	0	7107	control_cohort	1	14040							1.0	permutation	1.0	familywise_permutation	decipher;isca;signature;taa_cases	gain_controls;ottawa_controls;wtccc_controls	Cases combine congenital heart disease with 777 sporadic thoracic aortic aneurysm probands (of 7,958 contributing individuals); the study reports the CHD-only contribution separately for significant genes. A carrier is an individual with a rare deletion (MAF below 0.01) overlapping the gene.	audain2021_s6
PMID:42230622	HGNC:26530	all		snv_indel	lof	any	0.001	individuals	0	3876	control_cohort	14	45082		0.0	odds_ratio		0.0	3.51	0.621	fisher_exact			cnchd;ddd;nottingham	ukbb		audain2026_sd3
PMID:42230622	HGNC:26530	all		snv_indel	missense_damaging	any	0.001	individuals	0	3876	control_cohort	1	45082		0.0	odds_ratio		0.0	450.0	1.0	fisher_exact			cnchd;ddd;nottingham	ukbb		audain2026_sd3
PMID:42230622	HGNC:26530	all		snv_indel	synonymous	any	0.001	individuals	1	3876	control_cohort	50	45082		0.232	odds_ratio		0.00577	1.36	0.186	fisher_exact			cnchd;ddd;nottingham	ukbb		audain2026_sd3
PMID:42230622	HGNC:26530	nonsyndromic		snv_indel	lof	any	0.001	individuals	0	2405	control_cohort	14	45082		0.0	odds_ratio		0.0	5.6535	1.0	fisher_exact			cnchd;ddd;nottingham	ukbb		audain2026_sd3
PMID:42230622	HGNC:26530	nonsyndromic		snv_indel	missense_damaging	any	0.001	individuals	0	2405	control_cohort	1	45082		0.0	odds_ratio		0.0	722.81	1.0	fisher_exact			cnchd;ddd;nottingham	ukbb		audain2026_sd3
PMID:42230622	HGNC:26530	nonsyndromic		snv_indel	synonymous	any	0.001	individuals	0	2405	control_cohort	50	45082		0.0	odds_ratio		0.0	1.4348	0.18208	fisher_exact			cnchd;ddd;nottingham	ukbb		audain2026_sd3
PMID:42230622	HGNC:26530	syndromic		snv_indel	lof	any	0.001	individuals	0	1471	control_cohort	14	45082		0.0	odds_ratio		0.0	9.24	1.0	fisher_exact			cnchd;ddd;nottingham	ukbb		audain2026_sd3
PMID:42230622	HGNC:26530	syndromic		snv_indel	missense_damaging	any	0.001	individuals	0	1471	control_cohort	1	45082		0.0	odds_ratio		0.0	1170.0	1.0	fisher_exact			cnchd;ddd;nottingham	ukbb		audain2026_sd3
PMID:42230622	HGNC:26530	syndromic		snv_indel	synonymous	any	0.001	individuals	1	1471	control_cohort	50	45082		0.613	odds_ratio		0.0152	3.58	1.0	fisher_exact			cnchd;ddd;nottingham	ukbb		audain2026_sd3
PMID:34324492	HGNC:26780	all		cnv_deletion	lof	any	0.01	individuals	3	7107	control_cohort	1	14040							0.124688	permutation	1.0	familywise_permutation	decipher;isca;signature;taa_cases	gain_controls;ottawa_controls;wtccc_controls	Cases combine congenital heart disease with 777 sporadic thoracic aortic aneurysm probands (of 7,958 contributing individuals); the study reports the CHD-only contribution separately for significant genes. A carrier is an individual with a rare deletion (MAF below 0.01) overlapping the gene.	audain2021_s6
PMID:42230622	HGNC:26780	all		snv_indel	lof	any	0.001	individuals	1	3876	control_cohort	1	45082		11.6	odds_ratio		0.148	906.0	0.152	fisher_exact			cnchd;ddd;nottingham	ukbb		audain2026_sd3
PMID:42230622	HGNC:26780	all		snv_indel	missense_damaging	any	0.001	individuals	0	3876	control_cohort	2	45082		0.0	odds_ratio		0.0	61.9	1.0	fisher_exact			cnchd;ddd;nottingham	ukbb		audain2026_sd3
PMID:42230622	HGNC:26780	all		snv_indel	synonymous	any	0.001	individuals	0	3876	control_cohort	15	45082		0.0	odds_ratio		0.0	3.24	0.626	fisher_exact			cnchd;ddd;nottingham	ukbb		audain2026_sd3
PMID:42230622	HGNC:26780	nonsyndromic		snv_indel	lof	any	0.001	individuals	1	2405	control_cohort	1	45082		18.741	odds_ratio		0.2388	1452.4	0.098727	fisher_exact			cnchd;ddd;nottingham	ukbb		audain2026_sd3
PMID:42230622	HGNC:26780	nonsyndromic		snv_indel	missense_damaging	any	0.001	individuals	0	2405	control_cohort	2	45082		0.0	odds_ratio		0.0	100.01	1.0	fisher_exact			cnchd;ddd;nottingham	ukbb		audain2026_sd3
PMID:42230622	HGNC:26780	nonsyndromic		snv_indel	synonymous	any	0.001	individuals	0	2405	control_cohort	15	45082		0.0	odds_ratio		0.0	5.2283	1.0	fisher_exact			cnchd;ddd;nottingham	ukbb		audain2026_sd3
PMID:42230622	HGNC:26780	syndromic		snv_indel	lof	any	0.001	individuals	0	1471	control_cohort	1	45082		0.0	odds_ratio		0.0	1170.0	1.0	fisher_exact			cnchd;ddd;nottingham	ukbb		audain2026_sd3
PMID:42230622	HGNC:26780	syndromic		snv_indel	missense_damaging	any	0.001	individuals	0	1471	control_cohort	2	45082		0.0	odds_ratio		0.0	163.0	1.0	fisher_exact			cnchd;ddd;nottingham	ukbb		audain2026_sd3
PMID:42230622	HGNC:26780	syndromic		snv_indel	synonymous	any	0.001	individuals	0	1471	control_cohort	15	45082		0.0	odds_ratio		0.0	8.55	1.0	fisher_exact			cnchd;ddd;nottingham	ukbb		audain2026_sd3
PMID:42230622	HGNC:28338	all		snv_indel	lof	any	0.001	individuals	0	3876	control_cohort	10	45082		0.0	odds_ratio		0.0	5.19	1.0	fisher_exact			cnchd;ddd;nottingham	ukbb		audain2026_sd3
PMID:42230622	HGNC:28338	all		snv_indel	missense_damaging	any	0.001	individuals	0	3876	control_cohort	22	45082		0.0	odds_ratio		0.0	2.12	0.414	fisher_exact			cnchd;ddd;nottingham	ukbb		audain2026_sd3
PMID:42230622	HGNC:28338	all		snv_indel	synonymous	any	0.001	individuals	12	3876	control_cohort	152	45082		0.918	odds_ratio		0.464	1.65	0.885	fisher_exact			cnchd;ddd;nottingham	ukbb		audain2026_sd3
PMID:42230622	HGNC:28338	nonsyndromic		snv_indel	lof	any	0.001	individuals	0	2405	control_cohort	10	45082		0.0	odds_ratio		0.0	8.3678	1.0	fisher_exact			cnchd;ddd;nottingham	ukbb		audain2026_sd3
PMID:42230622	HGNC:28338	nonsyndromic		snv_indel	missense_damaging	any	0.001	individuals	0	2405	control_cohort	22	45082		0.0	odds_ratio		0.0	3.4228	0.62585	fisher_exact			cnchd;ddd;nottingham	ukbb		audain2026_sd3
PMID:42230622	HGNC:28338	nonsyndromic		snv_indel	synonymous	any	0.001	individuals	7	2405	control_cohort	152	45082		0.86286	odds_ratio		0.34075	1.8244	0.85655	fisher_exact			cnchd;ddd;nottingham	ukbb		audain2026_sd3
PMID:42230622	HGNC:28338	syndromic		snv_indel	lof	any	0.001	individuals	0	1471	control_cohort	10	45082		0.0	odds_ratio		0.0	13.7	1.0	fisher_exact			cnchd;ddd;nottingham	ukbb		audain2026_sd3
PMID:42230622	HGNC:28338	syndromic		snv_indel	missense_damaging	any	0.001	individuals	0	1471	control_cohort	22	45082		0.0	odds_ratio		0.0	5.6	1.0	fisher_exact			cnchd;ddd;nottingham	ukbb		audain2026_sd3
PMID:42230622	HGNC:28338	syndromic		snv_indel	synonymous	any	0.001	individuals	5	1471	control_cohort	152	45082		1.01	odds_ratio		0.322	2.41	0.821	fisher_exact			cnchd;ddd;nottingham	ukbb		audain2026_sd3
PMID:34324492	HGNC:2897	all		cnv_deletion	lof	any	0.01	individuals	2	7107	control_cohort	9	14040							1.0	permutation	1.0	familywise_permutation	decipher;isca;signature;taa_cases	gain_controls;ottawa_controls;wtccc_controls	Cases combine congenital heart disease with 777 sporadic thoracic aortic aneurysm probands (of 7,958 contributing individuals); the study reports the CHD-only contribution separately for significant genes. A carrier is an individual with a rare deletion (MAF below 0.01) overlapping the gene.	audain2021_s6
PMID:42230622	HGNC:2897	all		snv_indel	lof	any	0.001	individuals	1	3876	control_cohort	2	45082		5.82	odds_ratio		0.0986	112.0	0.219	fisher_exact			cnchd;ddd;nottingham	ukbb		audain2026_sd3
PMID:42230622	HGNC:2897	all		snv_indel	missense_damaging	any	0.001	individuals	8	3876	control_cohort	58	45082		1.61	odds_ratio		0.661	3.38	0.247	fisher_exact			cnchd;ddd;nottingham	ukbb		audain2026_sd3
PMID:42230622	HGNC:2897	all		snv_indel	synonymous	any	0.001	individuals	21	3876	control_cohort	233	45082		1.05	odds_ratio		0.636	1.64	0.815	fisher_exact			cnchd;ddd;nottingham	ukbb		audain2026_sd3
PMID:42230622	HGNC:2897	nonsyndromic		snv_indel	lof	any	0.001	individuals	0	2405	control_cohort	2	45082		0.0	odds_ratio		0.0	100.01	1.0	fisher_exact			cnchd;ddd;nottingham	ukbb		audain2026_sd3
PMID:42230622	HGNC:2897	nonsyndromic		snv_indel	missense_damaging	any	0.001	individuals	5	2405	control_cohort	58	45082		1.6172	odds_ratio		0.5057	4.001	0.25155	fisher_exact			cnchd;ddd;nottingham	ukbb		audain2026_sd3
PMID:42230622	HGNC:2897	nonsyndromic		snv_indel	synonymous	any	0.001	individuals	14	2405	control_cohort	233	45082		1.1271	odds_ratio		0.60571	1.9334	0.66091	fisher_exact			cnchd;ddd;nottingham	ukbb		audain2026_sd3
PMID:42230622	HGNC:2897	syndromic		snv_indel	lof	any	0.001	individuals	1	1471	control_cohort	2	45082		15.3	odds_ratio		0.26	294.0	0.0918	fisher_exact			cnchd;ddd;nottingham	ukbb		audain2026_sd3
PMID:42230622	HGNC:2897	syndromic		snv_indel	missense_damaging	any	0.001	individuals	3	1471	control_cohort	58	45082		1.59	odds_ratio		0.318	4.88	0.444	fisher_exact			cnchd;ddd;nottingham	ukbb		audain2026_sd3
PMID:42230622	HGNC:2897	syndromic		snv_indel	synonymous	any	0.001	individuals	7	1471	control_cohort	233	45082		0.92	odds_ratio		0.365	1.93	1.0	fisher_exact			cnchd;ddd;nottingham	ukbb		audain2026_sd3
PMID:34324492	HGNC:29141	all		cnv_deletion	lof	any	0.01	individuals	0	7107	control_cohort	1	14040							1.0	permutation	1.0	familywise_permutation	decipher;isca;signature;taa_cases	gain_controls;ottawa_controls;wtccc_controls	Cases combine congenital heart disease with 777 sporadic thoracic aortic aneurysm probands (of 7,958 contributing individuals); the study reports the CHD-only contribution separately for significant genes. A carrier is an individual with a rare deletion (MAF below 0.01) overlapping the gene.	audain2021_s6
PMID:42230622	HGNC:29141	all		snv_indel	lof	any	0.001	individuals	0	3876	control_cohort	6	45082		0.0	odds_ratio		0.0	9.88	1.0	fisher_exact			cnchd;ddd;nottingham	ukbb		audain2026_sd3
PMID:42230622	HGNC:29141	all		snv_indel	missense_damaging	any	0.001	individuals	2	3876	control_cohort	18	45082		1.29	odds_ratio		0.145	5.4	0.67	fisher_exact			cnchd;ddd;nottingham	ukbb		audain2026_sd3
PMID:42230622	HGNC:29141	all		snv_indel	synonymous	any	0.001	individuals	4	3876	control_cohort	97	45082		0.479	odds_ratio		0.128	1.27	0.193	fisher_exact			cnchd;ddd;nottingham	ukbb		audain2026_sd3
PMID:42230622	HGNC:29141	nonsyndromic		snv_indel	lof	any	0.001	individuals	0	2405	control_cohort	6	45082		0.0	odds_ratio		0.0	15.919	1.0	fisher_exact			cnchd;ddd;nottingham	ukbb		audain2026_sd3
PMID:42230622	HGNC:29141	nonsyndromic		snv_indel	missense_damaging	any	0.001	individuals	1	2405	control_cohort	18	45082		1.0414	odds_ratio		0.024985	6.6013	1.0	fisher_exact			cnchd;ddd;nottingham	ukbb		audain2026_sd3
PMID:42230622	HGNC:29141	nonsyndromic		snv_indel	synonymous	any	0.001	individuals	2	2405	control_cohort	97	45082		0.38599	odds_ratio		0.046067	1.434	0.24591	fisher_exact			cnchd;ddd;nottingham	ukbb		audain2026_sd3
PMID:42230622	HGNC:29141	syndromic		snv_indel	lof	any	0.001	individuals	0	1471	control_cohort	6	45082		0.0	odds_ratio		0.0	26.0	1.0	fisher_exact			cnchd;ddd;nottingham	ukbb		audain2026_sd3
PMID:42230622	HGNC:29141	syndromic		snv_indel	missense_damaging	any	0.001	individuals	1	1471	control_cohort	18	45082		1.7	odds_ratio		0.0408	10.8	0.457	fisher_exact			cnchd;ddd;nottingham	ukbb		audain2026_sd3
PMID:42230622	HGNC:29141	syndromic		snv_indel	synonymous	any	0.001	individuals	2	1471	control_cohort	97	45082		0.631	odds_ratio		0.0753	2.35	0.773	fisher_exact			cnchd;ddd;nottingham	ukbb		audain2026_sd3
PMID:42230622	HGNC:29636	all		snv_indel	lof	any	0.001	individuals	1	3876	control_cohort	31	45082		0.375	odds_ratio		0.0092	2.25	0.513	fisher_exact			cnchd;ddd;nottingham	ukbb		audain2026_sd3
PMID:42230622	HGNC:29636	all		snv_indel	synonymous	any	0.001	individuals	0	3876	control_cohort	27	45082		0.0	odds_ratio		0.0	1.7	0.269	fisher_exact			cnchd;ddd;nottingham	ukbb		audain2026_sd3
PMID:42230622	HGNC:29636	nonsyndromic		snv_indel	lof	any	0.001	individuals	1	2405	control_cohort	31	45082		0.60451	odds_ratio		0.014829	3.6302	1.0	fisher_exact			cnchd;ddd;nottingham	ukbb		audain2026_sd3
PMID:42230622	HGNC:29636	nonsyndromic		snv_indel	synonymous	any	0.001	individuals	0	2405	control_cohort	27	45082		0.0	odds_ratio		0.0	2.7446	0.6459	fisher_exact			cnchd;ddd;nottingham	ukbb		audain2026_sd3
PMID:42230622	HGNC:29636	syndromic		snv_indel	lof	any	0.001	individuals	0	1471	control_cohort	31	45082		0.0	odds_ratio		0.0	3.87	0.626	fisher_exact			cnchd;ddd;nottingham	ukbb		audain2026_sd3
PMID:42230622	HGNC:29636	syndromic		snv_indel	synonymous	any	0.001	individuals	0	1471	control_cohort	27	45082		0.0	odds_ratio		0.0	4.49	1.0	fisher_exact			cnchd;ddd;nottingham	ukbb		audain2026_sd3
PMID:34324492	HGNC:29658	all		cnv_deletion	lof	any	0.01	individuals	1	7107	control_cohort	0	14040							0.343066	permutation	1.0	familywise_permutation	decipher;isca;signature;taa_cases	gain_controls;ottawa_controls;wtccc_controls	Cases combine congenital heart disease with 777 sporadic thoracic aortic aneurysm probands (of 7,958 contributing individuals); the study reports the CHD-only contribution separately for significant genes. A carrier is an individual with a rare deletion (MAF below 0.01) overlapping the gene.	audain2021_s6
PMID:42230622	HGNC:29658	all		snv_indel	lof	any	0.001	individuals	0	3876	control_cohort	22	45082		0.0	odds_ratio		0.0	2.12	0.414	fisher_exact			cnchd;ddd;nottingham	ukbb		audain2026_sd3
PMID:42230622	HGNC:29658	all		snv_indel	missense_damaging	any	0.001	individuals	0	3876	control_cohort	20	45082		0.0	odds_ratio		0.0	2.36	0.4	fisher_exact			cnchd;ddd;nottingham	ukbb		audain2026_sd3
PMID:42230622	HGNC:29658	all		snv_indel	synonymous	any	0.001	individuals	1	3876	control_cohort	43	45082		0.27	odds_ratio		0.00669	1.59	0.259	fisher_exact			cnchd;ddd;nottingham	ukbb		audain2026_sd3
PMID:42230622	HGNC:29658	nonsyndromic		snv_indel	lof	any	0.001	individuals	0	2405	control_cohort	22	45082		0.0	odds_ratio		0.0	3.4228	0.62585	fisher_exact			cnchd;ddd;nottingham	ukbb		audain2026_sd3
PMID:42230622	HGNC:29658	nonsyndromic		snv_indel	missense_damaging	any	0.001	individuals	0	2405	control_cohort	20	45082		0.0	odds_ratio		0.0	3.7979	0.6226	fisher_exact			cnchd;ddd;nottingham	ukbb		audain2026_sd3
PMID:42230622	HGNC:29658	nonsyndromic		snv_indel	synonymous	any	0.001	individuals	0	2405	control_cohort	43	45082		0.0	odds_ratio		0.0	1.6789	0.17187	fisher_exact			cnchd;ddd;nottingham	ukbb		audain2026_sd3
PMID:42230622	HGNC:29658	syndromic		snv_indel	lof	any	0.001	individuals	0	1471	control_cohort	22	45082		0.0	odds_ratio		0.0	5.6	1.0	fisher_exact			cnchd;ddd;nottingham	ukbb		audain2026_sd3
PMID:42230622	HGNC:29658	syndromic		snv_indel	missense_damaging	any	0.001	individuals	0	1471	control_cohort	20	45082		0.0	odds_ratio		0.0	6.21	1.0	fisher_exact			cnchd;ddd;nottingham	ukbb		audain2026_sd3
PMID:42230622	HGNC:29658	syndromic		snv_indel	synonymous	any	0.001	individuals	1	1471	control_cohort	43	45082		0.713	odds_ratio		0.0176	4.19	1.0	fisher_exact			cnchd;ddd;nottingham	ukbb		audain2026_sd3
PMID:34324492	HGNC:3057	all		cnv_deletion	lof	any	0.01	individuals	1	7107	control_cohort	0	14040							0.336866	permutation	1.0	familywise_permutation	decipher;isca;signature;taa_cases	gain_controls;ottawa_controls;wtccc_controls	Cases combine congenital heart disease with 777 sporadic thoracic aortic aneurysm probands (of 7,958 contributing individuals); the study reports the CHD-only contribution separately for significant genes. A carrier is an individual with a rare deletion (MAF below 0.01) overlapping the gene.	audain2021_s6
PMID:42230622	HGNC:3057	all		snv_indel	lof	any	0.001	individuals	0	3876	control_cohort	1	45082		0.0	odds_ratio		0.0	450.0	1.0	fisher_exact			cnchd;ddd;nottingham	ukbb		audain2026_sd3
PMID:42230622	HGNC:3057	all		snv_indel	missense_damaging	any	0.001	individuals	3	3876	control_cohort	24	45082		1.45	odds_ratio		0.28	4.79	0.47	fisher_exact			cnchd;ddd;nottingham	ukbb		audain2026_sd3
PMID:42230622	HGNC:3057	all		snv_indel	synonymous	any	0.001	individuals	6	3876	control_cohort	69	45082		1.01	odds_ratio		0.359	2.32	1.0	fisher_exact			cnchd;ddd;nottingham	ukbb		audain2026_sd3
PMID:42230622	HGNC:3057	nonsyndromic		snv_indel	lof	any	0.001	individuals	0	2405	control_cohort	1	45082		0.0	odds_ratio		0.0	722.81	1.0	fisher_exact			cnchd;ddd;nottingham	ukbb		audain2026_sd3
PMID:42230622	HGNC:3057	nonsyndromic		snv_indel	missense_damaging	any	0.001	individuals	2	2405	control_cohort	24	45082		1.5625	odds_ratio		0.17886	6.3005	0.38201	fisher_exact			cnchd;ddd;nottingham	ukbb		audain2026_sd3
PMID:42230622	HGNC:3057	nonsyndromic		snv_indel	synonymous	any	0.001	individuals	3	2405	control_cohort	69	45082		0.81477	odds_ratio		0.16388	2.4856	1.0	fisher_exact			cnchd;ddd;nottingham	ukbb		audain2026_sd3
PMID:42230622	HGNC:3057	syndromic		snv_indel	lof	any	0.001	individuals	0	1471	control_cohort	1	45082		0.0	odds_ratio		0.0	1170.0	1.0	fisher_exact			cnchd;ddd;nottingham	ukbb		audain2026_sd3
PMID:42230622	HGNC:3057	syndromic		snv_indel	missense_damaging	any	0.001	individuals	1	1471	control_cohort	24	45082		1.28	odds_ratio		0.031	7.84	0.552	fisher_exact			cnchd;ddd;nottingham	ukbb		audain2026_sd3
PMID:42230622	HGNC:3057	syndromic		snv_indel	synonymous	any	0.001	individuals	3	1471	control_cohort	69	45082		1.33	odds_ratio		0.268	4.07	0.497	fisher_exact			cnchd;ddd;nottingham	ukbb		audain2026_sd3
PMID:34324492	HGNC:3122	all		cnv_deletion	lof	any	0.01	individuals	0	7107	control_cohort	3	14040							1.0	permutation	1.0	familywise_permutation	decipher;isca;signature;taa_cases	gain_controls;ottawa_controls;wtccc_controls	Cases combine congenital heart disease with 777 sporadic thoracic aortic aneurysm probands (of 7,958 contributing individuals); the study reports the CHD-only contribution separately for significant genes. A carrier is an individual with a rare deletion (MAF below 0.01) overlapping the gene.	audain2021_s6
PMID:34324492	HGNC:3227	all		cnv_deletion	lof	any	0.01	individuals	12	7107	control_cohort	1	14040							9.999e-05	permutation	0.00889911	familywise_permutation	decipher;isca;signature;taa_cases	gain_controls;ottawa_controls;wtccc_controls	Cases combine congenital heart disease with 777 sporadic thoracic aortic aneurysm probands (of 7,958 contributing individuals); the study reports the CHD-only contribution separately for significant genes. A carrier is an individual with a rare deletion (MAF below 0.01) overlapping the gene.	audain2021_s6
PMID:42230622	HGNC:3227	all		snv_indel	missense_damaging	any	0.001	individuals	0	3876	control_cohort	17	45082		0.0	odds_ratio		0.0	2.82	0.393	fisher_exact			cnchd;ddd;nottingham	ukbb		audain2026_sd3
PMID:42230622	HGNC:3227	all		snv_indel	synonymous	any	0.001	individuals	4	3876	control_cohort	54	45082		0.861	odds_ratio		0.226	2.34	1.0	fisher_exact			cnchd;ddd;nottingham	ukbb		audain2026_sd3
PMID:42230622	HGNC:3227	nonsyndromic		snv_indel	missense_damaging	any	0.001	individuals	0	2405	control_cohort	17	45082		0.0	odds_ratio		0.0	4.5441	1.0	fisher_exact			cnchd;ddd;nottingham	ukbb		audain2026_sd3
PMID:42230622	HGNC:3227	nonsyndromic		snv_indel	synonymous	any	0.001	individuals	1	2405	control_cohort	54	45082		0.34687	odds_ratio		0.0086235	2.0185	0.52896	fisher_exact			cnchd;ddd;nottingham	ukbb		audain2026_sd3
PMID:42230622	HGNC:3227	syndromic		snv_indel	missense_damaging	any	0.001	individuals	0	1471	control_cohort	17	45082		0.0	odds_ratio		0.0	7.43	1.0	fisher_exact			cnchd;ddd;nottingham	ukbb		audain2026_sd3
PMID:42230622	HGNC:3227	syndromic		snv_indel	synonymous	any	0.001	individuals	3	1471	control_cohort	54	45082		1.7	odds_ratio		0.34	5.26	0.429	fisher_exact			cnchd;ddd;nottingham	ukbb		audain2026_sd3
PMID:42230622	HGNC:32940	all		snv_indel	lof	any	0.001	individuals	0	3876	control_cohort	2	45082		0.0	odds_ratio		0.0	61.9	1.0	fisher_exact			cnchd;ddd;nottingham	ukbb		audain2026_sd3
PMID:42230622	HGNC:32940	all		snv_indel	missense_damaging	any	0.001	individuals	7	3876	control_cohort	52	45082		1.57	odds_ratio		0.6	3.47	0.23	fisher_exact			cnchd;ddd;nottingham	ukbb		audain2026_sd3
PMID:42230622	HGNC:32940	all		snv_indel	synonymous	any	0.001	individuals	4	3876	control_cohort	36	45082		1.29	odds_ratio		0.334	3.61	0.555	fisher_exact			cnchd;ddd;nottingham	ukbb		audain2026_sd3
PMID:42230622	HGNC:32940	nonsyndromic		snv_indel	lof	any	0.001	individuals	0	2405	control_cohort	2	45082		0.0	odds_ratio		0.0	100.01	1.0	fisher_exact			cnchd;ddd;nottingham	ukbb		audain2026_sd3
PMID:42230622	HGNC:32940	nonsyndromic		snv_indel	missense_damaging	any	0.001	individuals	3	2405	control_cohort	52	45082		1.0815	odds_ratio		0.21589	3.3443	0.75754	fisher_exact			cnchd;ddd;nottingham	ukbb		audain2026_sd3
PMID:42230622	HGNC:32940	nonsyndromic		snv_indel	synonymous	any	0.001	individuals	1	2405	control_cohort	36	45082		0.52049	odds_ratio		0.012824	3.0937	1.0	fisher_exact			cnchd;ddd;nottingham	ukbb		audain2026_sd3
PMID:42230622	HGNC:32940	syndromic		snv_indel	lof	any	0.001	individuals	0	1471	control_cohort	2	45082		0.0	odds_ratio		0.0	163.0	1.0	fisher_exact			cnchd;ddd;nottingham	ukbb		audain2026_sd3
PMID:42230622	HGNC:32940	syndromic		snv_indel	missense_damaging	any	0.001	individuals	4	1471	control_cohort	52	45082		2.36	odds_ratio		0.619	6.43	0.101	fisher_exact			cnchd;ddd;nottingham	ukbb		audain2026_sd3
PMID:42230622	HGNC:32940	syndromic		snv_indel	synonymous	any	0.001	individuals	3	1471	control_cohort	36	45082		2.56	odds_ratio		0.503	8.11	0.125	fisher_exact			cnchd;ddd;nottingham	ukbb		audain2026_sd3
PMID:34324492	HGNC:3327	all		cnv_deletion	lof	any	0.01	individuals	30	7107	control_cohort	0	14040							9.999e-05	permutation	9.999e-05	familywise_permutation	decipher;isca;signature;taa_cases	gain_controls;ottawa_controls;wtccc_controls	Cases combine congenital heart disease with 777 sporadic thoracic aortic aneurysm probands (of 7,958 contributing individuals); the study reports the CHD-only contribution separately for significant genes. A carrier is an individual with a rare deletion (MAF below 0.01) overlapping the gene.	audain2021_s6
PMID:42230622	HGNC:3327	all		snv_indel	lof	any	0.001	individuals	4	3876	control_cohort	2	45082		23.3	odds_ratio		3.34	256.0	0.000516	fisher_exact			cnchd;ddd;nottingham	ukbb		audain2026_sd3
PMID:42230622	HGNC:3327	all		snv_indel	missense_damaging	any	0.001	individuals	4	3876	control_cohort	30	45082		1.55	odds_ratio		0.397	4.41	0.342	fisher_exact			cnchd;ddd;nottingham	ukbb		audain2026_sd3
PMID:42230622	HGNC:3327	all		snv_indel	synonymous	any	0.001	individuals	13	3876	control_cohort	144	45082		1.05	odds_ratio		0.545	1.86	0.882	fisher_exact			cnchd;ddd;nottingham	ukbb		audain2026_sd3
PMID:42230622	HGNC:3327	nonsyndromic		snv_indel	lof	any	0.001	individuals	4	2405	control_cohort	2	45082		37.541	odds_ratio		5.3774	413.78	9.0654e-05	fisher_exact			cnchd;ddd;nottingham	ukbb		audain2026_sd3
PMID:42230622	HGNC:3327	nonsyndromic		snv_indel	missense_damaging	any	0.001	individuals	3	2405	control_cohort	30	45082		1.8756	odds_ratio		0.36603	6.0375	0.23284	fisher_exact			cnchd;ddd;nottingham	ukbb		audain2026_sd3
PMID:42230622	HGNC:3327	nonsyndromic		snv_indel	synonymous	any	0.001	individuals	5	2405	control_cohort	144	45082		0.65014	odds_ratio		0.20778	1.5548	0.45307	fisher_exact			cnchd;ddd;nottingham	ukbb		audain2026_sd3
PMID:42230622	HGNC:3327	syndromic		snv_indel	lof	any	0.001	individuals	0	1471	control_cohort	2	45082		0.0	odds_ratio		0.0	163.0	1.0	fisher_exact			cnchd;ddd;nottingham	ukbb		audain2026_sd3
PMID:42230622	HGNC:3327	syndromic		snv_indel	missense_damaging	any	0.001	individuals	1	1471	control_cohort	30	45082		1.02	odds_ratio		0.025	6.15	1.0	fisher_exact			cnchd;ddd;nottingham	ukbb		audain2026_sd3
PMID:42230622	HGNC:3327	syndromic		snv_indel	synonymous	any	0.001	individuals	8	1471	control_cohort	144	45082		1.71	odds_ratio		0.722	3.46	0.155	fisher_exact			cnchd;ddd;nottingham	ukbb		audain2026_sd3
PMID:34324492	HGNC:3488	all		cnv_deletion	lof	any	0.01	individuals	16	7107	control_cohort	1	14040							9.999e-05	permutation	0.00019998	familywise_permutation	decipher;isca;signature;taa_cases	gain_controls;ottawa_controls;wtccc_controls	Cases combine congenital heart disease with 777 sporadic thoracic aortic aneurysm probands (of 7,958 contributing individuals); the study reports the CHD-only contribution separately for significant genes. A carrier is an individual with a rare deletion (MAF below 0.01) overlapping the gene.	audain2021_s6
PMID:42230622	HGNC:3488	all		snv_indel	missense_damaging	any	0.001	individuals	0	3876	control_cohort	6	45082		0.0	odds_ratio		0.0	9.88	1.0	fisher_exact			cnchd;ddd;nottingham	ukbb		audain2026_sd3
PMID:42230622	HGNC:3488	all		snv_indel	synonymous	any	0.001	individuals	1	3876	control_cohort	39	45082		0.298	odds_ratio		0.00736	1.76	0.371	fisher_exact			cnchd;ddd;nottingham	ukbb		audain2026_sd3
PMID:42230622	HGNC:3488	nonsyndromic		snv_indel	missense_damaging	any	0.001	individuals	0	2405	control_cohort	6	45082		0.0	odds_ratio		0.0	15.919	1.0	fisher_exact			cnchd;ddd;nottingham	ukbb		audain2026_sd3
PMID:42230622	HGNC:3488	nonsyndromic		snv_indel	synonymous	any	0.001	individuals	0	2405	control_cohort	39	45082		0.0	odds_ratio		0.0	1.8594	0.26513	fisher_exact			cnchd;ddd;nottingham	ukbb		audain2026_sd3
PMID:42230622	HGNC:3488	syndromic		snv_indel	missense_damaging	any	0.001	individuals	0	1471	control_cohort	6	45082		0.0	odds_ratio		0.0	26.0	1.0	fisher_exact			cnchd;ddd;nottingham	ukbb		audain2026_sd3
PMID:42230622	HGNC:3488	syndromic		snv_indel	synonymous	any	0.001	individuals	1	1471	control_cohort	39	45082		0.786	odds_ratio		0.0194	4.65	1.0	fisher_exact			cnchd;ddd;nottingham	ukbb		audain2026_sd3
PMID:42230622	HGNC:3491	all		snv_indel	lof	any	0.001	individuals	2	3876	control_cohort	16	45082		1.45	odds_ratio		0.162	6.19	0.649	fisher_exact			cnchd;ddd;nottingham	ukbb		audain2026_sd3
PMID:42230622	HGNC:3491	all		snv_indel	missense_damaging	any	0.001	individuals	1	3876	control_cohort	2	45082		5.82	odds_ratio		0.0986	112.0	0.219	fisher_exact			cnchd;ddd;nottingham	ukbb		audain2026_sd3
PMID:42230622	HGNC:3491	all		snv_indel	synonymous	any	0.001	individuals	6	3876	control_cohort	21	45082		3.33	odds_ratio		1.1	8.53	0.0171	fisher_exact			cnchd;ddd;nottingham	ukbb		audain2026_sd3
PMID:42230622	HGNC:3491	nonsyndromic		snv_indel	lof	any	0.001	individuals	2	2405	control_cohort	16	45082		2.3443	odds_ratio		0.26133	9.9802	0.23082	fisher_exact			cnchd;ddd;nottingham	ukbb		audain2026_sd3
PMID:42230622	HGNC:3491	nonsyndromic		snv_indel	missense_damaging	any	0.001	individuals	1	2405	control_cohort	2	45082		9.3754	odds_ratio		0.15886	180.02	0.14437	fisher_exact			cnchd;ddd;nottingham	ukbb		audain2026_sd3
PMID:42230622	HGNC:3491	nonsyndromic		snv_indel	synonymous	any	0.001	individuals	4	2405	control_cohort	21	45082		3.5746	odds_ratio		0.89141	10.609	0.035456	fisher_exact			cnchd;ddd;nottingham	ukbb		audain2026_sd3
PMID:42230622	HGNC:3491	syndromic		snv_indel	lof	any	0.001	individuals	0	1471	control_cohort	16	45082		0.0	odds_ratio		0.0	7.95	1.0	fisher_exact			cnchd;ddd;nottingham	ukbb		audain2026_sd3
PMID:42230622	HGNC:3491	syndromic		snv_indel	missense_damaging	any	0.001	individuals	0	1471	control_cohort	2	45082		0.0	odds_ratio		0.0	163.0	1.0	fisher_exact			cnchd;ddd;nottingham	ukbb		audain2026_sd3
PMID:42230622	HGNC:3491	syndromic		snv_indel	synonymous	any	0.001	individuals	2	1471	control_cohort	21	45082		2.92	odds_ratio		0.332	12.0	0.164	fisher_exact			cnchd;ddd;nottingham	ukbb		audain2026_sd3
PMID:34324492	HGNC:3497	all		cnv_deletion	lof	any	0.01	individuals	3	7107	control_cohort	0	14040							0.0382962	permutation	1.0	familywise_permutation	decipher;isca;signature;taa_cases	gain_controls;ottawa_controls;wtccc_controls	Cases combine congenital heart disease with 777 sporadic thoracic aortic aneurysm probands (of 7,958 contributing individuals); the study reports the CHD-only contribution separately for significant genes. A carrier is an individual with a rare deletion (MAF below 0.01) overlapping the gene.	audain2021_s6
PMID:42230622	HGNC:3497	all		snv_indel	lof	any	0.001	individuals	3	3876	control_cohort	41	45082		0.851	odds_ratio		0.168	2.67	1.0	fisher_exact			cnchd;ddd;nottingham	ukbb		audain2026_sd3
PMID:42230622	HGNC:3497	all		snv_indel	missense_damaging	any	0.001	individuals	3	3876	control_cohort	28	45082		1.25	odds_ratio		0.242	4.04	0.733	fisher_exact			cnchd;ddd;nottingham	ukbb		audain2026_sd3
PMID:42230622	HGNC:3497	all		snv_indel	synonymous	any	0.001	individuals	9	3876	control_cohort	180	45082		0.581	odds_ratio		0.261	1.13	0.135	fisher_exact			cnchd;ddd;nottingham	ukbb		audain2026_sd3
PMID:42230622	HGNC:3497	nonsyndromic		snv_indel	lof	any	0.001	individuals	2	2405	control_cohort	41	45082		0.91433	odds_ratio		0.10707	3.5238	1.0	fisher_exact			cnchd;ddd;nottingham	ukbb		audain2026_sd3
PMID:42230622	HGNC:3497	nonsyndromic		snv_indel	missense_damaging	any	0.001	individuals	1	2405	control_cohort	28	45082		0.66933	odds_ratio		0.016362	4.0518	1.0	fisher_exact			cnchd;ddd;nottingham	ukbb		audain2026_sd3
PMID:42230622	HGNC:3497	nonsyndromic		snv_indel	synonymous	any	0.001	individuals	4	2405	control_cohort	180	45082		0.41559	odds_ratio		0.11192	1.0841	0.088848	fisher_exact			cnchd;ddd;nottingham	ukbb		audain2026_sd3
PMID:42230622	HGNC:3497	syndromic		snv_indel	lof	any	0.001	individuals	1	1471	control_cohort	41	45082		0.747	odds_ratio		0.0185	4.41	1.0	fisher_exact			cnchd;ddd;nottingham	ukbb		audain2026_sd3
PMID:42230622	HGNC:3497	syndromic		snv_indel	missense_damaging	any	0.001	individuals	2	1471	control_cohort	28	45082		2.19	odds_ratio		0.253	8.7	0.245	fisher_exact			cnchd;ddd;nottingham	ukbb		audain2026_sd3
PMID:42230622	HGNC:3497	syndromic		snv_indel	synonymous	any	0.001	individuals	5	1471	control_cohort	180	45082		0.851	odds_ratio		0.273	2.03	1.0	fisher_exact			cnchd;ddd;nottingham	ukbb		audain2026_sd3
PMID:42230622	HGNC:3601	all		snv_indel	lof	any	0.001	individuals	1	3876	control_cohort	14	45082		0.831	odds_ratio		0.0196	5.46	1.0	fisher_exact			cnchd;ddd;nottingham	ukbb		audain2026_sd3
PMID:42230622	HGNC:3601	all		snv_indel	missense_damaging	any	0.001	individuals	10	3876	control_cohort	101	45082		1.15	odds_ratio		0.536	2.21	0.599	fisher_exact			cnchd;ddd;nottingham	ukbb		audain2026_sd3
PMID:42230622	HGNC:3601	all		snv_indel	synonymous	any	0.001	individuals	23	3876	control_cohort	249	45082		1.07	odds_ratio		0.668	1.65	0.735	fisher_exact			cnchd;ddd;nottingham	ukbb		audain2026_sd3
PMID:42230622	HGNC:3601	nonsyndromic		snv_indel	lof	any	0.001	individuals	1	2405	control_cohort	14	45082		1.3391	odds_ratio		0.031656	8.8091	0.54146	fisher_exact			cnchd;ddd;nottingham	ukbb		audain2026_sd3
PMID:42230622	HGNC:3601	nonsyndromic		snv_indel	missense_damaging	any	0.001	individuals	7	2405	control_cohort	101	45082		1.3	odds_ratio		0.50913	2.7821	0.50438	fisher_exact			cnchd;ddd;nottingham	ukbb		audain2026_sd3
PMID:42230622	HGNC:3601	nonsyndromic		snv_indel	synonymous	any	0.001	individuals	16	2405	control_cohort	249	45082		1.2059	odds_ratio		0.67751	2.0016	0.4801	fisher_exact			cnchd;ddd;nottingham	ukbb		audain2026_sd3
PMID:42230622	HGNC:3601	syndromic		snv_indel	lof	any	0.001	individuals	0	1471	control_cohort	14	45082		0.0	odds_ratio		0.0	9.24	1.0	fisher_exact			cnchd;ddd;nottingham	ukbb		audain2026_sd3
PMID:42230622	HGNC:3601	syndromic		snv_indel	missense_damaging	any	0.001	individuals	3	1471	control_cohort	101	45082		0.91	odds_ratio		0.184	2.74	1.0	fisher_exact			cnchd;ddd;nottingham	ukbb		audain2026_sd3
PMID:42230622	HGNC:3601	syndromic		snv_indel	synonymous	any	0.001	individuals	7	1471	control_cohort	249	45082		0.861	odds_ratio		0.342	1.8	0.858	fisher_exact			cnchd;ddd;nottingham	ukbb		audain2026_sd3
PMID:34324492	HGNC:3666	all		cnv_deletion	lof	any	0.01	individuals	2	7107	control_cohort	1	14040							0.272873	permutation	1.0	familywise_permutation	decipher;isca;signature;taa_cases	gain_controls;ottawa_controls;wtccc_controls	Cases combine congenital heart disease with 777 sporadic thoracic aortic aneurysm probands (of 7,958 contributing individuals); the study reports the CHD-only contribution separately for significant genes. A carrier is an individual with a rare deletion (MAF below 0.01) overlapping the gene.	audain2021_s6
PMID:42230622	HGNC:3666	all		snv_indel	missense_damaging	any	0.001	individuals	3	3876	control_cohort	8	45082		4.36	odds_ratio		0.745	18.2	0.0505	fisher_exact			cnchd;ddd;nottingham	ukbb		audain2026_sd3
PMID:42230622	HGNC:3666	all		snv_indel	synonymous	any	0.001	individuals	5	3876	control_cohort	60	45082		0.969	odds_ratio		0.304	2.39	1.0	fisher_exact			cnchd;ddd;nottingham	ukbb		audain2026_sd3
PMID:42230622	HGNC:3666	nonsyndromic		snv_indel	missense_damaging	any	0.001	individuals	3	2405	control_cohort	8	45082		7.0375	odds_ratio		1.2016	29.32	0.015757	fisher_exact			cnchd;ddd;nottingham	ukbb		audain2026_sd3
PMID:42230622	HGNC:3666	nonsyndromic		snv_indel	synonymous	any	0.001	individuals	3	2405	control_cohort	60	45082		0.93718	odds_ratio		0.18785	2.8769	1.0	fisher_exact			cnchd;ddd;nottingham	ukbb		audain2026_sd3
PMID:42230622	HGNC:3666	syndromic		snv_indel	missense_damaging	any	0.001	individuals	0	1471	control_cohort	8	45082		0.0	odds_ratio		0.0	18.0	1.0	fisher_exact			cnchd;ddd;nottingham	ukbb		audain2026_sd3
PMID:42230622	HGNC:3666	syndromic		snv_indel	synonymous	any	0.001	individuals	2	1471	control_cohort	60	45082		1.02	odds_ratio		0.121	3.86	0.724	fisher_exact			cnchd;ddd;nottingham	ukbb		audain2026_sd3
PMID:42230622	HGNC:3686	all		snv_indel	lof	any	0.001	individuals	1	3876	control_cohort	1	45082		11.6	odds_ratio		0.148	906.0	0.152	fisher_exact			cnchd;ddd;nottingham	ukbb		audain2026_sd3
PMID:42230622	HGNC:3686	all		snv_indel	missense_damaging	any	0.001	individuals	4	3876	control_cohort	21	45082		2.22	odds_ratio		0.553	6.57	0.131	fisher_exact			cnchd;ddd;nottingham	ukbb		audain2026_sd3
PMID:42230622	HGNC:3686	all		snv_indel	synonymous	any	0.001	individuals	1	3876	control_cohort	33	45082		0.352	odds_ratio		0.00866	2.11	0.519	fisher_exact			cnchd;ddd;nottingham	ukbb		audain2026_sd3
PMID:42230622	HGNC:3686	nonsyndromic		snv_indel	lof	any	0.001	individuals	0	2405	control_cohort	1	45082		0.0	odds_ratio		0.0	722.81	1.0	fisher_exact			cnchd;ddd;nottingham	ukbb		audain2026_sd3
PMID:42230622	HGNC:3686	nonsyndromic		snv_indel	missense_damaging	any	0.001	individuals	1	2405	control_cohort	21	45082		0.89258	odds_ratio		0.021575	5.5552	1.0	fisher_exact			cnchd;ddd;nottingham	ukbb		audain2026_sd3
PMID:42230622	HGNC:3686	nonsyndromic		snv_indel	synonymous	any	0.001	individuals	1	2405	control_cohort	33	45082		0.56785	odds_ratio		0.013956	3.3951	1.0	fisher_exact			cnchd;ddd;nottingham	ukbb		audain2026_sd3
PMID:42230622	HGNC:3686	syndromic		snv_indel	lof	any	0.001	individuals	1	1471	control_cohort	1	45082		30.7	odds_ratio		0.39	2350.0	0.0622	fisher_exact			cnchd;ddd;nottingham	ukbb		audain2026_sd3
PMID:42230622	HGNC:3686	syndromic		snv_indel	missense_damaging	any	0.001	individuals	3	1471	control_cohort	21	45082		4.38	odds_ratio		0.836	14.7	0.0389	fisher_exact			cnchd;ddd;nottingham	ukbb		audain2026_sd3
PMID:42230622	HGNC:3686	syndromic		snv_indel	synonymous	any	0.001	individuals	0	1471	control_cohort	33	45082		0.0	odds_ratio		0.0	3.63	0.627	fisher_exact			cnchd;ddd;nottingham	ukbb		audain2026_sd3
PMID:42230622	HGNC:3754	all		snv_indel	lof	any	0.001	individuals	1	3876	control_cohort	0	45082			odds_ratio	unbounded_above	0.298		0.0792	fisher_exact			cnchd;ddd;nottingham	ukbb		audain2026_sd3
PMID:42230622	HGNC:3754	all		snv_indel	missense_damaging	any	0.001	individuals	20	3876	control_cohort	200	45082		1.16	odds_ratio		0.695	1.85	0.53	fisher_exact			cnchd;ddd;nottingham	ukbb		audain2026_sd3
PMID:42230622	HGNC:3754	all		snv_indel	synonymous	any	0.001	individuals	19	3876	control_cohort	184	45082		1.2	odds_ratio		0.707	1.93	0.433	fisher_exact			cnchd;ddd;nottingham	ukbb		audain2026_sd3
PMID:42230622	HGNC:3754	nonsyndromic		snv_indel	lof	any	0.001	individuals	1	2405	control_cohort	0	45082			odds_ratio	unbounded_above	0.48064		0.050645	fisher_exact			cnchd;ddd;nottingham	ukbb		audain2026_sd3
PMID:42230622	HGNC:3754	nonsyndromic		snv_indel	missense_damaging	any	0.001	individuals	9	2405	control_cohort	200	45082		0.84294	odds_ratio		0.37941	1.6354	0.75185	fisher_exact			cnchd;ddd;nottingham	ukbb		audain2026_sd3
PMID:42230622	HGNC:3754	nonsyndromic		snv_indel	synonymous	any	0.001	individuals	9	2405	control_cohort	184	45082		0.91657	odds_ratio		0.41204	1.7813	1.0	fisher_exact			cnchd;ddd;nottingham	ukbb		audain2026_sd3
PMID:42230622	HGNC:3754	syndromic		snv_indel	missense_damaging	any	0.001	individuals	11	1471	control_cohort	200	45082		1.69	odds_ratio		0.829	3.1	0.109	fisher_exact			cnchd;ddd;nottingham	ukbb		audain2026_sd3
PMID:42230622	HGNC:3754	syndromic		snv_indel	synonymous	any	0.001	individuals	10	1471	control_cohort	184	45082		1.67	odds_ratio		0.786	3.15	0.143	fisher_exact			cnchd;ddd;nottingham	ukbb		audain2026_sd3
PMID:42230622	HGNC:3767	all		snv_indel	lof	any	0.001	individuals	5	3876	control_cohort	0	45082			odds_ratio	unbounded_above	10.7		3.1e-06	fisher_exact			cnchd;ddd;nottingham	ukbb		audain2026_sd3
PMID:42230622	HGNC:3767	all		snv_indel	missense_damaging	any	0.001	individuals	9	3876	control_cohort	56	45082		1.87	odds_ratio		0.813	3.82	0.1	fisher_exact			cnchd;ddd;nottingham	ukbb		audain2026_sd3
PMID:42230622	HGNC:3767	all		snv_indel	synonymous	any	0.001	individuals	26	3876	control_cohort	274	45082		1.1	odds_ratio		0.708	1.66	0.592	fisher_exact			cnchd;ddd;nottingham	ukbb		audain2026_sd3
PMID:42230622	HGNC:3767	nonsyndromic		snv_indel	lof	any	0.001	individuals	5	2405	control_cohort	0	45082			odds_ratio	unbounded_above	17.2		3.3188e-07	fisher_exact			cnchd;ddd;nottingham	ukbb		audain2026_sd3
PMID:42230622	HGNC:3767	nonsyndromic		snv_indel	missense_damaging	any	0.001	individuals	5	2405	control_cohort	56	45082		1.675	odds_ratio		0.52311	4.1519	0.23758	fisher_exact			cnchd;ddd;nottingham	ukbb		audain2026_sd3
PMID:42230622	HGNC:3767	nonsyndromic		snv_indel	synonymous	any	0.001	individuals	14	2405	control_cohort	274	45082		0.95753	odds_ratio		0.51578	1.6377	1.0	fisher_exact			cnchd;ddd;nottingham	ukbb		audain2026_sd3
PMID:42230622	HGNC:3767	syndromic		snv_indel	missense_damaging	any	0.001	individuals	4	1471	control_cohort	56	45082		2.19	odds_ratio		0.577	5.94	0.121	fisher_exact			cnchd;ddd;nottingham	ukbb		audain2026_sd3
PMID:42230622	HGNC:3767	syndromic		snv_indel	synonymous	any	0.001	individuals	12	1471	control_cohort	274	45082		1.35	odds_ratio		0.685	2.4	0.306	fisher_exact			cnchd;ddd;nottingham	ukbb		audain2026_sd3
PMID:34324492	HGNC:3773	all		cnv_deletion	lof	any	0.01	individuals	1	7107	control_cohort	0	14040							0.339466	permutation	1.0	familywise_permutation	decipher;isca;signature;taa_cases	gain_controls;ottawa_controls;wtccc_controls	Cases combine congenital heart disease with 777 sporadic thoracic aortic aneurysm probands (of 7,958 contributing individuals); the study reports the CHD-only contribution separately for significant genes. A carrier is an individual with a rare deletion (MAF below 0.01) overlapping the gene.	audain2021_s6
PMID:42230622	HGNC:3773	all		snv_indel	lof	any	0.001	individuals	3	3876	control_cohort	16	45082		2.18	odds_ratio		0.407	7.63	0.187	fisher_exact			cnchd;ddd;nottingham	ukbb		audain2026_sd3
PMID:42230622	HGNC:3773	all		snv_indel	missense_damaging	any	0.001	individuals	3	3876	control_cohort	40	45082		0.872	odds_ratio		0.173	2.74	1.0	fisher_exact			cnchd;ddd;nottingham	ukbb		audain2026_sd3
PMID:42230622	HGNC:3773	all		snv_indel	synonymous	any	0.001	individuals	4	3876	control_cohort	74	45082		0.628	odds_ratio		0.167	1.68	0.526	fisher_exact			cnchd;ddd;nottingham	ukbb		audain2026_sd3
PMID:42230622	HGNC:3773	nonsyndromic		snv_indel	lof	any	0.001	individuals	3	2405	control_cohort	16	45082		3.5177	odds_ratio		0.65639	12.302	0.068589	fisher_exact			cnchd;ddd;nottingham	ukbb		audain2026_sd3
PMID:42230622	HGNC:3773	nonsyndromic		snv_indel	missense_damaging	any	0.001	individuals	0	2405	control_cohort	40	45082		0.0	odds_ratio		0.0	1.8108	0.26771	fisher_exact			cnchd;ddd;nottingham	ukbb		audain2026_sd3
PMID:42230622	HGNC:3773	nonsyndromic		snv_indel	synonymous	any	0.001	individuals	2	2405	control_cohort	74	45082		0.50621	odds_ratio		0.060154	1.8964	0.59413	fisher_exact			cnchd;ddd;nottingham	ukbb		audain2026_sd3
PMID:42230622	HGNC:3773	syndromic		snv_indel	lof	any	0.001	individuals	0	1471	control_cohort	16	45082		0.0	odds_ratio		0.0	7.95	1.0	fisher_exact			cnchd;ddd;nottingham	ukbb		audain2026_sd3
PMID:42230622	HGNC:3773	syndromic		snv_indel	missense_damaging	any	0.001	individuals	3	1471	control_cohort	40	45082		2.3	odds_ratio		0.455	7.24	0.154	fisher_exact			cnchd;ddd;nottingham	ukbb		audain2026_sd3
PMID:42230622	HGNC:3773	syndromic		snv_indel	synonymous	any	0.001	individuals	2	1471	control_cohort	74	45082		0.828	odds_ratio		0.0984	3.1	1.0	fisher_exact			cnchd;ddd;nottingham	ukbb		audain2026_sd3
PMID:34324492	HGNC:3814	all		cnv_deletion	lof	any	0.01	individuals	1	7107	control_cohort	0	14040							0.341866	permutation	1.0	familywise_permutation	decipher;isca;signature;taa_cases	gain_controls;ottawa_controls;wtccc_controls	Cases combine congenital heart disease with 777 sporadic thoracic aortic aneurysm probands (of 7,958 contributing individuals); the study reports the CHD-only contribution separately for significant genes. A carrier is an individual with a rare deletion (MAF below 0.01) overlapping the gene.	audain2021_s6
PMID:42230622	HGNC:3814	all		snv_indel	lof	any	0.001	individuals	0	3876	control_cohort	1	45082		0.0	odds_ratio		0.0	450.0	1.0	fisher_exact			cnchd;ddd;nottingham	ukbb		audain2026_sd3
PMID:42230622	HGNC:3814	all		snv_indel	missense_damaging	any	0.001	individuals	4	3876	control_cohort	49	45082		0.949	odds_ratio		0.249	2.59	1.0	fisher_exact			cnchd;ddd;nottingham	ukbb		audain2026_sd3
PMID:42230622	HGNC:3814	all		snv_indel	synonymous	any	0.001	individuals	1	3876	control_cohort	36	45082		0.323	odds_ratio		0.00796	1.92	0.363	fisher_exact			cnchd;ddd;nottingham	ukbb		audain2026_sd3
PMID:42230622	HGNC:3814	nonsyndromic		snv_indel	lof	any	0.001	individuals	0	2405	control_cohort	1	45082		0.0	odds_ratio		0.0	722.81	1.0	fisher_exact			cnchd;ddd;nottingham	ukbb		audain2026_sd3
PMID:42230622	HGNC:3814	nonsyndromic		snv_indel	missense_damaging	any	0.001	individuals	3	2405	control_cohort	49	45082		1.1478	odds_ratio		0.22868	3.5611	0.74696	fisher_exact			cnchd;ddd;nottingham	ukbb		audain2026_sd3
PMID:42230622	HGNC:3814	nonsyndromic		snv_indel	synonymous	any	0.001	individuals	1	2405	control_cohort	36	45082		0.52049	odds_ratio		0.012824	3.0937	1.0	fisher_exact			cnchd;ddd;nottingham	ukbb		audain2026_sd3
PMID:42230622	HGNC:3814	syndromic		snv_indel	lof	any	0.001	individuals	0	1471	control_cohort	1	45082		0.0	odds_ratio		0.0	1170.0	1.0	fisher_exact			cnchd;ddd;nottingham	ukbb		audain2026_sd3
PMID:42230622	HGNC:3814	syndromic		snv_indel	missense_damaging	any	0.001	individuals	1	1471	control_cohort	49	45082		0.625	odds_ratio		0.0155	3.66	1.0	fisher_exact			cnchd;ddd;nottingham	ukbb		audain2026_sd3
PMID:42230622	HGNC:3814	syndromic		snv_indel	synonymous	any	0.001	individuals	0	1471	control_cohort	36	45082		0.0	odds_ratio		0.0	3.31	0.63	fisher_exact			cnchd;ddd;nottingham	ukbb		audain2026_sd3
PMID:34324492	HGNC:3817	all		cnv_deletion	lof	any	0.01	individuals	4	7107	control_cohort	0	14040							0.0146985	permutation	0.9998	familywise_permutation	decipher;isca;signature;taa_cases	gain_controls;ottawa_controls;wtccc_controls	Cases combine congenital heart disease with 777 sporadic thoracic aortic aneurysm probands (of 7,958 contributing individuals); the study reports the CHD-only contribution separately for significant genes. A carrier is an individual with a rare deletion (MAF below 0.01) overlapping the gene.	audain2021_s6
PMID:42230622	HGNC:3817	all		snv_indel	lof	any	0.001	individuals	0	3876	control_cohort	1	45082		0.0	odds_ratio		0.0	450.0	1.0	fisher_exact			cnchd;ddd;nottingham	ukbb		audain2026_sd3
PMID:42230622	HGNC:3817	all		snv_indel	missense_damaging	any	0.001	individuals	1	3876	control_cohort	19	45082		0.612	odds_ratio		0.0147	3.85	1.0	fisher_exact			cnchd;ddd;nottingham	ukbb		audain2026_sd3
PMID:42230622	HGNC:3817	all		snv_indel	synonymous	any	0.001	individuals	7	3876	control_cohort	87	45082		0.936	odds_ratio		0.365	2.01	1.0	fisher_exact			cnchd;ddd;nottingham	ukbb		audain2026_sd3
PMID:42230622	HGNC:3817	nonsyndromic		snv_indel	lof	any	0.001	individuals	0	2405	control_cohort	1	45082		0.0	odds_ratio		0.0	722.81	1.0	fisher_exact			cnchd;ddd;nottingham	ukbb		audain2026_sd3
PMID:42230622	HGNC:3817	nonsyndromic		snv_indel	missense_damaging	any	0.001	individuals	1	2405	control_cohort	19	45082		0.98658	odds_ratio		0.023734	6.2109	1.0	fisher_exact			cnchd;ddd;nottingham	ukbb		audain2026_sd3
PMID:42230622	HGNC:3817	nonsyndromic		snv_indel	synonymous	any	0.001	individuals	4	2405	control_cohort	87	45082		0.86161	odds_ratio		0.22943	2.2893	1.0	fisher_exact			cnchd;ddd;nottingham	ukbb		audain2026_sd3
PMID:42230622	HGNC:3817	syndromic		snv_indel	lof	any	0.001	individuals	0	1471	control_cohort	1	45082		0.0	odds_ratio		0.0	1170.0	1.0	fisher_exact			cnchd;ddd;nottingham	ukbb		audain2026_sd3
PMID:42230622	HGNC:3817	syndromic		snv_indel	missense_damaging	any	0.001	individuals	0	1471	control_cohort	19	45082		0.0	odds_ratio		0.0	6.57	1.0	fisher_exact			cnchd;ddd;nottingham	ukbb		audain2026_sd3
PMID:42230622	HGNC:3817	syndromic		snv_indel	synonymous	any	0.001	individuals	3	1471	control_cohort	87	45082		1.06	odds_ratio		0.214	3.2	0.763	fisher_exact			cnchd;ddd;nottingham	ukbb		audain2026_sd3
PMID:34324492	HGNC:3823	all		cnv_deletion	lof	any	0.01	individuals	2	7107	control_cohort	2	14040							0.422358	permutation	1.0	familywise_permutation	decipher;isca;signature;taa_cases	gain_controls;ottawa_controls;wtccc_controls	Cases combine congenital heart disease with 777 sporadic thoracic aortic aneurysm probands (of 7,958 contributing individuals); the study reports the CHD-only contribution separately for significant genes. A carrier is an individual with a rare deletion (MAF below 0.01) overlapping the gene.	audain2021_s6
PMID:42230622	HGNC:3823	all		snv_indel	lof	any	0.001	individuals	1	3876	control_cohort	2	45082		5.82	odds_ratio		0.0986	112.0	0.219	fisher_exact			cnchd;ddd;nottingham	ukbb		audain2026_sd3
PMID:42230622	HGNC:3823	all		snv_indel	missense_damaging	any	0.001	individuals	2	3876	control_cohort	15	45082		1.55	odds_ratio		0.172	6.67	0.64	fisher_exact			cnchd;ddd;nottingham	ukbb		audain2026_sd3
PMID:42230622	HGNC:3823	all		snv_indel	synonymous	any	0.001	individuals	10	3876	control_cohort	156	45082		0.745	odds_ratio		0.35	1.41	0.47	fisher_exact			cnchd;ddd;nottingham	ukbb		audain2026_sd3
PMID:42230622	HGNC:3823	nonsyndromic		snv_indel	lof	any	0.001	individuals	0	2405	control_cohort	2	45082		0.0	odds_ratio		0.0	100.01	1.0	fisher_exact			cnchd;ddd;nottingham	ukbb		audain2026_sd3
PMID:42230622	HGNC:3823	nonsyndromic		snv_indel	missense_damaging	any	0.001	individuals	1	2405	control_cohort	15	45082		1.2498	odds_ratio		0.029675	8.1303	0.56469	fisher_exact			cnchd;ddd;nottingham	ukbb		audain2026_sd3
PMID:42230622	HGNC:3823	nonsyndromic		snv_indel	synonymous	any	0.001	individuals	7	2405	control_cohort	156	45082		0.84066	odds_ratio		0.3321	1.7763	0.85722	fisher_exact			cnchd;ddd;nottingham	ukbb		audain2026_sd3
PMID:42230622	HGNC:3823	syndromic		snv_indel	lof	any	0.001	individuals	1	1471	control_cohort	2	45082		15.3	odds_ratio		0.26	294.0	0.0918	fisher_exact			cnchd;ddd;nottingham	ukbb		audain2026_sd3
PMID:42230622	HGNC:3823	syndromic		snv_indel	missense_damaging	any	0.001	individuals	1	1471	control_cohort	15	45082		2.04	odds_ratio		0.0485	13.3	0.402	fisher_exact			cnchd;ddd;nottingham	ukbb		audain2026_sd3
PMID:42230622	HGNC:3823	syndromic		snv_indel	synonymous	any	0.001	individuals	3	1471	control_cohort	156	45082		0.589	odds_ratio		0.12	1.76	0.495	fisher_exact			cnchd;ddd;nottingham	ukbb		audain2026_sd3
PMID:34324492	HGNC:4173	all		cnv_deletion	lof	any	0.01	individuals	29	7107	control_cohort	0	14040							9.999e-05	permutation	9.999e-05	familywise_permutation	decipher;isca;signature;taa_cases	gain_controls;ottawa_controls;wtccc_controls	Cases combine congenital heart disease with 777 sporadic thoracic aortic aneurysm probands (of 7,958 contributing individuals); the study reports the CHD-only contribution separately for significant genes. A carrier is an individual with a rare deletion (MAF below 0.01) overlapping the gene.	audain2021_s6
PMID:42230622	HGNC:4173	all		snv_indel	lof	any	0.001	individuals	3	3876	control_cohort	1	45082		34.9	odds_ratio		2.8	1810.0	0.00187	fisher_exact			cnchd;ddd;nottingham	ukbb		audain2026_sd3
PMID:42230622	HGNC:4173	all		snv_indel	missense_damaging	any	0.001	individuals	9	3876	control_cohort	42	45082		2.5	odds_ratio		1.07	5.21	0.0176	fisher_exact			cnchd;ddd;nottingham	ukbb		audain2026_sd3
PMID:42230622	HGNC:4173	all		snv_indel	synonymous	any	0.001	individuals	7	3876	control_cohort	82	45082		0.993	odds_ratio		0.387	2.14	1.0	fisher_exact			cnchd;ddd;nottingham	ukbb		audain2026_sd3
PMID:42230622	HGNC:4173	nonsyndromic		snv_indel	lof	any	0.001	individuals	2	2405	control_cohort	1	45082		37.511	odds_ratio		1.9521	2176.3	0.0074323	fisher_exact			cnchd;ddd;nottingham	ukbb		audain2026_sd3
PMID:42230622	HGNC:4173	nonsyndromic		snv_indel	missense_damaging	any	0.001	individuals	4	2405	control_cohort	42	45082		1.7865	odds_ratio		0.4649	4.9302	0.29442	fisher_exact			cnchd;ddd;nottingham	ukbb		audain2026_sd3
PMID:42230622	HGNC:4173	nonsyndromic		snv_indel	synonymous	any	0.001	individuals	5	2405	control_cohort	82	45082		1.1433	odds_ratio		0.3613	2.782	0.62888	fisher_exact			cnchd;ddd;nottingham	ukbb		audain2026_sd3
PMID:42230622	HGNC:4173	syndromic		snv_indel	lof	any	0.001	individuals	1	1471	control_cohort	1	45082		30.7	odds_ratio		0.39	2350.0	0.0622	fisher_exact			cnchd;ddd;nottingham	ukbb		audain2026_sd3
PMID:42230622	HGNC:4173	syndromic		snv_indel	missense_damaging	any	0.001	individuals	5	1471	control_cohort	42	45082		3.66	odds_ratio		1.13	9.25	0.016	fisher_exact			cnchd;ddd;nottingham	ukbb		audain2026_sd3
PMID:42230622	HGNC:4173	syndromic		snv_indel	synonymous	any	0.001	individuals	2	1471	control_cohort	82	45082		0.747	odds_ratio		0.0889	2.79	1.0	fisher_exact			cnchd;ddd;nottingham	ukbb		audain2026_sd3
PMID:42230622	HGNC:4174	all		snv_indel	lof	any	0.001	individuals	1	3876	control_cohort	0	45082			odds_ratio	unbounded_above	0.298		0.0792	fisher_exact			cnchd;ddd;nottingham	ukbb		audain2026_sd3
PMID:42230622	HGNC:4174	all		snv_indel	missense_damaging	any	0.001	individuals	8	3876	control_cohort	36	45082		2.59	odds_ratio		1.04	5.67	0.0208	fisher_exact			cnchd;ddd;nottingham	ukbb		audain2026_sd3
PMID:42230622	HGNC:4174	all		snv_indel	synonymous	any	0.001	individuals	7	3876	control_cohort	133	45082		0.611	odds_ratio		0.241	1.3	0.27	fisher_exact			cnchd;ddd;nottingham	ukbb		audain2026_sd3
PMID:42230622	HGNC:4174	nonsyndromic		snv_indel	missense_damaging	any	0.001	individuals	8	2405	control_cohort	36	45082		4.176	odds_ratio		1.6749	9.1474	0.0014798	fisher_exact			cnchd;ddd;nottingham	ukbb		audain2026_sd3
PMID:42230622	HGNC:4174	nonsyndromic		snv_indel	synonymous	any	0.001	individuals	1	2405	control_cohort	133	45082		0.14058	odds_ratio		0.0035351	0.79767	0.015809	fisher_exact			cnchd;ddd;nottingham	ukbb		audain2026_sd3
PMID:42230622	HGNC:4174	syndromic		snv_indel	lof	any	0.001	individuals	1	1471	control_cohort	0	45082			odds_ratio	unbounded_above	0.786		0.0316	fisher_exact			cnchd;ddd;nottingham	ukbb		audain2026_sd3
PMID:42230622	HGNC:4174	syndromic		snv_indel	missense_damaging	any	0.001	individuals	0	1471	control_cohort	36	45082		0.0	odds_ratio		0.0	3.31	0.63	fisher_exact			cnchd;ddd;nottingham	ukbb		audain2026_sd3
PMID:42230622	HGNC:4174	syndromic		snv_indel	synonymous	any	0.001	individuals	6	1471	control_cohort	133	45082		1.38	odds_ratio		0.498	3.1	0.458	fisher_exact			cnchd;ddd;nottingham	ukbb		audain2026_sd3
PMID:34324492	HGNC:4214	all		cnv_deletion	lof	any	0.01	individuals	2	7107	control_cohort	0	14040							0.117088	permutation	1.0	familywise_permutation	decipher;isca;signature;taa_cases	gain_controls;ottawa_controls;wtccc_controls	Cases combine congenital heart disease with 777 sporadic thoracic aortic aneurysm probands (of 7,958 contributing individuals); the study reports the CHD-only contribution separately for significant genes. A carrier is an individual with a rare deletion (MAF below 0.01) overlapping the gene.	audain2021_s6
PMID:42230622	HGNC:4214	all		snv_indel	lof	any	0.001	individuals	0	3876	control_cohort	5	45082		0.0	odds_ratio		0.0	12.7	1.0	fisher_exact			cnchd;ddd;nottingham	ukbb		audain2026_sd3
PMID:42230622	HGNC:4214	all		snv_indel	missense_damaging	any	0.001	individuals	4	3876	control_cohort	22	45082		2.12	odds_ratio		0.53	6.23	0.146	fisher_exact			cnchd;ddd;nottingham	ukbb		audain2026_sd3
PMID:42230622	HGNC:4214	all		snv_indel	synonymous	any	0.001	individuals	9	3876	control_cohort	51	45082		2.06	odds_ratio		0.889	4.22	0.0526	fisher_exact			cnchd;ddd;nottingham	ukbb		audain2026_sd3
PMID:42230622	HGNC:4214	nonsyndromic		snv_indel	lof	any	0.001	individuals	0	2405	control_cohort	5	45082		0.0	odds_ratio		0.0	20.473	1.0	fisher_exact			cnchd;ddd;nottingham	ukbb		audain2026_sd3
PMID:42230622	HGNC:4214	nonsyndromic		snv_indel	missense_damaging	any	0.001	individuals	2	2405	control_cohort	22	45082		1.7047	odds_ratio		0.19419	6.942	0.34496	fisher_exact			cnchd;ddd;nottingham	ukbb		audain2026_sd3
PMID:42230622	HGNC:4214	nonsyndromic		snv_indel	synonymous	any	0.001	individuals	7	2405	control_cohort	51	45082		2.5773	odds_ratio		0.9857	5.7128	0.026679	fisher_exact			cnchd;ddd;nottingham	ukbb		audain2026_sd3
PMID:42230622	HGNC:4214	syndromic		snv_indel	lof	any	0.001	individuals	0	1471	control_cohort	5	45082		0.0	odds_ratio		0.0	33.5	1.0	fisher_exact			cnchd;ddd;nottingham	ukbb		audain2026_sd3
PMID:42230622	HGNC:4214	syndromic		snv_indel	missense_damaging	any	0.001	individuals	2	1471	control_cohort	22	45082		2.79	odds_ratio		0.318	11.4	0.175	fisher_exact			cnchd;ddd;nottingham	ukbb		audain2026_sd3
PMID:42230622	HGNC:4214	syndromic		snv_indel	synonymous	any	0.001	individuals	2	1471	control_cohort	51	45082		1.2	odds_ratio		0.142	4.58	0.685	fisher_exact			cnchd;ddd;nottingham	ukbb		audain2026_sd3
PMID:34324492	HGNC:4274	all		cnv_deletion	lof	any	0.01	individuals	2	7107	control_cohort	0	14040							0.115788	permutation	1.0	familywise_permutation	decipher;isca;signature;taa_cases	gain_controls;ottawa_controls;wtccc_controls	Cases combine congenital heart disease with 777 sporadic thoracic aortic aneurysm probands (of 7,958 contributing individuals); the study reports the CHD-only contribution separately for significant genes. A carrier is an individual with a rare deletion (MAF below 0.01) overlapping the gene.	audain2021_s6
PMID:34324492	HGNC:4279	all		cnv_deletion	lof	any	0.01	individuals	0	7107	control_cohort	1	14040							1.0	permutation	1.0	familywise_permutation	decipher;isca;signature;taa_cases	gain_controls;ottawa_controls;wtccc_controls	Cases combine congenital heart disease with 777 sporadic thoracic aortic aneurysm probands (of 7,958 contributing individuals); the study reports the CHD-only contribution separately for significant genes. A carrier is an individual with a rare deletion (MAF below 0.01) overlapping the gene.	audain2021_s6
PMID:42230622	HGNC:4279	all		snv_indel	lof	any	0.001	individuals	0	3876	control_cohort	4	45082		0.0	odds_ratio		0.0	17.6	1.0	fisher_exact			cnchd;ddd;nottingham	ukbb		audain2026_sd3
PMID:42230622	HGNC:4279	all		snv_indel	missense_damaging	any	0.001	individuals	3	3876	control_cohort	23	45082		1.52	odds_ratio		0.292	5.03	0.457	fisher_exact			cnchd;ddd;nottingham	ukbb		audain2026_sd3
PMID:42230622	HGNC:4279	all		snv_indel	synonymous	any	0.001	individuals	2	3876	control_cohort	25	45082		0.93	odds_ratio		0.107	3.73	1.0	fisher_exact			cnchd;ddd;nottingham	ukbb		audain2026_sd3
PMID:42230622	HGNC:4279	nonsyndromic		snv_indel	lof	any	0.001	individuals	0	2405	control_cohort	4	45082		0.0	odds_ratio		0.0	28.399	1.0	fisher_exact			cnchd;ddd;nottingham	ukbb		audain2026_sd3
PMID:42230622	HGNC:4279	nonsyndromic		snv_indel	missense_damaging	any	0.001	individuals	1	2405	control_cohort	23	45082		0.81493	odds_ratio		0.019775	5.0228	1.0	fisher_exact			cnchd;ddd;nottingham	ukbb		audain2026_sd3
PMID:42230622	HGNC:4279	nonsyndromic		snv_indel	synonymous	any	0.001	individuals	0	2405	control_cohort	25	45082		0.0	odds_ratio		0.0	2.9809	0.63621	fisher_exact			cnchd;ddd;nottingham	ukbb		audain2026_sd3
PMID:42230622	HGNC:4279	syndromic		snv_indel	lof	any	0.001	individuals	0	1471	control_cohort	4	45082		0.0	odds_ratio		0.0	46.5	1.0	fisher_exact			cnchd;ddd;nottingham	ukbb		audain2026_sd3
PMID:42230622	HGNC:4279	syndromic		snv_indel	missense_damaging	any	0.001	individuals	2	1471	control_cohort	23	45082		2.67	odds_ratio		0.305	10.8	0.186	fisher_exact			cnchd;ddd;nottingham	ukbb		audain2026_sd3
PMID:42230622	HGNC:4279	syndromic		snv_indel	synonymous	any	0.001	individuals	2	1471	control_cohort	25	45082		2.45	odds_ratio		0.281	9.86	0.21	fisher_exact			cnchd;ddd;nottingham	ukbb		audain2026_sd3
PMID:34324492	HGNC:4317	all		cnv_deletion	lof	any	0.01	individuals	3	7107	control_cohort	0	14040							0.0414959	permutation	1.0	familywise_permutation	decipher;isca;signature;taa_cases	gain_controls;ottawa_controls;wtccc_controls	Cases combine congenital heart disease with 777 sporadic thoracic aortic aneurysm probands (of 7,958 contributing individuals); the study reports the CHD-only contribution separately for significant genes. A carrier is an individual with a rare deletion (MAF below 0.01) overlapping the gene.	audain2021_s6
PMID:42230622	HGNC:4317	all		snv_indel	lof	any	0.001	individuals	0	3876	control_cohort	12	45082		0.0	odds_ratio		0.0	4.19	0.616	fisher_exact			cnchd;ddd;nottingham	ukbb		audain2026_sd3
PMID:42230622	HGNC:4317	all		snv_indel	missense_damaging	any	0.001	individuals	4	3876	control_cohort	45	45082		1.03	odds_ratio		0.27	2.84	0.794	fisher_exact			cnchd;ddd;nottingham	ukbb		audain2026_sd3
PMID:42230622	HGNC:4317	all		snv_indel	synonymous	any	0.001	individuals	8	3876	control_cohort	49	45082		1.9	odds_ratio		0.777	4.05	0.132	fisher_exact			cnchd;ddd;nottingham	ukbb		audain2026_sd3
PMID:42230622	HGNC:4317	nonsyndromic		snv_indel	lof	any	0.001	individuals	0	2405	control_cohort	12	45082		0.0	odds_ratio		0.0	6.75	1.0	fisher_exact			cnchd;ddd;nottingham	ukbb		audain2026_sd3
PMID:42230622	HGNC:4317	nonsyndromic		snv_indel	missense_damaging	any	0.001	individuals	1	2405	control_cohort	45	45082		0.41632	odds_ratio		0.010313	2.4434	0.7302	fisher_exact			cnchd;ddd;nottingham	ukbb		audain2026_sd3
PMID:42230622	HGNC:4317	nonsyndromic		snv_indel	synonymous	any	0.001	individuals	4	2405	control_cohort	49	45082		1.5311	odds_ratio		0.40095	4.1812	0.34404	fisher_exact			cnchd;ddd;nottingham	ukbb		audain2026_sd3
PMID:42230622	HGNC:4317	syndromic		snv_indel	lof	any	0.001	individuals	0	1471	control_cohort	12	45082		0.0	odds_ratio		0.0	11.0	1.0	fisher_exact			cnchd;ddd;nottingham	ukbb		audain2026_sd3
PMID:42230622	HGNC:4317	syndromic		snv_indel	missense_damaging	any	0.001	individuals	3	1471	control_cohort	45	45082		2.05	odds_ratio		0.406	6.38	0.193	fisher_exact			cnchd;ddd;nottingham	ukbb		audain2026_sd3
PMID:42230622	HGNC:4317	syndromic		snv_indel	synonymous	any	0.001	individuals	4	1471	control_cohort	49	45082		2.51	odds_ratio		0.656	6.85	0.0862	fisher_exact			cnchd;ddd;nottingham	ukbb		audain2026_sd3
PMID:42230622	HGNC:4807	all		snv_indel	missense_damaging	any	0.001	individuals	4	3876	control_cohort	30	45082		1.55	odds_ratio		0.397	4.41	0.342	fisher_exact			cnchd;ddd;nottingham	ukbb		audain2026_sd3
PMID:42230622	HGNC:4807	all		snv_indel	synonymous	any	0.001	individuals	1	3876	control_cohort	47	45082		0.247	odds_ratio		0.00613	1.45	0.18	fisher_exact			cnchd;ddd;nottingham	ukbb		audain2026_sd3
PMID:42230622	HGNC:4807	nonsyndromic		snv_indel	missense_damaging	any	0.001	individuals	3	2405	control_cohort	30	45082		1.8756	odds_ratio		0.36603	6.0375	0.23284	fisher_exact			cnchd;ddd;nottingham	ukbb		audain2026_sd3
PMID:42230622	HGNC:4807	nonsyndromic		snv_indel	synonymous	any	0.001	individuals	1	2405	control_cohort	47	45082		0.39859	odds_ratio		0.0098824	2.3342	0.51818	fisher_exact			cnchd;ddd;nottingham	ukbb		audain2026_sd3
PMID:42230622	HGNC:4807	syndromic		snv_indel	missense_damaging	any	0.001	individuals	1	1471	control_cohort	30	45082		1.02	odds_ratio		0.025	6.15	1.0	fisher_exact			cnchd;ddd;nottingham	ukbb		audain2026_sd3
PMID:42230622	HGNC:4807	syndromic		snv_indel	synonymous	any	0.001	individuals	0	1471	control_cohort	47	45082		0.0	odds_ratio		0.0	2.5	0.406	fisher_exact			cnchd;ddd;nottingham	ukbb		audain2026_sd3
PMID:34324492	HGNC:4808	all		cnv_deletion	lof	any	0.01	individuals	2	7107	control_cohort	0	14040							0.114989	permutation	1.0	familywise_permutation	decipher;isca;signature;taa_cases	gain_controls;ottawa_controls;wtccc_controls	Cases combine congenital heart disease with 777 sporadic thoracic aortic aneurysm probands (of 7,958 contributing individuals); the study reports the CHD-only contribution separately for significant genes. A carrier is an individual with a rare deletion (MAF below 0.01) overlapping the gene.	audain2021_s6
PMID:42230622	HGNC:4808	all		snv_indel	lof	any	0.001	individuals	1	3876	control_cohort	11	45082		1.06	odds_ratio		0.0246	7.28	1.0	fisher_exact			cnchd;ddd;nottingham	ukbb		audain2026_sd3
PMID:42230622	HGNC:4808	all		snv_indel	missense_damaging	any	0.001	individuals	5	3876	control_cohort	30	45082		1.94	odds_ratio		0.587	5.05	0.195	fisher_exact			cnchd;ddd;nottingham	ukbb		audain2026_sd3
PMID:42230622	HGNC:4808	all		snv_indel	synonymous	any	0.001	individuals	2	3876	control_cohort	20	45082		1.16	odds_ratio		0.132	4.79	0.692	fisher_exact			cnchd;ddd;nottingham	ukbb		audain2026_sd3
PMID:42230622	HGNC:4808	nonsyndromic		snv_indel	lof	any	0.001	individuals	0	2405	control_cohort	11	45082		0.0	odds_ratio		0.0	7.4732	1.0	fisher_exact			cnchd;ddd;nottingham	ukbb		audain2026_sd3
PMID:42230622	HGNC:4808	nonsyndromic		snv_indel	missense_damaging	any	0.001	individuals	3	2405	control_cohort	30	45082		1.8756	odds_ratio		0.36603	6.0375	0.23284	fisher_exact			cnchd;ddd;nottingham	ukbb		audain2026_sd3
PMID:42230622	HGNC:4808	nonsyndromic		snv_indel	synonymous	any	0.001	individuals	2	2405	control_cohort	20	45082		1.8753	odds_ratio		0.21238	7.7267	0.3072	fisher_exact			cnchd;ddd;nottingham	ukbb		audain2026_sd3
PMID:42230622	HGNC:4808	syndromic		snv_indel	lof	any	0.001	individuals	1	1471	control_cohort	11	45082		2.79	odds_ratio		0.0647	19.2	0.32	fisher_exact			cnchd;ddd;nottingham	ukbb		audain2026_sd3
PMID:42230622	HGNC:4808	syndromic		snv_indel	missense_damaging	any	0.001	individuals	2	1471	control_cohort	30	45082		2.04	odds_ratio		0.237	8.07	0.268	fisher_exact			cnchd;ddd;nottingham	ukbb		audain2026_sd3
PMID:42230622	HGNC:4808	syndromic		snv_indel	synonymous	any	0.001	individuals	0	1471	control_cohort	20	45082		0.0	odds_ratio		0.0	6.21	1.0	fisher_exact			cnchd;ddd;nottingham	ukbb		audain2026_sd3
PMID:34324492	HGNC:4819	all		cnv_deletion	lof	any	0.01	individuals	1	7107	control_cohort	0	14040							0.340566	permutation	1.0	familywise_permutation	decipher;isca;signature;taa_cases	gain_controls;ottawa_controls;wtccc_controls	Cases combine congenital heart disease with 777 sporadic thoracic aortic aneurysm probands (of 7,958 contributing individuals); the study reports the CHD-only contribution separately for significant genes. A carrier is an individual with a rare deletion (MAF below 0.01) overlapping the gene.	audain2021_s6
PMID:42230622	HGNC:4819	all		snv_indel	lof	any	0.001	individuals	0	3876	control_cohort	1	45082		0.0	odds_ratio		0.0	450.0	1.0	fisher_exact			cnchd;ddd;nottingham	ukbb		audain2026_sd3
PMID:42230622	HGNC:4819	all		snv_indel	synonymous	any	0.001	individuals	4	3876	control_cohort	75	45082		0.62	odds_ratio		0.165	1.66	0.528	fisher_exact			cnchd;ddd;nottingham	ukbb		audain2026_sd3
PMID:42230622	HGNC:4819	nonsyndromic		snv_indel	lof	any	0.001	individuals	0	2405	control_cohort	1	45082		0.0	odds_ratio		0.0	722.81	1.0	fisher_exact			cnchd;ddd;nottingham	ukbb		audain2026_sd3
PMID:42230622	HGNC:4819	nonsyndromic		snv_indel	synonymous	any	0.001	individuals	3	2405	control_cohort	75	45082		0.74949	odds_ratio		0.15109	2.2787	0.79933	fisher_exact			cnchd;ddd;nottingham	ukbb		audain2026_sd3
PMID:42230622	HGNC:4819	syndromic		snv_indel	lof	any	0.001	individuals	0	1471	control_cohort	1	45082		0.0	odds_ratio		0.0	1170.0	1.0	fisher_exact			cnchd;ddd;nottingham	ukbb		audain2026_sd3
PMID:42230622	HGNC:4819	syndromic		snv_indel	synonymous	any	0.001	individuals	1	1471	control_cohort	75	45082		0.408	odds_ratio		0.0102	2.35	0.735	fisher_exact			cnchd;ddd;nottingham	ukbb		audain2026_sd3
PMID:42230622	HGNC:4852	all		snv_indel	lof	any	0.001	individuals	0	3876	control_cohort	3	45082		0.0	odds_ratio		0.0	28.2	1.0	fisher_exact			cnchd;ddd;nottingham	ukbb		audain2026_sd3
PMID:42230622	HGNC:4852	all		snv_indel	missense_damaging	any	0.001	individuals	3	3876	control_cohort	14	45082		2.49	odds_ratio		0.459	8.94	0.147	fisher_exact			cnchd;ddd;nottingham	ukbb		audain2026_sd3
PMID:42230622	HGNC:4852	all		snv_indel	synonymous	any	0.001	individuals	8	3876	control_cohort	66	45082		1.41	odds_ratio		0.584	2.95	0.383	fisher_exact			cnchd;ddd;nottingham	ukbb		audain2026_sd3
PMID:42230622	HGNC:4852	nonsyndromic		snv_indel	lof	any	0.001	individuals	0	2405	control_cohort	3	45082		0.0	odds_ratio		0.0	45.313	1.0	fisher_exact			cnchd;ddd;nottingham	ukbb		audain2026_sd3
PMID:42230622	HGNC:4852	nonsyndromic		snv_indel	missense_damaging	any	0.001	individuals	2	2405	control_cohort	14	45082		2.6793	odds_ratio		0.29536	11.678	0.19301	fisher_exact			cnchd;ddd;nottingham	ukbb		audain2026_sd3
PMID:42230622	HGNC:4852	nonsyndromic		snv_indel	synonymous	any	0.001	individuals	7	2405	control_cohort	66	45082		1.991	odds_ratio		0.76971	4.3424	0.098562	fisher_exact			cnchd;ddd;nottingham	ukbb		audain2026_sd3
PMID:42230622	HGNC:4852	syndromic		snv_indel	lof	any	0.001	individuals	0	1471	control_cohort	3	45082		0.0	odds_ratio		0.0	74.2	1.0	fisher_exact			cnchd;ddd;nottingham	ukbb		audain2026_sd3
PMID:42230622	HGNC:4852	syndromic		snv_indel	missense_damaging	any	0.001	individuals	1	1471	control_cohort	14	45082		2.19	odds_ratio		0.0518	14.4	0.382	fisher_exact			cnchd;ddd;nottingham	ukbb		audain2026_sd3
PMID:42230622	HGNC:4852	syndromic		snv_indel	synonymous	any	0.001	individuals	1	1471	control_cohort	66	45082		0.464	odds_ratio		0.0116	2.68	0.726	fisher_exact			cnchd;ddd;nottingham	ukbb		audain2026_sd3
PMID:34324492	HGNC:4880	all		cnv_deletion	lof	any	0.01	individuals	1	7107	control_cohort	0	14040							0.343166	permutation	1.0	familywise_permutation	decipher;isca;signature;taa_cases	gain_controls;ottawa_controls;wtccc_controls	Cases combine congenital heart disease with 777 sporadic thoracic aortic aneurysm probands (of 7,958 contributing individuals); the study reports the CHD-only contribution separately for significant genes. A carrier is an individual with a rare deletion (MAF below 0.01) overlapping the gene.	audain2021_s6
PMID:42230622	HGNC:4880	all		snv_indel	lof	any	0.001	individuals	0	3876	control_cohort	5	45082		0.0	odds_ratio		0.0	12.7	1.0	fisher_exact			cnchd;ddd;nottingham	ukbb		audain2026_sd3
PMID:42230622	HGNC:4880	all		snv_indel	missense_damaging	any	0.001	individuals	1	3876	control_cohort	7	45082		1.66	odds_ratio		0.0369	12.9	0.483	fisher_exact			cnchd;ddd;nottingham	ukbb		audain2026_sd3
PMID:42230622	HGNC:4880	all		snv_indel	synonymous	any	0.001	individuals	2	3876	control_cohort	25	45082		0.93	odds_ratio		0.107	3.73	1.0	fisher_exact			cnchd;ddd;nottingham	ukbb		audain2026_sd3
PMID:42230622	HGNC:4880	nonsyndromic		snv_indel	lof	any	0.001	individuals	0	2405	control_cohort	5	45082		0.0	odds_ratio		0.0	20.473	1.0	fisher_exact			cnchd;ddd;nottingham	ukbb		audain2026_sd3
PMID:42230622	HGNC:4880	nonsyndromic		snv_indel	missense_damaging	any	0.001	individuals	0	2405	control_cohort	7	45082		0.0	odds_ratio		0.0	13.01	1.0	fisher_exact			cnchd;ddd;nottingham	ukbb		audain2026_sd3
PMID:42230622	HGNC:4880	nonsyndromic		snv_indel	synonymous	any	0.001	individuals	2	2405	control_cohort	25	45082		1.5	odds_ratio		0.17207	6.0216	0.40021	fisher_exact			cnchd;ddd;nottingham	ukbb		audain2026_sd3
PMID:42230622	HGNC:4880	syndromic		snv_indel	lof	any	0.001	individuals	0	1471	control_cohort	5	45082		0.0	odds_ratio		0.0	33.5	1.0	fisher_exact			cnchd;ddd;nottingham	ukbb		audain2026_sd3
PMID:42230622	HGNC:4880	syndromic		snv_indel	missense_damaging	any	0.001	individuals	1	1471	control_cohort	7	45082		4.38	odds_ratio		0.0971	34.1	0.227	fisher_exact			cnchd;ddd;nottingham	ukbb		audain2026_sd3
PMID:42230622	HGNC:4880	syndromic		snv_indel	synonymous	any	0.001	individuals	0	1471	control_cohort	25	45082		0.0	odds_ratio		0.0	4.88	1.0	fisher_exact			cnchd;ddd;nottingham	ukbb		audain2026_sd3
PMID:34324492	HGNC:4881	all		cnv_deletion	lof	any	0.01	individuals	1	7107	control_cohort	1	14040							0.562144	permutation	1.0	familywise_permutation	decipher;isca;signature;taa_cases	gain_controls;ottawa_controls;wtccc_controls	Cases combine congenital heart disease with 777 sporadic thoracic aortic aneurysm probands (of 7,958 contributing individuals); the study reports the CHD-only contribution separately for significant genes. A carrier is an individual with a rare deletion (MAF below 0.01) overlapping the gene.	audain2021_s6
PMID:42230622	HGNC:4881	all		snv_indel	lof	any	0.001	individuals	0	3876	control_cohort	3	45082		0.0	odds_ratio		0.0	28.2	1.0	fisher_exact			cnchd;ddd;nottingham	ukbb		audain2026_sd3
PMID:42230622	HGNC:4881	all		snv_indel	missense_damaging	any	0.001	individuals	2	3876	control_cohort	9	45082		2.59	odds_ratio		0.272	12.5	0.215	fisher_exact			cnchd;ddd;nottingham	ukbb		audain2026_sd3
PMID:42230622	HGNC:4881	all		snv_indel	synonymous	any	0.001	individuals	5	3876	control_cohort	49	45082		1.19	odds_ratio		0.369	2.97	0.615	fisher_exact			cnchd;ddd;nottingham	ukbb		audain2026_sd3
PMID:42230622	HGNC:4881	nonsyndromic		snv_indel	lof	any	0.001	individuals	0	2405	control_cohort	3	45082		0.0	odds_ratio		0.0	45.313	1.0	fisher_exact			cnchd;ddd;nottingham	ukbb		audain2026_sd3
PMID:42230622	HGNC:4881	nonsyndromic		snv_indel	missense_damaging	any	0.001	individuals	2	2405	control_cohort	9	45082		4.1681	odds_ratio		0.43799	20.152	0.10412	fisher_exact			cnchd;ddd;nottingham	ukbb		audain2026_sd3
PMID:42230622	HGNC:4881	nonsyndromic		snv_indel	synonymous	any	0.001	individuals	2	2405	control_cohort	49	45082		0.76491	odds_ratio		0.09005	2.9174	1.0	fisher_exact			cnchd;ddd;nottingham	ukbb		audain2026_sd3
PMID:42230622	HGNC:4881	syndromic		snv_indel	lof	any	0.001	individuals	0	1471	control_cohort	3	45082		0.0	odds_ratio		0.0	74.2	1.0	fisher_exact			cnchd;ddd;nottingham	ukbb		audain2026_sd3
PMID:42230622	HGNC:4881	syndromic		snv_indel	missense_damaging	any	0.001	individuals	0	1471	control_cohort	9	45082		0.0	odds_ratio		0.0	15.5	1.0	fisher_exact			cnchd;ddd;nottingham	ukbb		audain2026_sd3
PMID:42230622	HGNC:4881	syndromic		snv_indel	synonymous	any	0.001	individuals	3	1471	control_cohort	49	45082		1.88	odds_ratio		0.374	5.83	0.226	fisher_exact			cnchd;ddd;nottingham	ukbb		audain2026_sd3
PMID:42230622	HGNC:5361	all		snv_indel	missense_damaging	any	0.001	individuals	0	3876	control_cohort	2	45082		0.0	odds_ratio		0.0	61.9	1.0	fisher_exact			cnchd;ddd;nottingham	ukbb		audain2026_sd3
PMID:42230622	HGNC:5361	all		snv_indel	synonymous	any	0.001	individuals	1	3876	control_cohort	24	45082		0.485	odds_ratio		0.0118	2.97	0.718	fisher_exact			cnchd;ddd;nottingham	ukbb		audain2026_sd3
PMID:42230622	HGNC:5361	nonsyndromic		snv_indel	missense_damaging	any	0.001	individuals	0	2405	control_cohort	2	45082		0.0	odds_ratio		0.0	100.01	1.0	fisher_exact			cnchd;ddd;nottingham	ukbb		audain2026_sd3
PMID:42230622	HGNC:5361	nonsyndromic		snv_indel	synonymous	any	0.001	individuals	0	2405	control_cohort	24	45082		0.0	odds_ratio		0.0	3.1148	0.63213	fisher_exact			cnchd;ddd;nottingham	ukbb		audain2026_sd3
PMID:42230622	HGNC:5361	syndromic		snv_indel	missense_damaging	any	0.001	individuals	0	1471	control_cohort	2	45082		0.0	odds_ratio		0.0	163.0	1.0	fisher_exact			cnchd;ddd;nottingham	ukbb		audain2026_sd3
PMID:42230622	HGNC:5361	syndromic		snv_indel	synonymous	any	0.001	individuals	1	1471	control_cohort	24	45082		1.28	odds_ratio		0.031	7.84	0.552	fisher_exact			cnchd;ddd;nottingham	ukbb		audain2026_sd3
PMID:34324492	HGNC:6129	all		cnv_deletion	lof	any	0.01	individuals	0	7107	control_cohort	2	14040							1.0	permutation	1.0	familywise_permutation	decipher;isca;signature;taa_cases	gain_controls;ottawa_controls;wtccc_controls	Cases combine congenital heart disease with 777 sporadic thoracic aortic aneurysm probands (of 7,958 contributing individuals); the study reports the CHD-only contribution separately for significant genes. A carrier is an individual with a rare deletion (MAF below 0.01) overlapping the gene.	audain2021_s6
PMID:42230622	HGNC:6129	all		snv_indel	missense_damaging	any	0.001	individuals	1	3876	control_cohort	28	45082		0.415	odds_ratio		0.0102	2.51	0.725	fisher_exact			cnchd;ddd;nottingham	ukbb		audain2026_sd3
PMID:42230622	HGNC:6129	all		snv_indel	synonymous	any	0.001	individuals	10	3876	control_cohort	86	45082		1.35	odds_ratio		0.626	2.61	0.343	fisher_exact			cnchd;ddd;nottingham	ukbb		audain2026_sd3
PMID:42230622	HGNC:6129	nonsyndromic		snv_indel	missense_damaging	any	0.001	individuals	1	2405	control_cohort	28	45082		0.66933	odds_ratio		0.016362	4.0518	1.0	fisher_exact			cnchd;ddd;nottingham	ukbb		audain2026_sd3
PMID:42230622	HGNC:6129	nonsyndromic		snv_indel	synonymous	any	0.001	individuals	6	2405	control_cohort	86	45082		1.3086	odds_ratio		0.46679	2.9708	0.47199	fisher_exact			cnchd;ddd;nottingham	ukbb		audain2026_sd3
PMID:42230622	HGNC:6129	syndromic		snv_indel	missense_damaging	any	0.001	individuals	0	1471	control_cohort	28	45082		0.0	odds_ratio		0.0	4.32	1.0	fisher_exact			cnchd;ddd;nottingham	ukbb		audain2026_sd3
PMID:42230622	HGNC:6129	syndromic		snv_indel	synonymous	any	0.001	individuals	4	1471	control_cohort	86	45082		1.43	odds_ratio		0.38	3.79	0.373	fisher_exact			cnchd;ddd;nottingham	ukbb		audain2026_sd3
PMID:34324492	HGNC:6132	all		cnv_deletion	lof	any	0.01	individuals	1	7107	control_cohort	0	14040							0.341866	permutation	1.0	familywise_permutation	decipher;isca;signature;taa_cases	gain_controls;ottawa_controls;wtccc_controls	Cases combine congenital heart disease with 777 sporadic thoracic aortic aneurysm probands (of 7,958 contributing individuals); the study reports the CHD-only contribution separately for significant genes. A carrier is an individual with a rare deletion (MAF below 0.01) overlapping the gene.	audain2021_s6
PMID:42230622	HGNC:6132	all		snv_indel	missense_damaging	any	0.001	individuals	1	3876	control_cohort	31	45082		0.375	odds_ratio		0.0092	2.25	0.513	fisher_exact			cnchd;ddd;nottingham	ukbb		audain2026_sd3
PMID:42230622	HGNC:6132	all		snv_indel	synonymous	any	0.001	individuals	4	3876	control_cohort	35	45082		1.33	odds_ratio		0.343	3.72	0.547	fisher_exact			cnchd;ddd;nottingham	ukbb		audain2026_sd3
PMID:42230622	HGNC:6132	nonsyndromic		snv_indel	missense_damaging	any	0.001	individuals	1	2405	control_cohort	31	45082		0.60451	odds_ratio		0.014829	3.6302	1.0	fisher_exact			cnchd;ddd;nottingham	ukbb		audain2026_sd3
PMID:42230622	HGNC:6132	nonsyndromic		snv_indel	synonymous	any	0.001	individuals	3	2405	control_cohort	35	45082		1.6074	odds_ratio		0.31609	5.1047	0.44095	fisher_exact			cnchd;ddd;nottingham	ukbb		audain2026_sd3
PMID:42230622	HGNC:6132	syndromic		snv_indel	missense_damaging	any	0.001	individuals	0	1471	control_cohort	31	45082		0.0	odds_ratio		0.0	3.87	0.626	fisher_exact			cnchd;ddd;nottingham	ukbb		audain2026_sd3
PMID:42230622	HGNC:6132	syndromic		snv_indel	synonymous	any	0.001	individuals	1	1471	control_cohort	35	45082		0.876	odds_ratio		0.0215	5.22	1.0	fisher_exact			cnchd;ddd;nottingham	ukbb		audain2026_sd3
PMID:34324492	HGNC:6188	all		cnv_deletion	lof	any	0.01	individuals	4	7107	control_cohort	0	14040							0.0138986	permutation	0.9998	familywise_permutation	decipher;isca;signature;taa_cases	gain_controls;ottawa_controls;wtccc_controls	Cases combine congenital heart disease with 777 sporadic thoracic aortic aneurysm probands (of 7,958 contributing individuals); the study reports the CHD-only contribution separately for significant genes. A carrier is an individual with a rare deletion (MAF below 0.01) overlapping the gene.	audain2021_s6
PMID:42230622	HGNC:6188	all		snv_indel	lof	any	0.001	individuals	1	3876	control_cohort	1	45082		11.6	odds_ratio		0.148	906.0	0.152	fisher_exact			cnchd;ddd;nottingham	ukbb		audain2026_sd3
PMID:42230622	HGNC:6188	all		snv_indel	missense_damaging	any	0.001	individuals	16	3876	control_cohort	152	45082		1.23	odds_ratio		0.682	2.06	0.393	fisher_exact			cnchd;ddd;nottingham	ukbb		audain2026_sd3
PMID:42230622	HGNC:6188	all		snv_indel	synonymous	any	0.001	individuals	9	3876	control_cohort	185	45082		0.565	odds_ratio		0.254	1.1	0.108	fisher_exact			cnchd;ddd;nottingham	ukbb		audain2026_sd3
PMID:42230622	HGNC:6188	nonsyndromic		snv_indel	lof	any	0.001	individuals	0	2405	control_cohort	1	45082		0.0	odds_ratio		0.0	722.81	1.0	fisher_exact			cnchd;ddd;nottingham	ukbb		audain2026_sd3
PMID:42230622	HGNC:6188	nonsyndromic		snv_indel	missense_damaging	any	0.001	individuals	9	2405	control_cohort	152	45082		1.1103	odds_ratio		0.49752	2.1678	0.71742	fisher_exact			cnchd;ddd;nottingham	ukbb		audain2026_sd3
PMID:42230622	HGNC:6188	nonsyndromic		snv_indel	synonymous	any	0.001	individuals	6	2405	control_cohort	185	45082		0.60697	odds_ratio		0.21968	1.3485	0.31754	fisher_exact			cnchd;ddd;nottingham	ukbb		audain2026_sd3
PMID:42230622	HGNC:6188	syndromic		snv_indel	lof	any	0.001	individuals	1	1471	control_cohort	1	45082		30.7	odds_ratio		0.39	2350.0	0.0622	fisher_exact			cnchd;ddd;nottingham	ukbb		audain2026_sd3
PMID:42230622	HGNC:6188	syndromic		snv_indel	missense_damaging	any	0.001	individuals	7	1471	control_cohort	152	45082		1.41	odds_ratio		0.558	2.99	0.357	fisher_exact			cnchd;ddd;nottingham	ukbb		audain2026_sd3
PMID:42230622	HGNC:6188	syndromic		snv_indel	synonymous	any	0.001	individuals	3	1471	control_cohort	185	45082		0.496	odds_ratio		0.101	1.48	0.295	fisher_exact			cnchd;ddd;nottingham	ukbb		audain2026_sd3
PMID:34324492	HGNC:6263	all		cnv_deletion	lof	any	0.01	individuals	1	7107	control_cohort	0	14040							0.338766	permutation	1.0	familywise_permutation	decipher;isca;signature;taa_cases	gain_controls;ottawa_controls;wtccc_controls	Cases combine congenital heart disease with 777 sporadic thoracic aortic aneurysm probands (of 7,958 contributing individuals); the study reports the CHD-only contribution separately for significant genes. A carrier is an individual with a rare deletion (MAF below 0.01) overlapping the gene.	audain2021_s6
PMID:42230622	HGNC:6263	all		snv_indel	lof	any	0.001	individuals	0	3876	control_cohort	1	45082		0.0	odds_ratio		0.0	450.0	1.0	fisher_exact			cnchd;ddd;nottingham	ukbb		audain2026_sd3
PMID:42230622	HGNC:6263	all		snv_indel	missense_damaging	any	0.001	individuals	4	3876	control_cohort	16	45082		2.91	odds_ratio		0.708	9.02	0.0684	fisher_exact			cnchd;ddd;nottingham	ukbb		audain2026_sd3
PMID:42230622	HGNC:6263	all		snv_indel	synonymous	any	0.001	individuals	9	3876	control_cohort	78	45082		1.34	odds_ratio		0.592	2.69	0.422	fisher_exact			cnchd;ddd;nottingham	ukbb		audain2026_sd3
PMID:42230622	HGNC:6263	nonsyndromic		snv_indel	lof	any	0.001	individuals	0	2405	control_cohort	1	45082		0.0	odds_ratio		0.0	722.81	1.0	fisher_exact			cnchd;ddd;nottingham	ukbb		audain2026_sd3
PMID:42230622	HGNC:6263	nonsyndromic		snv_indel	missense_damaging	any	0.001	individuals	3	2405	control_cohort	16	45082		3.5177	odds_ratio		0.65639	12.302	0.068589	fisher_exact			cnchd;ddd;nottingham	ukbb		audain2026_sd3
PMID:42230622	HGNC:6263	nonsyndromic		snv_indel	synonymous	any	0.001	individuals	5	2405	control_cohort	78	45082		1.202	odds_ratio		0.37935	2.9308	0.6139	fisher_exact			cnchd;ddd;nottingham	ukbb		audain2026_sd3
PMID:42230622	HGNC:6263	syndromic		snv_indel	lof	any	0.001	individuals	0	1471	control_cohort	1	45082		0.0	odds_ratio		0.0	1170.0	1.0	fisher_exact			cnchd;ddd;nottingham	ukbb		audain2026_sd3
PMID:42230622	HGNC:6263	syndromic		snv_indel	missense_damaging	any	0.001	individuals	1	1471	control_cohort	16	45082		1.92	odds_ratio		0.0457	12.3	0.421	fisher_exact			cnchd;ddd;nottingham	ukbb		audain2026_sd3
PMID:42230622	HGNC:6263	syndromic		snv_indel	synonymous	any	0.001	individuals	4	1471	control_cohort	78	45082		1.57	odds_ratio		0.418	4.2	0.332	fisher_exact			cnchd;ddd;nottingham	ukbb		audain2026_sd3
PMID:34324492	HGNC:6307	all		cnv_deletion	lof	any	0.01	individuals	2	7107	control_cohort	0	14040							0.117888	permutation	1.0	familywise_permutation	decipher;isca;signature;taa_cases	gain_controls;ottawa_controls;wtccc_controls	Cases combine congenital heart disease with 777 sporadic thoracic aortic aneurysm probands (of 7,958 contributing individuals); the study reports the CHD-only contribution separately for significant genes. A carrier is an individual with a rare deletion (MAF below 0.01) overlapping the gene.	audain2021_s6
PMID:42230622	HGNC:6307	all		snv_indel	lof	any	0.001	individuals	2	3876	control_cohort	5	45082		4.65	odds_ratio		0.443	28.4	0.101	fisher_exact			cnchd;ddd;nottingham	ukbb		audain2026_sd3
PMID:42230622	HGNC:6307	all		snv_indel	missense_damaging	any	0.001	individuals	10	3876	control_cohort	98	45082		1.19	odds_ratio		0.552	2.28	0.59	fisher_exact			cnchd;ddd;nottingham	ukbb		audain2026_sd3
PMID:42230622	HGNC:6307	all		snv_indel	synonymous	any	0.001	individuals	14	3876	control_cohort	140	45082		1.16	odds_ratio		0.62	2.02	0.55	fisher_exact			cnchd;ddd;nottingham	ukbb		audain2026_sd3
PMID:42230622	HGNC:6307	nonsyndromic		snv_indel	lof	any	0.001	individuals	1	2405	control_cohort	5	45082		3.7497	odds_ratio		0.079256	33.533	0.26791	fisher_exact			cnchd;ddd;nottingham	ukbb		audain2026_sd3
PMID:42230622	HGNC:6307	nonsyndromic		snv_indel	missense_damaging	any	0.001	individuals	8	2405	control_cohort	98	45082		1.5319	odds_ratio		0.64259	3.1441	0.26007	fisher_exact			cnchd;ddd;nottingham	ukbb		audain2026_sd3
PMID:42230622	HGNC:6307	nonsyndromic		snv_indel	synonymous	any	0.001	individuals	9	2405	control_cohort	140	45082		1.2058	odds_ratio		0.53943	2.3594	0.57148	fisher_exact			cnchd;ddd;nottingham	ukbb		audain2026_sd3
PMID:42230622	HGNC:6307	syndromic		snv_indel	lof	any	0.001	individuals	1	1471	control_cohort	5	45082		6.13	odds_ratio		0.13	54.9	0.175	fisher_exact			cnchd;ddd;nottingham	ukbb		audain2026_sd3
PMID:42230622	HGNC:6307	syndromic		snv_indel	missense_damaging	any	0.001	individuals	2	1471	control_cohort	98	45082		0.625	odds_ratio		0.0746	2.32	0.773	fisher_exact			cnchd;ddd;nottingham	ukbb		audain2026_sd3
PMID:42230622	HGNC:6307	syndromic		snv_indel	synonymous	any	0.001	individuals	5	1471	control_cohort	140	45082		1.09	odds_ratio		0.35	2.62	0.809	fisher_exact			cnchd;ddd;nottingham	ukbb		audain2026_sd3
PMID:34324492	HGNC:6694	all		cnv_deletion	lof	any	0.01	individuals	2	7107	control_cohort	0	14040							0.118688	permutation	1.0	familywise_permutation	decipher;isca;signature;taa_cases	gain_controls;ottawa_controls;wtccc_controls	Cases combine congenital heart disease with 777 sporadic thoracic aortic aneurysm probands (of 7,958 contributing individuals); the study reports the CHD-only contribution separately for significant genes. A carrier is an individual with a rare deletion (MAF below 0.01) overlapping the gene.	audain2021_s6
PMID:42230622	HGNC:6694	all		snv_indel	lof	any	0.001	individuals	0	3876	control_cohort	9	45082		0.0	odds_ratio		0.0	5.89	1.0	fisher_exact			cnchd;ddd;nottingham	ukbb		audain2026_sd3
PMID:42230622	HGNC:6694	all		snv_indel	missense_damaging	any	0.001	individuals	38	3876	control_cohort	479	45082		0.922	odds_ratio		0.643	1.29	0.683	fisher_exact			cnchd;ddd;nottingham	ukbb		audain2026_sd3
PMID:42230622	HGNC:6694	all		snv_indel	synonymous	any	0.001	individuals	54	3876	control_cohort	514	45082		1.23	odds_ratio		0.906	1.63	0.159	fisher_exact			cnchd;ddd;nottingham	ukbb		audain2026_sd3
PMID:42230622	HGNC:6694	nonsyndromic		snv_indel	lof	any	0.001	individuals	0	2405	control_cohort	9	45082		0.0	odds_ratio		0.0	9.5023	1.0	fisher_exact			cnchd;ddd;nottingham	ukbb		audain2026_sd3
PMID:42230622	HGNC:6694	nonsyndromic		snv_indel	missense_damaging	any	0.001	individuals	24	2405	control_cohort	479	45082		0.9386	odds_ratio		0.59419	1.4171	0.83832	fisher_exact			cnchd;ddd;nottingham	ukbb		audain2026_sd3
PMID:42230622	HGNC:6694	nonsyndromic		snv_indel	synonymous	any	0.001	individuals	34	2405	control_cohort	514	45082		1.2434	odds_ratio		0.84959	1.7653	0.23825	fisher_exact			cnchd;ddd;nottingham	ukbb		audain2026_sd3
PMID:42230622	HGNC:6694	syndromic		snv_indel	lof	any	0.001	individuals	0	1471	control_cohort	9	45082		0.0	odds_ratio		0.0	15.5	1.0	fisher_exact			cnchd;ddd;nottingham	ukbb		audain2026_sd3
PMID:42230622	HGNC:6694	syndromic		snv_indel	missense_damaging	any	0.001	individuals	14	1471	control_cohort	479	45082		0.895	odds_ratio		0.484	1.52	0.796	fisher_exact			cnchd;ddd;nottingham	ukbb		audain2026_sd3
PMID:42230622	HGNC:6694	syndromic		snv_indel	synonymous	any	0.001	individuals	20	1471	control_cohort	514	45082		1.2	odds_ratio		0.722	1.87	0.453	fisher_exact			cnchd;ddd;nottingham	ukbb		audain2026_sd3
PMID:34324492	HGNC:6767	all		cnv_deletion	lof	any	0.01	individuals	3	7107	control_cohort	0	14040							0.0394961	permutation	1.0	familywise_permutation	decipher;isca;signature;taa_cases	gain_controls;ottawa_controls;wtccc_controls	Cases combine congenital heart disease with 777 sporadic thoracic aortic aneurysm probands (of 7,958 contributing individuals); the study reports the CHD-only contribution separately for significant genes. A carrier is an individual with a rare deletion (MAF below 0.01) overlapping the gene.	audain2021_s6
PMID:42230622	HGNC:6767	all		snv_indel	missense_damaging	any	0.001	individuals	4	3876	control_cohort	44	45082		1.06	odds_ratio		0.276	2.91	0.79	fisher_exact			cnchd;ddd;nottingham	ukbb		audain2026_sd3
PMID:42230622	HGNC:6767	all		snv_indel	synonymous	any	0.001	individuals	9	3876	control_cohort	50	45082		2.1	odds_ratio		0.906	4.31	0.0492	fisher_exact			cnchd;ddd;nottingham	ukbb		audain2026_sd3
PMID:42230622	HGNC:6767	nonsyndromic		snv_indel	missense_damaging	any	0.001	individuals	2	2405	control_cohort	44	45082		0.85193	odds_ratio		0.099984	3.2694	1.0	fisher_exact			cnchd;ddd;nottingham	ukbb		audain2026_sd3
PMID:42230622	HGNC:6767	nonsyndromic		snv_indel	synonymous	any	0.001	individuals	7	2405	control_cohort	50	45082		2.6288	odds_ratio		1.0045	5.8345	0.024494	fisher_exact			cnchd;ddd;nottingham	ukbb		audain2026_sd3
PMID:42230622	HGNC:6767	syndromic		snv_indel	missense_damaging	any	0.001	individuals	2	1471	control_cohort	44	45082		1.39	odds_ratio		0.164	5.35	0.657	fisher_exact			cnchd;ddd;nottingham	ukbb		audain2026_sd3
PMID:42230622	HGNC:6767	syndromic		snv_indel	synonymous	any	0.001	individuals	2	1471	control_cohort	50	45082		1.23	odds_ratio		0.144	4.68	0.68	fisher_exact			cnchd;ddd;nottingham	ukbb		audain2026_sd3
PMID:34324492	HGNC:6768	all		cnv_deletion	lof	any	0.01	individuals	2	7107	control_cohort	0	14040							0.110989	permutation	1.0	familywise_permutation	decipher;isca;signature;taa_cases	gain_controls;ottawa_controls;wtccc_controls	Cases combine congenital heart disease with 777 sporadic thoracic aortic aneurysm probands (of 7,958 contributing individuals); the study reports the CHD-only contribution separately for significant genes. A carrier is an individual with a rare deletion (MAF below 0.01) overlapping the gene.	audain2021_s6
PMID:42230622	HGNC:6768	all		snv_indel	missense_damaging	any	0.001	individuals	5	3876	control_cohort	60	45082		0.969	odds_ratio		0.304	2.39	1.0	fisher_exact			cnchd;ddd;nottingham	ukbb		audain2026_sd3
PMID:42230622	HGNC:6768	all		snv_indel	synonymous	any	0.001	individuals	5	3876	control_cohort	18	45082		3.23	odds_ratio		0.938	9.04	0.0313	fisher_exact			cnchd;ddd;nottingham	ukbb		audain2026_sd3
PMID:42230622	HGNC:6768	nonsyndromic		snv_indel	missense_damaging	any	0.001	individuals	1	2405	control_cohort	60	45082		0.31214	odds_ratio		0.0077744	1.8085	0.37412	fisher_exact			cnchd;ddd;nottingham	ukbb		audain2026_sd3
PMID:42230622	HGNC:6768	nonsyndromic		snv_indel	synonymous	any	0.001	individuals	4	2405	control_cohort	18	45082		4.1707	odds_ratio		1.0259	12.676	0.023102	fisher_exact			cnchd;ddd;nottingham	ukbb		audain2026_sd3
PMID:42230622	HGNC:6768	syndromic		snv_indel	missense_damaging	any	0.001	individuals	4	1471	control_cohort	60	45082		2.05	odds_ratio		0.539	5.53	0.144	fisher_exact			cnchd;ddd;nottingham	ukbb		audain2026_sd3
PMID:42230622	HGNC:6768	syndromic		snv_indel	synonymous	any	0.001	individuals	1	1471	control_cohort	18	45082		1.7	odds_ratio		0.0408	10.8	0.457	fisher_exact			cnchd;ddd;nottingham	ukbb		audain2026_sd3
PMID:42230622	HGNC:6772	all		snv_indel	lof	any	0.001	individuals	4	3876	control_cohort	25	45082		1.86	odds_ratio		0.471	5.4	0.285	fisher_exact			cnchd;ddd;nottingham	ukbb		audain2026_sd3
PMID:42230622	HGNC:6772	all		snv_indel	missense_damaging	any	0.001	individuals	17	3876	control_cohort	95	45082		2.09	odds_ratio		1.17	3.52	0.00805	fisher_exact			cnchd;ddd;nottingham	ukbb		audain2026_sd3
PMID:42230622	HGNC:6772	all		snv_indel	synonymous	any	0.001	individuals	4	3876	control_cohort	63	45082		0.738	odds_ratio		0.195	1.99	0.819	fisher_exact			cnchd;ddd;nottingham	ukbb		audain2026_sd3
PMID:42230622	HGNC:6772	nonsyndromic		snv_indel	lof	any	0.001	individuals	1	2405	control_cohort	25	45082		0.7497	odds_ratio		0.018252	4.5838	1.0	fisher_exact			cnchd;ddd;nottingham	ukbb		audain2026_sd3
PMID:42230622	HGNC:6772	nonsyndromic		snv_indel	missense_damaging	any	0.001	individuals	8	2405	control_cohort	95	45082		1.5804	odds_ratio		0.66237	3.2476	0.25264	fisher_exact			cnchd;ddd;nottingham	ukbb		audain2026_sd3
PMID:42230622	HGNC:6772	nonsyndromic		snv_indel	synonymous	any	0.001	individuals	4	2405	control_cohort	63	45082		1.1905	odds_ratio		0.31441	3.206	0.58286	fisher_exact			cnchd;ddd;nottingham	ukbb		audain2026_sd3
PMID:42230622	HGNC:6772	syndromic		snv_indel	lof	any	0.001	individuals	3	1471	control_cohort	25	45082		3.68	odds_ratio		0.711	12.1	0.0574	fisher_exact			cnchd;ddd;nottingham	ukbb		audain2026_sd3
PMID:42230622	HGNC:6772	syndromic		snv_indel	missense_damaging	any	0.001	individuals	9	1471	control_cohort	95	45082		2.92	odds_ratio		1.29	5.79	0.00576	fisher_exact			cnchd;ddd;nottingham	ukbb		audain2026_sd3
PMID:42230622	HGNC:6772	syndromic		snv_indel	synonymous	any	0.001	individuals	0	1471	control_cohort	63	45082		0.0	odds_ratio		0.0	1.85	0.27	fisher_exact			cnchd;ddd;nottingham	ukbb		audain2026_sd3
PMID:34324492	HGNC:6773	all		cnv_deletion	lof	any	0.01	individuals	1	7107	control_cohort	0	14040							0.338366	permutation	1.0	familywise_permutation	decipher;isca;signature;taa_cases	gain_controls;ottawa_controls;wtccc_controls	Cases combine congenital heart disease with 777 sporadic thoracic aortic aneurysm probands (of 7,958 contributing individuals); the study reports the CHD-only contribution separately for significant genes. A carrier is an individual with a rare deletion (MAF below 0.01) overlapping the gene.	audain2021_s6
PMID:42230622	HGNC:6773	all		snv_indel	lof	any	0.001	individuals	1	3876	control_cohort	2	45082		5.82	odds_ratio		0.0986	112.0	0.219	fisher_exact			cnchd;ddd;nottingham	ukbb		audain2026_sd3
PMID:42230622	HGNC:6773	all		snv_indel	missense_damaging	any	0.001	individuals	5	3876	control_cohort	44	45082		1.32	odds_ratio		0.409	3.33	0.591	fisher_exact			cnchd;ddd;nottingham	ukbb		audain2026_sd3
PMID:42230622	HGNC:6773	all		snv_indel	synonymous	any	0.001	individuals	9	3876	control_cohort	75	45082		1.4	odds_ratio		0.614	2.8	0.312	fisher_exact			cnchd;ddd;nottingham	ukbb		audain2026_sd3
PMID:42230622	HGNC:6773	nonsyndromic		snv_indel	lof	any	0.001	individuals	0	2405	control_cohort	2	45082		0.0	odds_ratio		0.0	100.01	1.0	fisher_exact			cnchd;ddd;nottingham	ukbb		audain2026_sd3
PMID:42230622	HGNC:6773	nonsyndromic		snv_indel	missense_damaging	any	0.001	individuals	4	2405	control_cohort	44	45082		1.7052	odds_ratio		0.44463	4.6903	0.30692	fisher_exact			cnchd;ddd;nottingham	ukbb		audain2026_sd3
PMID:42230622	HGNC:6773	nonsyndromic		snv_indel	synonymous	any	0.001	individuals	3	2405	control_cohort	75	45082		0.74949	odds_ratio		0.15109	2.2787	0.79933	fisher_exact			cnchd;ddd;nottingham	ukbb		audain2026_sd3
PMID:42230622	HGNC:6773	syndromic		snv_indel	lof	any	0.001	individuals	1	1471	control_cohort	2	45082		15.3	odds_ratio		0.26	294.0	0.0918	fisher_exact			cnchd;ddd;nottingham	ukbb		audain2026_sd3
PMID:42230622	HGNC:6773	syndromic		snv_indel	missense_damaging	any	0.001	individuals	1	1471	control_cohort	44	45082		0.696	odds_ratio		0.0172	4.09	1.0	fisher_exact			cnchd;ddd;nottingham	ukbb		audain2026_sd3
PMID:42230622	HGNC:6773	syndromic		snv_indel	synonymous	any	0.001	individuals	6	1471	control_cohort	75	45082		2.46	odds_ratio		0.873	5.62	0.0432	fisher_exact			cnchd;ddd;nottingham	ukbb		audain2026_sd3
PMID:42230622	HGNC:7133	all		snv_indel	lof	any	0.001	individuals	3	3876	control_cohort	0	45082			odds_ratio	unbounded_above	4.81		0.000496	fisher_exact			cnchd;ddd;nottingham	ukbb		audain2026_sd3
PMID:42230622	HGNC:7133	all		snv_indel	missense_damaging	any	0.001	individuals	14	3876	control_cohort	211	45082		0.771	odds_ratio		0.414	1.32	0.456	fisher_exact			cnchd;ddd;nottingham	ukbb		audain2026_sd3
PMID:42230622	HGNC:7133	all		snv_indel	synonymous	any	0.001	individuals	54	3876	control_cohort	753	45082		0.832	odds_ratio		0.618	1.1	0.211	fisher_exact			cnchd;ddd;nottingham	ukbb		audain2026_sd3
PMID:42230622	HGNC:7133	nonsyndromic		snv_indel	missense_damaging	any	0.001	individuals	9	2405	control_cohort	211	45082		0.7988	odds_ratio		0.35981	1.5482	0.64305	fisher_exact			cnchd;ddd;nottingham	ukbb		audain2026_sd3
PMID:42230622	HGNC:7133	nonsyndromic		snv_indel	synonymous	any	0.001	individuals	29	2405	control_cohort	753	45082		0.71852	odds_ratio		0.4768	1.0434	0.084016	fisher_exact			cnchd;ddd;nottingham	ukbb		audain2026_sd3
PMID:42230622	HGNC:7133	syndromic		snv_indel	lof	any	0.001	individuals	3	1471	control_cohort	0	45082			odds_ratio	unbounded_above	12.7		3.15e-05	fisher_exact			cnchd;ddd;nottingham	ukbb		audain2026_sd3
PMID:42230622	HGNC:7133	syndromic		snv_indel	missense_damaging	any	0.001	individuals	5	1471	control_cohort	211	45082		0.725	odds_ratio		0.233	1.72	0.694	fisher_exact			cnchd;ddd;nottingham	ukbb		audain2026_sd3
PMID:42230622	HGNC:7133	syndromic		snv_indel	synonymous	any	0.001	individuals	25	1471	control_cohort	753	45082		1.02	odds_ratio		0.652	1.52	0.917	fisher_exact			cnchd;ddd;nottingham	ukbb		audain2026_sd3
PMID:34324492	HGNC:7161	all		cnv_deletion	lof	any	0.01	individuals	2	7107	control_cohort	0	14040							0.117788	permutation	1.0	familywise_permutation	decipher;isca;signature;taa_cases	gain_controls;ottawa_controls;wtccc_controls	Cases combine congenital heart disease with 777 sporadic thoracic aortic aneurysm probands (of 7,958 contributing individuals); the study reports the CHD-only contribution separately for significant genes. A carrier is an individual with a rare deletion (MAF below 0.01) overlapping the gene.	audain2021_s6
PMID:42230622	HGNC:7161	all		snv_indel	lof	any	0.001	individuals	1	3876	control_cohort	2	45082		5.82	odds_ratio		0.0986	112.0	0.219	fisher_exact			cnchd;ddd;nottingham	ukbb		audain2026_sd3
PMID:42230622	HGNC:7161	all		snv_indel	missense_damaging	any	0.001	individuals	2	3876	control_cohort	21	45082		1.11	odds_ratio		0.126	4.53	0.703	fisher_exact			cnchd;ddd;nottingham	ukbb		audain2026_sd3
PMID:42230622	HGNC:7161	all		snv_indel	synonymous	any	0.001	individuals	8	3876	control_cohort	157	45082		0.592	odds_ratio		0.251	1.2	0.191	fisher_exact			cnchd;ddd;nottingham	ukbb		audain2026_sd3
PMID:42230622	HGNC:7161	nonsyndromic		snv_indel	lof	any	0.001	individuals	0	2405	control_cohort	2	45082		0.0	odds_ratio		0.0	100.01	1.0	fisher_exact			cnchd;ddd;nottingham	ukbb		audain2026_sd3
PMID:42230622	HGNC:7161	nonsyndromic		snv_indel	missense_damaging	any	0.001	individuals	1	2405	control_cohort	21	45082		0.89258	odds_ratio		0.021575	5.5552	1.0	fisher_exact			cnchd;ddd;nottingham	ukbb		audain2026_sd3
PMID:42230622	HGNC:7161	nonsyndromic		snv_indel	synonymous	any	0.001	individuals	4	2405	control_cohort	157	45082		0.47672	odds_ratio		0.12819	1.2467	0.15118	fisher_exact			cnchd;ddd;nottingham	ukbb		audain2026_sd3
PMID:42230622	HGNC:7161	syndromic		snv_indel	lof	any	0.001	individuals	1	1471	control_cohort	2	45082		15.3	odds_ratio		0.26	294.0	0.0918	fisher_exact			cnchd;ddd;nottingham	ukbb		audain2026_sd3
PMID:42230622	HGNC:7161	syndromic		snv_indel	missense_damaging	any	0.001	individuals	1	1471	control_cohort	21	45082		1.46	odds_ratio		0.0353	9.09	0.507	fisher_exact			cnchd;ddd;nottingham	ukbb		audain2026_sd3
PMID:42230622	HGNC:7161	syndromic		snv_indel	synonymous	any	0.001	individuals	4	1471	control_cohort	157	45082		0.78	odds_ratio		0.21	2.04	0.822	fisher_exact			cnchd;ddd;nottingham	ukbb		audain2026_sd3
PMID:42230622	HGNC:7551	all		snv_indel	lof	any	0.001	individuals	0	3876	control_cohort	9	45082		0.0	odds_ratio		0.0	5.89	1.0	fisher_exact			cnchd;ddd;nottingham	ukbb		audain2026_sd3
PMID:42230622	HGNC:7551	all		snv_indel	missense_damaging	any	0.001	individuals	23	3876	control_cohort	220	45082		1.22	odds_ratio		0.755	1.88	0.342	fisher_exact			cnchd;ddd;nottingham	ukbb		audain2026_sd3
PMID:42230622	HGNC:7551	all		snv_indel	synonymous	any	0.001	individuals	21	3876	control_cohort	184	45082		1.33	odds_ratio		0.803	2.1	0.241	fisher_exact			cnchd;ddd;nottingham	ukbb		audain2026_sd3
PMID:42230622	HGNC:7551	nonsyndromic		snv_indel	lof	any	0.001	individuals	0	2405	control_cohort	9	45082		0.0	odds_ratio		0.0	9.5023	1.0	fisher_exact			cnchd;ddd;nottingham	ukbb		audain2026_sd3
PMID:42230622	HGNC:7551	nonsyndromic		snv_indel	missense_damaging	any	0.001	individuals	14	2405	control_cohort	220	45082		1.194	odds_ratio		0.64112	2.0506	0.4569	fisher_exact			cnchd;ddd;nottingham	ukbb		audain2026_sd3
PMID:42230622	HGNC:7551	nonsyndromic		snv_indel	synonymous	any	0.001	individuals	14	2405	control_cohort	184	45082		1.4287	odds_ratio		0.76475	2.4639	0.1923	fisher_exact			cnchd;ddd;nottingham	ukbb		audain2026_sd3
PMID:42230622	HGNC:7551	syndromic		snv_indel	lof	any	0.001	individuals	0	1471	control_cohort	9	45082		0.0	odds_ratio		0.0	15.5	1.0	fisher_exact			cnchd;ddd;nottingham	ukbb		audain2026_sd3
PMID:42230622	HGNC:7551	syndromic		snv_indel	missense_damaging	any	0.001	individuals	9	1471	control_cohort	220	45082		1.26	odds_ratio		0.565	2.43	0.448	fisher_exact			cnchd;ddd;nottingham	ukbb		audain2026_sd3
PMID:42230622	HGNC:7551	syndromic		snv_indel	synonymous	any	0.001	individuals	7	1471	control_cohort	184	45082		1.17	odds_ratio		0.462	2.46	0.675	fisher_exact			cnchd;ddd;nottingham	ukbb		audain2026_sd3
PMID:34324492	HGNC:7569	all		cnv_deletion	lof	any	0.01	individuals	9	7107	control_cohort	12	14040							0.273073	permutation	1.0	familywise_permutation	decipher;isca;signature;taa_cases	gain_controls;ottawa_controls;wtccc_controls	Cases combine congenital heart disease with 777 sporadic thoracic aortic aneurysm probands (of 7,958 contributing individuals); the study reports the CHD-only contribution separately for significant genes. A carrier is an individual with a rare deletion (MAF below 0.01) overlapping the gene.	audain2021_s6
PMID:34324492	HGNC:7576	all		cnv_deletion	lof	any	0.01	individuals	1	7107	control_cohort	0	14040							0.344366	permutation	1.0	familywise_permutation	decipher;isca;signature;taa_cases	gain_controls;ottawa_controls;wtccc_controls	Cases combine congenital heart disease with 777 sporadic thoracic aortic aneurysm probands (of 7,958 contributing individuals); the study reports the CHD-only contribution separately for significant genes. A carrier is an individual with a rare deletion (MAF below 0.01) overlapping the gene.	audain2021_s6
PMID:42230622	HGNC:7576	all		snv_indel	lof	any	0.001	individuals	4	3876	control_cohort	20	45082		2.33	odds_ratio		0.578	6.95	0.117	fisher_exact			cnchd;ddd;nottingham	ukbb		audain2026_sd3
PMID:42230622	HGNC:7576	all		snv_indel	missense_damaging	any	0.001	individuals	58	3876	control_cohort	388	45082		1.75	odds_ratio		1.3	2.32	0.000195	fisher_exact			cnchd;ddd;nottingham	ukbb		audain2026_sd3
PMID:42230622	HGNC:7576	all		snv_indel	synonymous	any	0.001	individuals	21	3876	control_cohort	280	45082		0.872	odds_ratio		0.53	1.36	0.668	fisher_exact			cnchd;ddd;nottingham	ukbb		audain2026_sd3
PMID:42230622	HGNC:7576	nonsyndromic		snv_indel	lof	any	0.001	individuals	4	2405	control_cohort	20	45082		3.7532	odds_ratio		0.93213	11.217	0.03099	fisher_exact			cnchd;ddd;nottingham	ukbb		audain2026_sd3
PMID:42230622	HGNC:7576	nonsyndromic		snv_indel	missense_damaging	any	0.001	individuals	38	2405	control_cohort	388	45082		1.8491	odds_ratio		1.2855	2.5916	0.00077554	fisher_exact			cnchd;ddd;nottingham	ukbb		audain2026_sd3
PMID:42230622	HGNC:7576	nonsyndromic		snv_indel	synonymous	any	0.001	individuals	15	2405	control_cohort	280	45082		1.0042	odds_ratio		0.55369	1.6886	0.89452	fisher_exact			cnchd;ddd;nottingham	ukbb		audain2026_sd3
PMID:42230622	HGNC:7576	syndromic		snv_indel	lof	any	0.001	individuals	0	1471	control_cohort	20	45082		0.0	odds_ratio		0.0	6.21	1.0	fisher_exact			cnchd;ddd;nottingham	ukbb		audain2026_sd3
PMID:42230622	HGNC:7576	syndromic		snv_indel	missense_damaging	any	0.001	individuals	20	1471	control_cohort	388	45082		1.59	odds_ratio		0.956	2.5	0.062	fisher_exact			cnchd;ddd;nottingham	ukbb		audain2026_sd3
PMID:42230622	HGNC:7576	syndromic		snv_indel	synonymous	any	0.001	individuals	6	1471	control_cohort	280	45082		0.655	odds_ratio		0.238	1.45	0.395	fisher_exact			cnchd;ddd;nottingham	ukbb		audain2026_sd3
PMID:42230622	HGNC:7577	all		snv_indel	lof	any	0.001	individuals	3	3876	control_cohort	15	45082		2.33	odds_ratio		0.432	8.23	0.166	fisher_exact			cnchd;ddd;nottingham	ukbb		audain2026_sd3
PMID:42230622	HGNC:7577	all		snv_indel	missense_damaging	any	0.001	individuals	25	3876	control_cohort	252	45082		1.15	odds_ratio		0.732	1.75	0.502	fisher_exact			cnchd;ddd;nottingham	ukbb		audain2026_sd3
PMID:42230622	HGNC:7577	all		snv_indel	synonymous	any	0.001	individuals	19	3876	control_cohort	161	45082		1.37	odds_ratio		0.806	2.22	0.211	fisher_exact			cnchd;ddd;nottingham	ukbb		audain2026_sd3
PMID:42230622	HGNC:7577	nonsyndromic		snv_indel	lof	any	0.001	individuals	3	2405	control_cohort	15	45082		3.752	odds_ratio		0.69583	13.278	0.059939	fisher_exact			cnchd;ddd;nottingham	ukbb		audain2026_sd3
PMID:42230622	HGNC:7577	nonsyndromic		snv_indel	missense_damaging	any	0.001	individuals	15	2405	control_cohort	252	45082		1.1165	odds_ratio		0.61471	1.8809	0.67318	fisher_exact			cnchd;ddd;nottingham	ukbb		audain2026_sd3
PMID:42230622	HGNC:7577	nonsyndromic		snv_indel	synonymous	any	0.001	individuals	14	2405	control_cohort	161	45082		1.6337	odds_ratio		0.87208	2.8273	0.082566	fisher_exact			cnchd;ddd;nottingham	ukbb		audain2026_sd3
PMID:42230622	HGNC:7577	syndromic		snv_indel	lof	any	0.001	individuals	0	1471	control_cohort	15	45082		0.0	odds_ratio		0.0	8.55	1.0	fisher_exact			cnchd;ddd;nottingham	ukbb		audain2026_sd3
PMID:42230622	HGNC:7577	syndromic		snv_indel	missense_damaging	any	0.001	individuals	10	1471	control_cohort	252	45082		1.22	odds_ratio		0.576	2.28	0.479	fisher_exact			cnchd;ddd;nottingham	ukbb		audain2026_sd3
PMID:42230622	HGNC:7577	syndromic		snv_indel	synonymous	any	0.001	individuals	5	1471	control_cohort	161	45082		0.952	odds_ratio		0.304	2.27	1.0	fisher_exact			cnchd;ddd;nottingham	ukbb		audain2026_sd3
PMID:34324492	HGNC:7613	all		cnv_deletion	lof	any	0.01	individuals	8	7107	control_cohort	2	14040							0.00479952	permutation	0.945005	familywise_permutation	decipher;isca;signature;taa_cases	gain_controls;ottawa_controls;wtccc_controls	Cases combine congenital heart disease with 777 sporadic thoracic aortic aneurysm probands (of 7,958 contributing individuals); the study reports the CHD-only contribution separately for significant genes. A carrier is an individual with a rare deletion (MAF below 0.01) overlapping the gene.	audain2021_s6
PMID:42230622	HGNC:7613	all		snv_indel	lof	any	0.001	individuals	0	3876	control_cohort	32	45082		0.0	odds_ratio		0.0	1.42	0.176	fisher_exact			cnchd;ddd;nottingham	ukbb		audain2026_sd3
PMID:42230622	HGNC:7613	all		snv_indel	missense_damaging	any	0.001	individuals	12	3876	control_cohort	250	45082		0.557	odds_ratio		0.284	0.991	0.0499	fisher_exact			cnchd;ddd;nottingham	ukbb		audain2026_sd3
PMID:42230622	HGNC:7613	all		snv_indel	synonymous	any	0.001	individuals	21	3876	control_cohort	231	45082		1.06	odds_ratio		0.642	1.66	0.815	fisher_exact			cnchd;ddd;nottingham	ukbb		audain2026_sd3
PMID:42230622	HGNC:7613	nonsyndromic		snv_indel	lof	any	0.001	individuals	0	2405	control_cohort	32	45082		0.0	odds_ratio		0.0	2.2904	0.40873	fisher_exact			cnchd;ddd;nottingham	ukbb		audain2026_sd3
PMID:42230622	HGNC:7613	nonsyndromic		snv_indel	missense_damaging	any	0.001	individuals	7	2405	control_cohort	250	45082		0.52347	odds_ratio		0.20809	1.0964	0.087401	fisher_exact			cnchd;ddd;nottingham	ukbb		audain2026_sd3
PMID:42230622	HGNC:7613	nonsyndromic		snv_indel	synonymous	any	0.001	individuals	13	2405	control_cohort	231	45082		1.0552	odds_ratio		0.5526	1.844	0.77024	fisher_exact			cnchd;ddd;nottingham	ukbb		audain2026_sd3
PMID:42230622	HGNC:7613	syndromic		snv_indel	lof	any	0.001	individuals	0	1471	control_cohort	32	45082		0.0	odds_ratio		0.0	3.75	0.626	fisher_exact			cnchd;ddd;nottingham	ukbb		audain2026_sd3
PMID:42230622	HGNC:7613	syndromic		snv_indel	missense_damaging	any	0.001	individuals	5	1471	control_cohort	250	45082		0.612	odds_ratio		0.197	1.45	0.367	fisher_exact			cnchd;ddd;nottingham	ukbb		audain2026_sd3
PMID:42230622	HGNC:7613	syndromic		snv_indel	synonymous	any	0.001	individuals	8	1471	control_cohort	231	45082		1.06	odds_ratio		0.452	2.13	0.852	fisher_exact			cnchd;ddd;nottingham	ukbb		audain2026_sd3
PMID:34324492	HGNC:7775	all		cnv_deletion	lof	any	0.01	individuals	2	7107	control_cohort	1	14040							0.269173	permutation	1.0	familywise_permutation	decipher;isca;signature;taa_cases	gain_controls;ottawa_controls;wtccc_controls	Cases combine congenital heart disease with 777 sporadic thoracic aortic aneurysm probands (of 7,958 contributing individuals); the study reports the CHD-only contribution separately for significant genes. A carrier is an individual with a rare deletion (MAF below 0.01) overlapping the gene.	audain2021_s6
PMID:42230622	HGNC:7775	all		snv_indel	lof	any	0.001	individuals	0	3876	control_cohort	7	45082		0.0	odds_ratio		0.0	8.07	1.0	fisher_exact			cnchd;ddd;nottingham	ukbb		audain2026_sd3
PMID:42230622	HGNC:7775	all		snv_indel	missense_damaging	any	0.001	individuals	5	3876	control_cohort	43	45082		1.35	odds_ratio		0.418	3.41	0.428	fisher_exact			cnchd;ddd;nottingham	ukbb		audain2026_sd3
PMID:42230622	HGNC:7775	all		snv_indel	synonymous	any	0.001	individuals	18	3876	control_cohort	367	45082		0.568	odds_ratio		0.333	0.913	0.0173	fisher_exact			cnchd;ddd;nottingham	ukbb		audain2026_sd3
PMID:42230622	HGNC:7775	nonsyndromic		snv_indel	lof	any	0.001	individuals	0	2405	control_cohort	7	45082		0.0	odds_ratio		0.0	13.01	1.0	fisher_exact			cnchd;ddd;nottingham	ukbb		audain2026_sd3
PMID:42230622	HGNC:7775	nonsyndromic		snv_indel	missense_damaging	any	0.001	individuals	3	2405	control_cohort	43	45082		1.3082	odds_ratio		0.25943	4.0918	0.50555	fisher_exact			cnchd;ddd;nottingham	ukbb		audain2026_sd3
PMID:42230622	HGNC:7775	nonsyndromic		snv_indel	synonymous	any	0.001	individuals	11	2405	control_cohort	367	45082		0.55982	odds_ratio		0.27663	1.0154	0.058422	fisher_exact			cnchd;ddd;nottingham	ukbb		audain2026_sd3
PMID:42230622	HGNC:7775	syndromic		snv_indel	lof	any	0.001	individuals	0	1471	control_cohort	7	45082		0.0	odds_ratio		0.0	21.3	1.0	fisher_exact			cnchd;ddd;nottingham	ukbb		audain2026_sd3
PMID:42230622	HGNC:7775	syndromic		snv_indel	missense_damaging	any	0.001	individuals	2	1471	control_cohort	43	45082		1.43	odds_ratio		0.167	5.48	0.654	fisher_exact			cnchd;ddd;nottingham	ukbb		audain2026_sd3
PMID:42230622	HGNC:7775	syndromic		snv_indel	synonymous	any	0.001	individuals	7	1471	control_cohort	367	45082		0.583	odds_ratio		0.232	1.22	0.181	fisher_exact			cnchd;ddd;nottingham	ukbb		audain2026_sd3
PMID:34324492	HGNC:7776	all		cnv_deletion	lof	any	0.01	individuals	1	7107	control_cohort	1	14040							0.570343	permutation	1.0	familywise_permutation	decipher;isca;signature;taa_cases	gain_controls;ottawa_controls;wtccc_controls	Cases combine congenital heart disease with 777 sporadic thoracic aortic aneurysm probands (of 7,958 contributing individuals); the study reports the CHD-only contribution separately for significant genes. A carrier is an individual with a rare deletion (MAF below 0.01) overlapping the gene.	audain2021_s6
PMID:42230622	HGNC:7776	all		snv_indel	lof	any	0.001	individuals	2	3876	control_cohort	5	45082		4.65	odds_ratio		0.443	28.4	0.101	fisher_exact			cnchd;ddd;nottingham	ukbb		audain2026_sd3
PMID:42230622	HGNC:7776	all		snv_indel	missense_damaging	any	0.001	individuals	3	3876	control_cohort	29	45082		1.2	odds_ratio		0.234	3.89	0.738	fisher_exact			cnchd;ddd;nottingham	ukbb		audain2026_sd3
PMID:42230622	HGNC:7776	all		snv_indel	synonymous	any	0.001	individuals	7	3876	control_cohort	112	45082		0.726	odds_ratio		0.285	1.55	0.498	fisher_exact			cnchd;ddd;nottingham	ukbb		audain2026_sd3
PMID:42230622	HGNC:7776	nonsyndromic		snv_indel	lof	any	0.001	individuals	2	2405	control_cohort	5	45082		7.5036	odds_ratio		0.71409	45.855	0.045422	fisher_exact			cnchd;ddd;nottingham	ukbb		audain2026_sd3
PMID:42230622	HGNC:7776	nonsyndromic		snv_indel	missense_damaging	any	0.001	individuals	3	2405	control_cohort	29	45082		1.9403	odds_ratio		0.37797	6.2671	0.21929	fisher_exact			cnchd;ddd;nottingham	ukbb		audain2026_sd3
PMID:42230622	HGNC:7776	nonsyndromic		snv_indel	synonymous	any	0.001	individuals	4	2405	control_cohort	112	45082		0.66892	odds_ratio		0.179	1.7633	0.66805	fisher_exact			cnchd;ddd;nottingham	ukbb		audain2026_sd3
PMID:42230622	HGNC:7776	syndromic		snv_indel	lof	any	0.001	individuals	0	1471	control_cohort	5	45082		0.0	odds_ratio		0.0	33.5	1.0	fisher_exact			cnchd;ddd;nottingham	ukbb		audain2026_sd3
PMID:42230622	HGNC:7776	syndromic		snv_indel	missense_damaging	any	0.001	individuals	0	1471	control_cohort	29	45082		0.0	odds_ratio		0.0	4.16	1.0	fisher_exact			cnchd;ddd;nottingham	ukbb		audain2026_sd3
PMID:42230622	HGNC:7776	syndromic		snv_indel	synonymous	any	0.001	individuals	3	1471	control_cohort	112	45082		0.821	odds_ratio		0.166	2.47	1.0	fisher_exact			cnchd;ddd;nottingham	ukbb		audain2026_sd3
PMID:42230622	HGNC:782	all		snv_indel	lof	any	0.001	individuals	1	3876	control_cohort	7	45082		1.66	odds_ratio		0.0369	12.9	0.483	fisher_exact			cnchd;ddd;nottingham	ukbb		audain2026_sd3
PMID:42230622	HGNC:782	all		snv_indel	missense_damaging	any	0.001	individuals	4	3876	control_cohort	20	45082		2.33	odds_ratio		0.578	6.95	0.117	fisher_exact			cnchd;ddd;nottingham	ukbb		audain2026_sd3
PMID:42230622	HGNC:782	all		snv_indel	synonymous	any	0.001	individuals	10	3876	control_cohort	74	45082		1.57	odds_ratio		0.724	3.06	0.219	fisher_exact			cnchd;ddd;nottingham	ukbb		audain2026_sd3
PMID:42230622	HGNC:782	nonsyndromic		snv_indel	lof	any	0.001	individuals	0	2405	control_cohort	7	45082		0.0	odds_ratio		0.0	13.01	1.0	fisher_exact			cnchd;ddd;nottingham	ukbb		audain2026_sd3
PMID:42230622	HGNC:782	nonsyndromic		snv_indel	missense_damaging	any	0.001	individuals	3	2405	control_cohort	20	45082		2.8139	odds_ratio		0.53508	9.4985	0.10822	fisher_exact			cnchd;ddd;nottingham	ukbb		audain2026_sd3
PMID:42230622	HGNC:782	nonsyndromic		snv_indel	synonymous	any	0.001	individuals	5	2405	control_cohort	74	45082		1.2671	odds_ratio		0.39931	3.0966	0.60145	fisher_exact			cnchd;ddd;nottingham	ukbb		audain2026_sd3
PMID:42230622	HGNC:782	syndromic		snv_indel	lof	any	0.001	individuals	1	1471	control_cohort	7	45082		4.38	odds_ratio		0.0971	34.1	0.227	fisher_exact			cnchd;ddd;nottingham	ukbb		audain2026_sd3
PMID:42230622	HGNC:782	syndromic		snv_indel	missense_damaging	any	0.001	individuals	1	1471	control_cohort	20	45082		1.53	odds_ratio		0.037	9.59	0.491	fisher_exact			cnchd;ddd;nottingham	ukbb		audain2026_sd3
PMID:42230622	HGNC:782	syndromic		snv_indel	synonymous	any	0.001	individuals	5	1471	control_cohort	74	45082		2.07	odds_ratio		0.653	5.07	0.105	fisher_exact			cnchd;ddd;nottingham	ukbb		audain2026_sd3
PMID:42230622	HGNC:7865	all		snv_indel	lof	any	0.001	individuals	1	3876	control_cohort	0	45082			odds_ratio	unbounded_above	0.298		0.0792	fisher_exact			cnchd;ddd;nottingham	ukbb		audain2026_sd3
PMID:42230622	HGNC:7865	all		snv_indel	missense_damaging	any	0.001	individuals	6	3876	control_cohort	30	45082		2.33	odds_ratio		0.792	5.69	0.0614	fisher_exact			cnchd;ddd;nottingham	ukbb		audain2026_sd3
PMID:42230622	HGNC:7865	all		snv_indel	synonymous	any	0.001	individuals	0	3876	control_cohort	35	45082		0.0	odds_ratio		0.0	1.29	0.11	fisher_exact			cnchd;ddd;nottingham	ukbb		audain2026_sd3
PMID:42230622	HGNC:7865	nonsyndromic		snv_indel	lof	any	0.001	individuals	1	2405	control_cohort	0	45082			odds_ratio	unbounded_above	0.48064		0.050645	fisher_exact			cnchd;ddd;nottingham	ukbb		audain2026_sd3
PMID:42230622	HGNC:7865	nonsyndromic		snv_indel	missense_damaging	any	0.001	individuals	4	2405	control_cohort	30	45082		2.5017	odds_ratio		0.63983	7.1079	0.091299	fisher_exact			cnchd;ddd;nottingham	ukbb		audain2026_sd3
PMID:42230622	HGNC:7865	nonsyndromic		snv_indel	synonymous	any	0.001	individuals	0	2405	control_cohort	35	45082		0.0	odds_ratio		0.0	2.0836	0.42243	fisher_exact			cnchd;ddd;nottingham	ukbb		audain2026_sd3
PMID:42230622	HGNC:7865	syndromic		snv_indel	missense_damaging	any	0.001	individuals	2	1471	control_cohort	30	45082		2.04	odds_ratio		0.237	8.07	0.268	fisher_exact			cnchd;ddd;nottingham	ukbb		audain2026_sd3
PMID:42230622	HGNC:7865	syndromic		snv_indel	synonymous	any	0.001	individuals	0	1471	control_cohort	35	45082		0.0	odds_ratio		0.0	3.41	0.629	fisher_exact			cnchd;ddd;nottingham	ukbb		audain2026_sd3
PMID:34324492	HGNC:7881	all		cnv_deletion	lof	any	0.01	individuals	10	7107	control_cohort	24	14040							1.0	permutation	1.0	familywise_permutation	decipher;isca;signature;taa_cases	gain_controls;ottawa_controls;wtccc_controls	Cases combine congenital heart disease with 777 sporadic thoracic aortic aneurysm probands (of 7,958 contributing individuals); the study reports the CHD-only contribution separately for significant genes. A carrier is an individual with a rare deletion (MAF below 0.01) overlapping the gene.	audain2021_s6
PMID:42230622	HGNC:7881	all		snv_indel	lof	any	0.001	individuals	9	3876	control_cohort	0	45082			odds_ratio	unbounded_above	23.0		1.21e-10	fisher_exact			cnchd;ddd;nottingham	ukbb		audain2026_sd3
PMID:42230622	HGNC:7881	all		snv_indel	missense_damaging	any	0.001	individuals	40	3876	control_cohort	236	45082		1.98	odds_ratio		1.38	2.78	0.000194	fisher_exact			cnchd;ddd;nottingham	ukbb		audain2026_sd3
PMID:42230622	HGNC:7881	all		snv_indel	synonymous	any	0.001	individuals	40	3876	control_cohort	512	45082		0.908	odds_ratio		0.64	1.26	0.634	fisher_exact			cnchd;ddd;nottingham	ukbb		audain2026_sd3
PMID:42230622	HGNC:7881	nonsyndromic		snv_indel	lof	any	0.001	individuals	7	2405	control_cohort	0	45082			odds_ratio	unbounded_above	27.052		8.4758e-10	fisher_exact			cnchd;ddd;nottingham	ukbb		audain2026_sd3
PMID:42230622	HGNC:7881	nonsyndromic		snv_indel	missense_damaging	any	0.001	individuals	30	2405	control_cohort	236	45082		2.4002	odds_ratio		1.5805	3.5276	5.33e-05	fisher_exact			cnchd;ddd;nottingham	ukbb		audain2026_sd3
PMID:42230622	HGNC:7881	nonsyndromic		snv_indel	synonymous	any	0.001	individuals	25	2405	control_cohort	512	45082		0.9144	odds_ratio		0.58493	1.369	0.76625	fisher_exact			cnchd;ddd;nottingham	ukbb		audain2026_sd3
PMID:42230622	HGNC:7881	syndromic		snv_indel	lof	any	0.001	individuals	2	1471	control_cohort	0	45082			odds_ratio	unbounded_above	5.76		0.000998	fisher_exact			cnchd;ddd;nottingham	ukbb		audain2026_sd3
PMID:42230622	HGNC:7881	syndromic		snv_indel	missense_damaging	any	0.001	individuals	10	1471	control_cohort	236	45082		1.3	odds_ratio		0.614	2.44	0.362	fisher_exact			cnchd;ddd;nottingham	ukbb		audain2026_sd3
PMID:42230622	HGNC:7881	syndromic		snv_indel	synonymous	any	0.001	individuals	15	1471	control_cohort	512	45082		0.897	odds_ratio		0.497	1.5	0.802	fisher_exact			cnchd;ddd;nottingham	ukbb		audain2026_sd3
PMID:34324492	HGNC:7882	all		cnv_deletion	lof	any	0.01	individuals	1	7107	control_cohort	1	14040							0.560344	permutation	1.0	familywise_permutation	decipher;isca;signature;taa_cases	gain_controls;ottawa_controls;wtccc_controls	Cases combine congenital heart disease with 777 sporadic thoracic aortic aneurysm probands (of 7,958 contributing individuals); the study reports the CHD-only contribution separately for significant genes. A carrier is an individual with a rare deletion (MAF below 0.01) overlapping the gene.	audain2021_s6
PMID:42230622	HGNC:7882	all		snv_indel	lof	any	0.001	individuals	1	3876	control_cohort	3	45082		3.88	odds_ratio		0.0738	48.2	0.281	fisher_exact			cnchd;ddd;nottingham	ukbb		audain2026_sd3
PMID:42230622	HGNC:7882	all		snv_indel	missense_damaging	any	0.001	individuals	15	3876	control_cohort	193	45082		0.904	odds_ratio		0.496	1.53	0.798	fisher_exact			cnchd;ddd;nottingham	ukbb		audain2026_sd3
PMID:42230622	HGNC:7882	all		snv_indel	synonymous	any	0.001	individuals	18	3876	control_cohort	294	45082		0.711	odds_ratio		0.415	1.14	0.172	fisher_exact			cnchd;ddd;nottingham	ukbb		audain2026_sd3
PMID:42230622	HGNC:7882	nonsyndromic		snv_indel	lof	any	0.001	individuals	1	2405	control_cohort	3	45082		6.2499	odds_ratio		0.11902	77.866	0.18771	fisher_exact			cnchd;ddd;nottingham	ukbb		audain2026_sd3
PMID:42230622	HGNC:7882	nonsyndromic		snv_indel	missense_damaging	any	0.001	individuals	8	2405	control_cohort	193	45082		0.77625	odds_ratio		0.33001	1.563	0.62738	fisher_exact			cnchd;ddd;nottingham	ukbb		audain2026_sd3
PMID:42230622	HGNC:7882	nonsyndromic		snv_indel	synonymous	any	0.001	individuals	7	2405	control_cohort	294	45082		0.4447	odds_ratio		0.17705	0.92934	0.024589	fisher_exact			cnchd;ddd;nottingham	ukbb		audain2026_sd3
PMID:42230622	HGNC:7882	syndromic		snv_indel	lof	any	0.001	individuals	0	1471	control_cohort	3	45082		0.0	odds_ratio		0.0	74.2	1.0	fisher_exact			cnchd;ddd;nottingham	ukbb		audain2026_sd3
PMID:42230622	HGNC:7882	syndromic		snv_indel	missense_damaging	any	0.001	individuals	7	1471	control_cohort	193	45082		1.11	odds_ratio		0.44	2.34	0.685	fisher_exact			cnchd;ddd;nottingham	ukbb		audain2026_sd3
PMID:42230622	HGNC:7882	syndromic		snv_indel	synonymous	any	0.001	individuals	11	1471	control_cohort	294	45082		1.15	odds_ratio		0.565	2.09	0.62	fisher_exact			cnchd;ddd;nottingham	ukbb		audain2026_sd3
PMID:34324492	HGNC:7976	all		cnv_deletion	lof	any	0.01	individuals	10	7107	control_cohort	0	14040							9.999e-05	permutation	0.0120988	familywise_permutation	decipher;isca;signature;taa_cases	gain_controls;ottawa_controls;wtccc_controls	Cases combine congenital heart disease with 777 sporadic thoracic aortic aneurysm probands (of 7,958 contributing individuals); the study reports the CHD-only contribution separately for significant genes. A carrier is an individual with a rare deletion (MAF below 0.01) overlapping the gene.	audain2021_s6
PMID:42230622	HGNC:7976	all		snv_indel	missense_damaging	any	0.001	individuals	6	3876	control_cohort	16	45082		4.37	odds_ratio		1.4	11.8	0.00604	fisher_exact			cnchd;ddd;nottingham	ukbb		audain2026_sd3
PMID:42230622	HGNC:7976	all		snv_indel	synonymous	any	0.001	individuals	4	3876	control_cohort	65	45082		0.715	odds_ratio		0.189	1.92	0.658	fisher_exact			cnchd;ddd;nottingham	ukbb		audain2026_sd3
PMID:42230622	HGNC:7976	nonsyndromic		snv_indel	missense_damaging	any	0.001	individuals	4	2405	control_cohort	16	45082		4.6917	odds_ratio		1.1406	14.565	0.016576	fisher_exact			cnchd;ddd;nottingham	ukbb		audain2026_sd3
PMID:42230622	HGNC:7976	nonsyndromic		snv_indel	synonymous	any	0.001	individuals	3	2405	control_cohort	65	45082		0.86499	odds_ratio		0.17374	2.6452	1.0	fisher_exact			cnchd;ddd;nottingham	ukbb		audain2026_sd3
PMID:42230622	HGNC:7976	syndromic		snv_indel	missense_damaging	any	0.001	individuals	2	1471	control_cohort	16	45082		3.83	odds_ratio		0.427	16.3	0.109	fisher_exact			cnchd;ddd;nottingham	ukbb		audain2026_sd3
PMID:42230622	HGNC:7976	syndromic		snv_indel	synonymous	any	0.001	individuals	1	1471	control_cohort	65	45082		0.471	odds_ratio		0.0117	2.72	0.725	fisher_exact			cnchd;ddd;nottingham	ukbb		audain2026_sd3
PMID:34324492	HGNC:8004	all		cnv_deletion	lof	any	0.01	individuals	3	7107	control_cohort	0	14040							0.0394961	permutation	1.0	familywise_permutation	decipher;isca;signature;taa_cases	gain_controls;ottawa_controls;wtccc_controls	Cases combine congenital heart disease with 777 sporadic thoracic aortic aneurysm probands (of 7,958 contributing individuals); the study reports the CHD-only contribution separately for significant genes. A carrier is an individual with a rare deletion (MAF below 0.01) overlapping the gene.	audain2021_s6
PMID:42230622	HGNC:8004	all		snv_indel	lof	any	0.001	individuals	0	3876	control_cohort	3	45082		0.0	odds_ratio		0.0	28.2	1.0	fisher_exact			cnchd;ddd;nottingham	ukbb		audain2026_sd3
PMID:42230622	HGNC:8004	all		snv_indel	missense_damaging	any	0.001	individuals	7	3876	control_cohort	113	45082		0.72	odds_ratio		0.283	1.53	0.499	fisher_exact			cnchd;ddd;nottingham	ukbb		audain2026_sd3
PMID:42230622	HGNC:8004	all		snv_indel	synonymous	any	0.001	individuals	10	3876	control_cohort	111	45082		1.05	odds_ratio		0.489	2.0	0.866	fisher_exact			cnchd;ddd;nottingham	ukbb		audain2026_sd3
PMID:42230622	HGNC:8004	nonsyndromic		snv_indel	lof	any	0.001	individuals	0	2405	control_cohort	3	45082		0.0	odds_ratio		0.0	45.313	1.0	fisher_exact			cnchd;ddd;nottingham	ukbb		audain2026_sd3
PMID:42230622	HGNC:8004	nonsyndromic		snv_indel	missense_damaging	any	0.001	individuals	6	2405	control_cohort	113	45082		0.9953	odds_ratio		0.35735	2.2379	1.0	fisher_exact			cnchd;ddd;nottingham	ukbb		audain2026_sd3
PMID:42230622	HGNC:8004	nonsyndromic		snv_indel	synonymous	any	0.001	individuals	6	2405	control_cohort	111	45082		1.0133	odds_ratio		0.36367	2.2797	0.83434	fisher_exact			cnchd;ddd;nottingham	ukbb		audain2026_sd3
PMID:42230622	HGNC:8004	syndromic		snv_indel	lof	any	0.001	individuals	0	1471	control_cohort	3	45082		0.0	odds_ratio		0.0	74.2	1.0	fisher_exact			cnchd;ddd;nottingham	ukbb		audain2026_sd3
PMID:42230622	HGNC:8004	syndromic		snv_indel	missense_damaging	any	0.001	individuals	1	1471	control_cohort	113	45082		0.271	odds_ratio		0.00679	1.54	0.274	fisher_exact			cnchd;ddd;nottingham	ukbb		audain2026_sd3
PMID:42230622	HGNC:8004	syndromic		snv_indel	synonymous	any	0.001	individuals	4	1471	control_cohort	111	45082		1.1	odds_ratio		0.295	2.92	0.786	fisher_exact			cnchd;ddd;nottingham	ukbb		audain2026_sd3
PMID:34324492	HGNC:8033	all		cnv_deletion	lof	any	0.01	individuals	1	7107	control_cohort	0	14040							0.343066	permutation	1.0	familywise_permutation	decipher;isca;signature;taa_cases	gain_controls;ottawa_controls;wtccc_controls	Cases combine congenital heart disease with 777 sporadic thoracic aortic aneurysm probands (of 7,958 contributing individuals); the study reports the CHD-only contribution separately for significant genes. A carrier is an individual with a rare deletion (MAF below 0.01) overlapping the gene.	audain2021_s6
PMID:42230622	HGNC:8033	all		snv_indel	lof	any	0.001	individuals	0	3876	control_cohort	2	45082		0.0	odds_ratio		0.0	61.9	1.0	fisher_exact			cnchd;ddd;nottingham	ukbb		audain2026_sd3
PMID:42230622	HGNC:8033	all		snv_indel	missense_damaging	any	0.001	individuals	7	3876	control_cohort	70	45082		1.16	odds_ratio		0.451	2.53	0.671	fisher_exact			cnchd;ddd;nottingham	ukbb		audain2026_sd3
PMID:42230622	HGNC:8033	all		snv_indel	synonymous	any	0.001	individuals	14	3876	control_cohort	143	45082		1.14	odds_ratio		0.607	1.98	0.655	fisher_exact			cnchd;ddd;nottingham	ukbb		audain2026_sd3
PMID:42230622	HGNC:8033	nonsyndromic		snv_indel	lof	any	0.001	individuals	0	2405	control_cohort	2	45082		0.0	odds_ratio		0.0	100.01	1.0	fisher_exact			cnchd;ddd;nottingham	ukbb		audain2026_sd3
PMID:42230622	HGNC:8033	nonsyndromic		snv_indel	missense_damaging	any	0.001	individuals	4	2405	control_cohort	70	45082		1.0712	odds_ratio		0.28375	2.8707	0.78962	fisher_exact			cnchd;ddd;nottingham	ukbb		audain2026_sd3
PMID:42230622	HGNC:8033	nonsyndromic		snv_indel	synonymous	any	0.001	individuals	10	2405	control_cohort	143	45082		1.3121	odds_ratio		0.61515	2.4883	0.35685	fisher_exact			cnchd;ddd;nottingham	ukbb		audain2026_sd3
PMID:42230622	HGNC:8033	syndromic		snv_indel	lof	any	0.001	individuals	0	1471	control_cohort	2	45082		0.0	odds_ratio		0.0	163.0	1.0	fisher_exact			cnchd;ddd;nottingham	ukbb		audain2026_sd3
PMID:42230622	HGNC:8033	syndromic		snv_indel	missense_damaging	any	0.001	individuals	3	1471	control_cohort	70	45082		1.31	odds_ratio		0.264	4.01	0.503	fisher_exact			cnchd;ddd;nottingham	ukbb		audain2026_sd3
PMID:42230622	HGNC:8033	syndromic		snv_indel	synonymous	any	0.001	individuals	4	1471	control_cohort	143	45082		0.857	odds_ratio		0.23	2.25	1.0	fisher_exact			cnchd;ddd;nottingham	ukbb		audain2026_sd3
PMID:34324492	HGNC:8111	all		cnv_deletion	lof	any	0.01	individuals	1	7107	control_cohort	0	14040							0.349165	permutation	1.0	familywise_permutation	decipher;isca;signature;taa_cases	gain_controls;ottawa_controls;wtccc_controls	Cases combine congenital heart disease with 777 sporadic thoracic aortic aneurysm probands (of 7,958 contributing individuals); the study reports the CHD-only contribution separately for significant genes. A carrier is an individual with a rare deletion (MAF below 0.01) overlapping the gene.	audain2021_s6
PMID:42230622	HGNC:8111	all		snv_indel	synonymous	any	0.001	individuals	9	3876	control_cohort	30	45082		3.5	odds_ratio		1.46	7.56	0.00289	fisher_exact			cnchd;ddd;nottingham	ukbb		audain2026_sd3
PMID:42230622	HGNC:8111	nonsyndromic		snv_indel	synonymous	any	0.001	individuals	4	2405	control_cohort	30	45082		2.5017	odds_ratio		0.63983	7.1079	0.091299	fisher_exact			cnchd;ddd;nottingham	ukbb		audain2026_sd3
PMID:42230622	HGNC:8111	syndromic		snv_indel	synonymous	any	0.001	individuals	5	1471	control_cohort	30	45082		5.12	odds_ratio		1.55	13.4	0.00462	fisher_exact			cnchd;ddd;nottingham	ukbb		audain2026_sd3
PMID:34324492	HGNC:8569	all		cnv_deletion	lof	any	0.01	individuals	10	7107	control_cohort	0	14040							9.999e-05	permutation	0.0120988	familywise_permutation	decipher;isca;signature;taa_cases	gain_controls;ottawa_controls;wtccc_controls	Cases combine congenital heart disease with 777 sporadic thoracic aortic aneurysm probands (of 7,958 contributing individuals); the study reports the CHD-only contribution separately for significant genes. A carrier is an individual with a rare deletion (MAF below 0.01) overlapping the gene.	audain2021_s6
PMID:42230622	HGNC:8569	all		snv_indel	lof	any	0.001	individuals	3	3876	control_cohort	29	45082		1.2	odds_ratio		0.234	3.89	0.738	fisher_exact			cnchd;ddd;nottingham	ukbb		audain2026_sd3
PMID:42230622	HGNC:8569	all		snv_indel	missense_damaging	any	0.001	individuals	8	3876	control_cohort	125	45082		0.744	odds_ratio		0.314	1.51	0.52	fisher_exact			cnchd;ddd;nottingham	ukbb		audain2026_sd3
PMID:42230622	HGNC:8569	all		snv_indel	synonymous	any	0.001	individuals	21	3876	control_cohort	159	45082		1.54	odds_ratio		0.926	2.44	0.0708	fisher_exact			cnchd;ddd;nottingham	ukbb		audain2026_sd3
PMID:42230622	HGNC:8569	nonsyndromic		snv_indel	lof	any	0.001	individuals	2	2405	control_cohort	29	45082		1.293	odds_ratio		0.14944	5.116	0.66977	fisher_exact			cnchd;ddd;nottingham	ukbb		audain2026_sd3
PMID:42230622	HGNC:8569	nonsyndromic		snv_indel	missense_damaging	any	0.001	individuals	3	2405	control_cohort	125	45082		0.4492	odds_ratio		0.091333	1.345	0.22177	fisher_exact			cnchd;ddd;nottingham	ukbb		audain2026_sd3
PMID:42230622	HGNC:8569	nonsyndromic		snv_indel	synonymous	any	0.001	individuals	13	2405	control_cohort	159	45082		1.5355	odds_ratio		0.79877	2.707	0.15869	fisher_exact			cnchd;ddd;nottingham	ukbb		audain2026_sd3
PMID:42230622	HGNC:8569	syndromic		snv_indel	lof	any	0.001	individuals	1	1471	control_cohort	29	45082		1.06	odds_ratio		0.0259	6.38	0.618	fisher_exact			cnchd;ddd;nottingham	ukbb		audain2026_sd3
PMID:42230622	HGNC:8569	syndromic		snv_indel	missense_damaging	any	0.001	individuals	5	1471	control_cohort	125	45082		1.23	odds_ratio		0.391	2.95	0.61	fisher_exact			cnchd;ddd;nottingham	ukbb		audain2026_sd3
PMID:42230622	HGNC:8569	syndromic		snv_indel	synonymous	any	0.001	individuals	8	1471	control_cohort	159	45082		1.54	odds_ratio		0.654	3.13	0.259	fisher_exact			cnchd;ddd;nottingham	ukbb		audain2026_sd3
PMID:34324492	HGNC:8747	all		cnv_deletion	lof	any	0.01	individuals	1	7107	control_cohort	0	14040							0.339966	permutation	1.0	familywise_permutation	decipher;isca;signature;taa_cases	gain_controls;ottawa_controls;wtccc_controls	Cases combine congenital heart disease with 777 sporadic thoracic aortic aneurysm probands (of 7,958 contributing individuals); the study reports the CHD-only contribution separately for significant genes. A carrier is an individual with a rare deletion (MAF below 0.01) overlapping the gene.	audain2021_s6
PMID:42230622	HGNC:8747	all		snv_indel	lof	any	0.001	individuals	8	3876	control_cohort	58	45082		1.61	odds_ratio		0.661	3.38	0.247	fisher_exact			cnchd;ddd;nottingham	ukbb		audain2026_sd3
PMID:42230622	HGNC:8747	all		snv_indel	missense_damaging	any	0.001	individuals	4	3876	control_cohort	46	45082		1.01	odds_ratio		0.264	2.77	1.0	fisher_exact			cnchd;ddd;nottingham	ukbb		audain2026_sd3
PMID:42230622	HGNC:8747	all		snv_indel	synonymous	any	0.001	individuals	18	3876	control_cohort	262	45082		0.798	odds_ratio		0.465	1.29	0.436	fisher_exact			cnchd;ddd;nottingham	ukbb		audain2026_sd3
PMID:42230622	HGNC:8747	nonsyndromic		snv_indel	lof	any	0.001	individuals	5	2405	control_cohort	58	45082		1.6172	odds_ratio		0.5057	4.001	0.25155	fisher_exact			cnchd;ddd;nottingham	ukbb		audain2026_sd3
PMID:42230622	HGNC:8747	nonsyndromic		snv_indel	missense_damaging	any	0.001	individuals	4	2405	control_cohort	46	45082		1.631	odds_ratio		0.42605	4.4726	0.32085	fisher_exact			cnchd;ddd;nottingham	ukbb		audain2026_sd3
PMID:42230622	HGNC:8747	nonsyndromic		snv_indel	synonymous	any	0.001	individuals	10	2405	control_cohort	262	45082		0.71427	odds_ratio		0.33807	1.3371	0.4029	fisher_exact			cnchd;ddd;nottingham	ukbb		audain2026_sd3
PMID:42230622	HGNC:8747	syndromic		snv_indel	lof	any	0.001	individuals	3	1471	control_cohort	58	45082		1.59	odds_ratio		0.318	4.88	0.444	fisher_exact			cnchd;ddd;nottingham	ukbb		audain2026_sd3
PMID:42230622	HGNC:8747	syndromic		snv_indel	missense_damaging	any	0.001	individuals	0	1471	control_cohort	46	45082		0.0	odds_ratio		0.0	2.56	0.405	fisher_exact			cnchd;ddd;nottingham	ukbb		audain2026_sd3
PMID:42230622	HGNC:8747	syndromic		snv_indel	synonymous	any	0.001	individuals	8	1471	control_cohort	262	45082		0.935	odds_ratio		0.399	1.88	1.0	fisher_exact			cnchd;ddd;nottingham	ukbb		audain2026_sd3
PMID:34324492	HGNC:8803	all		cnv_deletion	lof	any	0.01	individuals	1	7107	control_cohort	0	14040							0.340466	permutation	1.0	familywise_permutation	decipher;isca;signature;taa_cases	gain_controls;ottawa_controls;wtccc_controls	Cases combine congenital heart disease with 777 sporadic thoracic aortic aneurysm probands (of 7,958 contributing individuals); the study reports the CHD-only contribution separately for significant genes. A carrier is an individual with a rare deletion (MAF below 0.01) overlapping the gene.	audain2021_s6
PMID:42230622	HGNC:8803	all		snv_indel	lof	any	0.001	individuals	2	3876	control_cohort	1	45082		23.3	odds_ratio		1.21	1360.0	0.0178	fisher_exact			cnchd;ddd;nottingham	ukbb		audain2026_sd3
PMID:42230622	HGNC:8803	all		snv_indel	missense_damaging	any	0.001	individuals	2	3876	control_cohort	61	45082		0.381	odds_ratio		0.0451	1.44	0.239	fisher_exact			cnchd;ddd;nottingham	ukbb		audain2026_sd3
PMID:42230622	HGNC:8803	all		snv_indel	synonymous	any	0.001	individuals	12	3876	control_cohort	114	45082		1.23	odds_ratio		0.614	2.23	0.506	fisher_exact			cnchd;ddd;nottingham	ukbb		audain2026_sd3
PMID:42230622	HGNC:8803	nonsyndromic		snv_indel	lof	any	0.001	individuals	2	2405	control_cohort	1	45082		37.511	odds_ratio		1.9521	2176.3	0.0074323	fisher_exact			cnchd;ddd;nottingham	ukbb		audain2026_sd3
PMID:42230622	HGNC:8803	nonsyndromic		snv_indel	missense_damaging	any	0.001	individuals	1	2405	control_cohort	61	45082		0.30701	odds_ratio		0.0076489	1.7778	0.37619	fisher_exact			cnchd;ddd;nottingham	ukbb		audain2026_sd3
PMID:42230622	HGNC:8803	nonsyndromic		snv_indel	synonymous	any	0.001	individuals	7	2405	control_cohort	114	45082		1.1515	odds_ratio		0.45221	2.454	0.67564	fisher_exact			cnchd;ddd;nottingham	ukbb		audain2026_sd3
PMID:42230622	HGNC:8803	syndromic		snv_indel	lof	any	0.001	individuals	0	1471	control_cohort	1	45082		0.0	odds_ratio		0.0	1170.0	1.0	fisher_exact			cnchd;ddd;nottingham	ukbb		audain2026_sd3
PMID:42230622	HGNC:8803	syndromic		snv_indel	missense_damaging	any	0.001	individuals	1	1471	control_cohort	61	45082		0.502	odds_ratio		0.0125	2.91	1.0	fisher_exact			cnchd;ddd;nottingham	ukbb		audain2026_sd3
PMID:42230622	HGNC:8803	syndromic		snv_indel	synonymous	any	0.001	individuals	5	1471	control_cohort	114	45082		1.35	odds_ratio		0.428	3.24	0.43	fisher_exact			cnchd;ddd;nottingham	ukbb		audain2026_sd3
PMID:42230622	HGNC:9067	all		snv_indel	lof	any	0.001	individuals	2	3876	control_cohort	16	45082		1.45	odds_ratio		0.162	6.19	0.649	fisher_exact			cnchd;ddd;nottingham	ukbb		audain2026_sd3
PMID:42230622	HGNC:9067	all		snv_indel	missense_damaging	any	0.001	individuals	10	3876	control_cohort	109	45082		1.07	odds_ratio		0.497	2.04	0.864	fisher_exact			cnchd;ddd;nottingham	ukbb		audain2026_sd3
PMID:42230622	HGNC:9067	all		snv_indel	synonymous	any	0.001	individuals	9	3876	control_cohort	77	45082		1.36	odds_ratio		0.599	2.72	0.419	fisher_exact			cnchd;ddd;nottingham	ukbb		audain2026_sd3
PMID:42230622	HGNC:9067	nonsyndromic		snv_indel	lof	any	0.001	individuals	2	2405	control_cohort	16	45082		2.3443	odds_ratio		0.26133	9.9802	0.23082	fisher_exact			cnchd;ddd;nottingham	ukbb		audain2026_sd3
PMID:42230622	HGNC:9067	nonsyndromic		snv_indel	missense_damaging	any	0.001	individuals	9	2405	control_cohort	109	45082		1.5498	odds_ratio		0.68935	3.0569	0.20286	fisher_exact			cnchd;ddd;nottingham	ukbb		audain2026_sd3
PMID:42230622	HGNC:9067	nonsyndromic		snv_indel	synonymous	any	0.001	individuals	5	2405	control_cohort	77	45082		1.2177	odds_ratio		0.38415	2.9705	0.61052	fisher_exact			cnchd;ddd;nottingham	ukbb		audain2026_sd3
PMID:42230622	HGNC:9067	syndromic		snv_indel	lof	any	0.001	individuals	0	1471	control_cohort	16	45082		0.0	odds_ratio		0.0	7.95	1.0	fisher_exact			cnchd;ddd;nottingham	ukbb		audain2026_sd3
PMID:42230622	HGNC:9067	syndromic		snv_indel	missense_damaging	any	0.001	individuals	1	1471	control_cohort	109	45082		0.281	odds_ratio		0.00704	1.6	0.27	fisher_exact			cnchd;ddd;nottingham	ukbb		audain2026_sd3
PMID:42230622	HGNC:9067	syndromic		snv_indel	synonymous	any	0.001	individuals	4	1471	control_cohort	77	45082		1.59	odds_ratio		0.423	4.26	0.328	fisher_exact			cnchd;ddd;nottingham	ukbb		audain2026_sd3
PMID:42230622	HGNC:9107	all		snv_indel	lof	any	0.001	individuals	0	3876	control_cohort	2	45082		0.0	odds_ratio		0.0	61.9	1.0	fisher_exact			cnchd;ddd;nottingham	ukbb		audain2026_sd3
PMID:42230622	HGNC:9107	all		snv_indel	missense_damaging	any	0.001	individuals	5	3876	control_cohort	24	45082		2.42	odds_ratio		0.722	6.49	0.0749	fisher_exact			cnchd;ddd;nottingham	ukbb		audain2026_sd3
PMID:42230622	HGNC:9107	all		snv_indel	synonymous	any	0.001	individuals	32	3876	control_cohort	351	45082		1.06	odds_ratio		0.713	1.53	0.704	fisher_exact			cnchd;ddd;nottingham	ukbb		audain2026_sd3
PMID:42230622	HGNC:9107	nonsyndromic		snv_indel	lof	any	0.001	individuals	0	2405	control_cohort	2	45082		0.0	odds_ratio		0.0	100.01	1.0	fisher_exact			cnchd;ddd;nottingham	ukbb		audain2026_sd3
PMID:42230622	HGNC:9107	nonsyndromic		snv_indel	missense_damaging	any	0.001	individuals	4	2405	control_cohort	24	45082		3.1276	odds_ratio		0.7881	9.1125	0.050972	fisher_exact			cnchd;ddd;nottingham	ukbb		audain2026_sd3
PMID:42230622	HGNC:9107	nonsyndromic		snv_indel	synonymous	any	0.001	individuals	19	2405	control_cohort	351	45082		1.0148	odds_ratio		0.60257	1.6125	0.90517	fisher_exact			cnchd;ddd;nottingham	ukbb		audain2026_sd3
PMID:42230622	HGNC:9107	syndromic		snv_indel	lof	any	0.001	individuals	0	1471	control_cohort	2	45082		0.0	odds_ratio		0.0	163.0	1.0	fisher_exact			cnchd;ddd;nottingham	ukbb		audain2026_sd3
PMID:42230622	HGNC:9107	syndromic		snv_indel	missense_damaging	any	0.001	individuals	1	1471	control_cohort	24	45082		1.28	odds_ratio		0.031	7.84	0.552	fisher_exact			cnchd;ddd;nottingham	ukbb		audain2026_sd3
PMID:42230622	HGNC:9107	syndromic		snv_indel	synonymous	any	0.001	individuals	13	1471	control_cohort	351	45082		1.14	odds_ratio		0.598	1.97	0.65	fisher_exact			cnchd;ddd;nottingham	ukbb		audain2026_sd3
PMID:34324492	HGNC:9350	all		cnv_deletion	lof	any	0.01	individuals	2	7107	control_cohort	3	14040							0.555044	permutation	1.0	familywise_permutation	decipher;isca;signature;taa_cases	gain_controls;ottawa_controls;wtccc_controls	Cases combine congenital heart disease with 777 sporadic thoracic aortic aneurysm probands (of 7,958 contributing individuals); the study reports the CHD-only contribution separately for significant genes. A carrier is an individual with a rare deletion (MAF below 0.01) overlapping the gene.	audain2021_s6
PMID:42230622	HGNC:9350	all		snv_indel	lof	any	0.001	individuals	0	3876	control_cohort	2	45082		0.0	odds_ratio		0.0	61.9	1.0	fisher_exact			cnchd;ddd;nottingham	ukbb		audain2026_sd3
PMID:42230622	HGNC:9350	all		snv_indel	missense_damaging	any	0.001	individuals	2	3876	control_cohort	6	45082		3.88	odds_ratio		0.383	21.7	0.128	fisher_exact			cnchd;ddd;nottingham	ukbb		audain2026_sd3
PMID:42230622	HGNC:9350	all		snv_indel	synonymous	any	0.001	individuals	4	3876	control_cohort	72	45082		0.646	odds_ratio		0.171	1.73	0.524	fisher_exact			cnchd;ddd;nottingham	ukbb		audain2026_sd3
PMID:42230622	HGNC:9350	nonsyndromic		snv_indel	lof	any	0.001	individuals	0	2405	control_cohort	2	45082		0.0	odds_ratio		0.0	100.01	1.0	fisher_exact			cnchd;ddd;nottingham	ukbb		audain2026_sd3
PMID:42230622	HGNC:9350	nonsyndromic		snv_indel	missense_damaging	any	0.001	individuals	0	2405	control_cohort	6	45082		0.0	odds_ratio		0.0	15.919	1.0	fisher_exact			cnchd;ddd;nottingham	ukbb		audain2026_sd3
PMID:42230622	HGNC:9350	nonsyndromic		snv_indel	synonymous	any	0.001	individuals	4	2405	control_cohort	72	45082		1.0415	odds_ratio		0.27606	2.7876	0.79438	fisher_exact			cnchd;ddd;nottingham	ukbb		audain2026_sd3
PMID:42230622	HGNC:9350	syndromic		snv_indel	lof	any	0.001	individuals	0	1471	control_cohort	2	45082		0.0	odds_ratio		0.0	163.0	1.0	fisher_exact			cnchd;ddd;nottingham	ukbb		audain2026_sd3
PMID:42230622	HGNC:9350	syndromic		snv_indel	missense_damaging	any	0.001	individuals	2	1471	control_cohort	6	45082		10.2	odds_ratio		1.01	57.3	0.0246	fisher_exact			cnchd;ddd;nottingham	ukbb		audain2026_sd3
PMID:42230622	HGNC:9350	syndromic		snv_indel	synonymous	any	0.001	individuals	0	1471	control_cohort	72	45082		0.0	odds_ratio		0.0	1.61	0.176	fisher_exact			cnchd;ddd;nottingham	ukbb		audain2026_sd3
PMID:42230622	HGNC:9379	all		snv_indel	lof	any	0.001	individuals	0	3876	control_cohort	4	45082		0.0	odds_ratio		0.0	17.6	1.0	fisher_exact			cnchd;ddd;nottingham	ukbb		audain2026_sd3
PMID:42230622	HGNC:9379	all		snv_indel	missense_damaging	any	0.001	individuals	3	3876	control_cohort	15	45082		2.33	odds_ratio		0.432	8.23	0.166	fisher_exact			cnchd;ddd;nottingham	ukbb		audain2026_sd3
PMID:42230622	HGNC:9379	all		snv_indel	synonymous	any	0.001	individuals	1	3876	control_cohort	8	45082		1.45	odds_ratio		0.0328	10.9	0.524	fisher_exact			cnchd;ddd;nottingham	ukbb		audain2026_sd3
PMID:42230622	HGNC:9379	nonsyndromic		snv_indel	lof	any	0.001	individuals	0	2405	control_cohort	4	45082		0.0	odds_ratio		0.0	28.399	1.0	fisher_exact			cnchd;ddd;nottingham	ukbb		audain2026_sd3
PMID:42230622	HGNC:9379	nonsyndromic		snv_indel	missense_damaging	any	0.001	individuals	2	2405	control_cohort	15	45082		2.5005	odds_ratio		0.27731	10.759	0.21183	fisher_exact			cnchd;ddd;nottingham	ukbb		audain2026_sd3
PMID:42230622	HGNC:9379	nonsyndromic		snv_indel	synonymous	any	0.001	individuals	1	2405	control_cohort	8	45082		2.3438	odds_ratio		0.052797	17.491	0.37362	fisher_exact			cnchd;ddd;nottingham	ukbb		audain2026_sd3
PMID:42230622	HGNC:9379	syndromic		snv_indel	lof	any	0.001	individuals	0	1471	control_cohort	4	45082		0.0	odds_ratio		0.0	46.5	1.0	fisher_exact			cnchd;ddd;nottingham	ukbb		audain2026_sd3
PMID:42230622	HGNC:9379	syndromic		snv_indel	missense_damaging	any	0.001	individuals	1	1471	control_cohort	15	45082		2.04	odds_ratio		0.0485	13.3	0.402	fisher_exact			cnchd;ddd;nottingham	ukbb		audain2026_sd3
PMID:42230622	HGNC:9379	syndromic		snv_indel	synonymous	any	0.001	individuals	0	1471	control_cohort	8	45082		0.0	odds_ratio		0.0	18.0	1.0	fisher_exact			cnchd;ddd;nottingham	ukbb		audain2026_sd3
PMID:34324492	HGNC:9380	all		cnv_deletion	lof	any	0.01	individuals	3	7107	control_cohort	1	14040							0.116888	permutation	1.0	familywise_permutation	decipher;isca;signature;taa_cases	gain_controls;ottawa_controls;wtccc_controls	Cases combine congenital heart disease with 777 sporadic thoracic aortic aneurysm probands (of 7,958 contributing individuals); the study reports the CHD-only contribution separately for significant genes. A carrier is an individual with a rare deletion (MAF below 0.01) overlapping the gene.	audain2021_s6
PMID:42230622	HGNC:9380	all		snv_indel	synonymous	any	0.001	individuals	2	3876	control_cohort	34	45082		0.684	odds_ratio		0.0796	2.67	1.0	fisher_exact			cnchd;ddd;nottingham	ukbb		audain2026_sd3
PMID:42230622	HGNC:9380	nonsyndromic		snv_indel	synonymous	any	0.001	individuals	1	2405	control_cohort	34	45082		0.55114	odds_ratio		0.013557	3.2884	1.0	fisher_exact			cnchd;ddd;nottingham	ukbb		audain2026_sd3
PMID:42230622	HGNC:9380	syndromic		snv_indel	synonymous	any	0.001	individuals	1	1471	control_cohort	34	45082		0.901	odds_ratio		0.0222	5.38	1.0	fisher_exact			cnchd;ddd;nottingham	ukbb		audain2026_sd3
PMID:42230622	HGNC:9381	all		snv_indel	lof	any	0.001	individuals	2	3876	control_cohort	10	45082		2.33	odds_ratio		0.248	10.9	0.245	fisher_exact			cnchd;ddd;nottingham	ukbb		audain2026_sd3
PMID:42230622	HGNC:9381	all		snv_indel	missense_damaging	any	0.001	individuals	0	3876	control_cohort	2	45082		0.0	odds_ratio		0.0	61.9	1.0	fisher_exact			cnchd;ddd;nottingham	ukbb		audain2026_sd3
PMID:42230622	HGNC:9381	all		snv_indel	synonymous	any	0.001	individuals	3	3876	control_cohort	48	45082		0.727	odds_ratio		0.145	2.26	0.796	fisher_exact			cnchd;ddd;nottingham	ukbb		audain2026_sd3
PMID:42230622	HGNC:9381	nonsyndromic		snv_indel	lof	any	0.001	individuals	2	2405	control_cohort	10	45082		3.7509	odds_ratio		0.39941	17.624	0.1209	fisher_exact			cnchd;ddd;nottingham	ukbb		audain2026_sd3
PMID:42230622	HGNC:9381	nonsyndromic		snv_indel	missense_damaging	any	0.001	individuals	0	2405	control_cohort	2	45082		0.0	odds_ratio		0.0	100.01	1.0	fisher_exact			cnchd;ddd;nottingham	ukbb		audain2026_sd3
PMID:42230622	HGNC:9381	nonsyndromic		snv_indel	synonymous	any	0.001	individuals	1	2405	control_cohort	48	45082		0.39027	odds_ratio		0.0096806	2.2832	0.51845	fisher_exact			cnchd;ddd;nottingham	ukbb		audain2026_sd3
PMID:42230622	HGNC:9381	syndromic		snv_indel	lof	any	0.001	individuals	0	1471	control_cohort	10	45082		0.0	odds_ratio		0.0	13.7	1.0	fisher_exact			cnchd;ddd;nottingham	ukbb		audain2026_sd3
PMID:42230622	HGNC:9381	syndromic		snv_indel	missense_damaging	any	0.001	individuals	0	1471	control_cohort	2	45082		0.0	odds_ratio		0.0	163.0	1.0	fisher_exact			cnchd;ddd;nottingham	ukbb		audain2026_sd3
PMID:42230622	HGNC:9381	syndromic		snv_indel	synonymous	any	0.001	individuals	2	1471	control_cohort	48	45082		1.28	odds_ratio		0.15	4.88	0.672	fisher_exact			cnchd;ddd;nottingham	ukbb		audain2026_sd3
PMID:34324492	HGNC:9407	all		cnv_deletion	lof	any	0.01	individuals	3	7107	control_cohort	0	14040							0.0391961	permutation	1.0	familywise_permutation	decipher;isca;signature;taa_cases	gain_controls;ottawa_controls;wtccc_controls	Cases combine congenital heart disease with 777 sporadic thoracic aortic aneurysm probands (of 7,958 contributing individuals); the study reports the CHD-only contribution separately for significant genes. A carrier is an individual with a rare deletion (MAF below 0.01) overlapping the gene.	audain2021_s6
PMID:42230622	HGNC:9407	all		snv_indel	lof	any	0.001	individuals	5	3876	control_cohort	40	45082		1.45	odds_ratio		0.448	3.69	0.402	fisher_exact			cnchd;ddd;nottingham	ukbb		audain2026_sd3
PMID:42230622	HGNC:9407	all		snv_indel	missense_damaging	any	0.001	individuals	10	3876	control_cohort	99	45082		1.18	odds_ratio		0.546	2.26	0.593	fisher_exact			cnchd;ddd;nottingham	ukbb		audain2026_sd3
PMID:42230622	HGNC:9407	all		snv_indel	synonymous	any	0.001	individuals	7	3876	control_cohort	86	45082		0.947	odds_ratio		0.369	2.04	1.0	fisher_exact			cnchd;ddd;nottingham	ukbb		audain2026_sd3
PMID:42230622	HGNC:9407	nonsyndromic		snv_indel	lof	any	0.001	individuals	2	2405	control_cohort	40	45082		0.9372	odds_ratio		0.10966	3.6176	1.0	fisher_exact			cnchd;ddd;nottingham	ukbb		audain2026_sd3
PMID:42230622	HGNC:9407	nonsyndromic		snv_indel	missense_damaging	any	0.001	individuals	3	2405	control_cohort	99	45082		0.56749	odds_ratio		0.11496	1.7095	0.49381	fisher_exact			cnchd;ddd;nottingham	ukbb		audain2026_sd3
PMID:42230622	HGNC:9407	nonsyndromic		snv_indel	synonymous	any	0.001	individuals	2	2405	control_cohort	86	45082		0.43547	odds_ratio		0.051879	1.6234	0.32908	fisher_exact			cnchd;ddd;nottingham	ukbb		audain2026_sd3
PMID:42230622	HGNC:9407	syndromic		snv_indel	lof	any	0.001	individuals	3	1471	control_cohort	40	45082		2.3	odds_ratio		0.455	7.24	0.154	fisher_exact			cnchd;ddd;nottingham	ukbb		audain2026_sd3
PMID:42230622	HGNC:9407	syndromic		snv_indel	missense_damaging	any	0.001	individuals	7	1471	control_cohort	99	45082		2.17	odds_ratio		0.85	4.66	0.0512	fisher_exact			cnchd;ddd;nottingham	ukbb		audain2026_sd3
PMID:42230622	HGNC:9407	syndromic		snv_indel	synonymous	any	0.001	individuals	5	1471	control_cohort	86	45082		1.78	odds_ratio		0.564	4.34	0.215	fisher_exact			cnchd;ddd;nottingham	ukbb		audain2026_sd3
PMID:34324492	HGNC:9459	all		cnv_deletion	lof	any	0.01	individuals	0	7107	control_cohort	2	14040							1.0	permutation	1.0	familywise_permutation	decipher;isca;signature;taa_cases	gain_controls;ottawa_controls;wtccc_controls	Cases combine congenital heart disease with 777 sporadic thoracic aortic aneurysm probands (of 7,958 contributing individuals); the study reports the CHD-only contribution separately for significant genes. A carrier is an individual with a rare deletion (MAF below 0.01) overlapping the gene.	audain2021_s6
PMID:42230622	HGNC:9459	all		snv_indel	lof	any	0.001	individuals	0	3876	control_cohort	3	45082		0.0	odds_ratio		0.0	28.2	1.0	fisher_exact			cnchd;ddd;nottingham	ukbb		audain2026_sd3
PMID:42230622	HGNC:9459	all		snv_indel	missense_damaging	any	0.001	individuals	1	3876	control_cohort	4	45082		2.91	odds_ratio		0.059	29.4	0.338	fisher_exact			cnchd;ddd;nottingham	ukbb		audain2026_sd3
PMID:42230622	HGNC:9459	all		snv_indel	synonymous	any	0.001	individuals	9	3876	control_cohort	130	45082		0.805	odds_ratio		0.36	1.58	0.638	fisher_exact			cnchd;ddd;nottingham	ukbb		audain2026_sd3
PMID:42230622	HGNC:9459	nonsyndromic		snv_indel	lof	any	0.001	individuals	0	2405	control_cohort	3	45082		0.0	odds_ratio		0.0	45.313	1.0	fisher_exact			cnchd;ddd;nottingham	ukbb		audain2026_sd3
PMID:42230622	HGNC:9459	nonsyndromic		snv_indel	missense_damaging	any	0.001	individuals	0	2405	control_cohort	4	45082		0.0	odds_ratio		0.0	28.399	1.0	fisher_exact			cnchd;ddd;nottingham	ukbb		audain2026_sd3
PMID:42230622	HGNC:9459	nonsyndromic		snv_indel	synonymous	any	0.001	individuals	6	2405	control_cohort	130	45082		0.86482	odds_ratio		0.31133	1.9367	1.0	fisher_exact			cnchd;ddd;nottingham	ukbb		audain2026_sd3
PMID:42230622	HGNC:9459	syndromic		snv_indel	lof	any	0.001	individuals	0	1471	control_cohort	3	45082		0.0	odds_ratio		0.0	74.2	1.0	fisher_exact			cnchd;ddd;nottingham	ukbb		audain2026_sd3
PMID:42230622	HGNC:9459	syndromic		snv_indel	missense_damaging	any	0.001	individuals	1	1471	control_cohort	4	45082		7.67	odds_ratio		0.156	77.5	0.148	fisher_exact			cnchd;ddd;nottingham	ukbb		audain2026_sd3
PMID:42230622	HGNC:9459	syndromic		snv_indel	synonymous	any	0.001	individuals	3	1471	control_cohort	130	45082		0.707	odds_ratio		0.144	2.12	0.802	fisher_exact			cnchd;ddd;nottingham	ukbb		audain2026_sd3
PMID:42230622	HGNC:9787	all		snv_indel	lof	any	0.001	individuals	0	3876	control_cohort	6	45082		0.0	odds_ratio		0.0	9.88	1.0	fisher_exact			cnchd;ddd;nottingham	ukbb		audain2026_sd3
PMID:42230622	HGNC:9787	all		snv_indel	missense_damaging	any	0.001	individuals	7	3876	control_cohort	54	45082		1.51	odds_ratio		0.579	3.33	0.335	fisher_exact			cnchd;ddd;nottingham	ukbb		audain2026_sd3
PMID:42230622	HGNC:9787	all		snv_indel	synonymous	any	0.001	individuals	4	3876	control_cohort	63	45082		0.738	odds_ratio		0.195	1.99	0.819	fisher_exact			cnchd;ddd;nottingham	ukbb		audain2026_sd3
PMID:42230622	HGNC:9787	nonsyndromic		snv_indel	lof	any	0.001	individuals	0	2405	control_cohort	6	45082		0.0	odds_ratio		0.0	15.919	1.0	fisher_exact			cnchd;ddd;nottingham	ukbb		audain2026_sd3
PMID:42230622	HGNC:9787	nonsyndromic		snv_indel	missense_damaging	any	0.001	individuals	6	2405	control_cohort	54	45082		2.0855	odds_ratio		0.73236	4.848	0.12658	fisher_exact			cnchd;ddd;nottingham	ukbb		audain2026_sd3
PMID:42230622	HGNC:9787	nonsyndromic		snv_indel	synonymous	any	0.001	individuals	2	2405	control_cohort	63	45082		0.59474	odds_ratio		0.070443	2.2418	0.77368	fisher_exact			cnchd;ddd;nottingham	ukbb		audain2026_sd3
PMID:42230622	HGNC:9787	syndromic		snv_indel	lof	any	0.001	individuals	0	1471	control_cohort	6	45082		0.0	odds_ratio		0.0	26.0	1.0	fisher_exact			cnchd;ddd;nottingham	ukbb		audain2026_sd3
PMID:42230622	HGNC:9787	syndromic		snv_indel	missense_damaging	any	0.001	individuals	1	1471	control_cohort	54	45082		0.567	odds_ratio		0.0141	3.3	1.0	fisher_exact			cnchd;ddd;nottingham	ukbb		audain2026_sd3
PMID:42230622	HGNC:9787	syndromic		snv_indel	synonymous	any	0.001	individuals	2	1471	control_cohort	63	45082		0.973	odds_ratio		0.115	3.67	1.0	fisher_exact			cnchd;ddd;nottingham	ukbb		audain2026_sd3
PMID:42230622	HGNC:9835	all		snv_indel	lof	any	0.001	individuals	1	3876	control_cohort	0	45082			odds_ratio	unbounded_above	0.298		0.0792	fisher_exact			cnchd;ddd;nottingham	ukbb		audain2026_sd3
PMID:42230622	HGNC:9835	all		snv_indel	missense_damaging	any	0.001	individuals	0	3876	control_cohort	20	45082		0.0	odds_ratio		0.0	2.36	0.4	fisher_exact			cnchd;ddd;nottingham	ukbb		audain2026_sd3
PMID:42230622	HGNC:9835	all		snv_indel	synonymous	any	0.001	individuals	3	3876	control_cohort	33	45082		1.06	odds_ratio		0.207	3.37	0.761	fisher_exact			cnchd;ddd;nottingham	ukbb		audain2026_sd3
PMID:42230622	HGNC:9835	nonsyndromic		snv_indel	missense_damaging	any	0.001	individuals	0	2405	control_cohort	20	45082		0.0	odds_ratio		0.0	3.7979	0.6226	fisher_exact			cnchd;ddd;nottingham	ukbb		audain2026_sd3
PMID:42230622	HGNC:9835	nonsyndromic		snv_indel	synonymous	any	0.001	individuals	2	2405	control_cohort	33	45082		1.1362	odds_ratio		0.13199	4.4471	0.69716	fisher_exact			cnchd;ddd;nottingham	ukbb		audain2026_sd3
PMID:42230622	HGNC:9835	syndromic		snv_indel	lof	any	0.001	individuals	1	1471	control_cohort	0	45082			odds_ratio	unbounded_above	0.786		0.0316	fisher_exact			cnchd;ddd;nottingham	ukbb		audain2026_sd3
PMID:42230622	HGNC:9835	syndromic		snv_indel	missense_damaging	any	0.001	individuals	0	1471	control_cohort	20	45082		0.0	odds_ratio		0.0	6.21	1.0	fisher_exact			cnchd;ddd;nottingham	ukbb		audain2026_sd3
PMID:42230622	HGNC:9835	syndromic		snv_indel	synonymous	any	0.001	individuals	1	1471	control_cohort	33	45082		0.929	odds_ratio		0.0228	5.56	1.0	fisher_exact			cnchd;ddd;nottingham	ukbb		audain2026_sd3
PMID:42230622	HGNC:9886	all		snv_indel	lof	any	0.001	individuals	1	3876	control_cohort	5	45082		2.33	odds_ratio		0.0492	20.8	0.39	fisher_exact			cnchd;ddd;nottingham	ukbb		audain2026_sd3
PMID:42230622	HGNC:9886	all		snv_indel	missense_damaging	any	0.001	individuals	5	3876	control_cohort	45	45082		1.29	odds_ratio		0.4	3.25	0.595	fisher_exact			cnchd;ddd;nottingham	ukbb		audain2026_sd3
PMID:42230622	HGNC:9886	all		snv_indel	synonymous	any	0.001	individuals	14	3876	control_cohort	154	45082		1.06	odds_ratio		0.564	1.83	0.775	fisher_exact			cnchd;ddd;nottingham	ukbb		audain2026_sd3
PMID:42230622	HGNC:9886	nonsyndromic		snv_indel	lof	any	0.001	individuals	1	2405	control_cohort	5	45082		3.7497	odds_ratio		0.079256	33.533	0.26791	fisher_exact			cnchd;ddd;nottingham	ukbb		audain2026_sd3
PMID:42230622	HGNC:9886	nonsyndromic		snv_indel	missense_damaging	any	0.001	individuals	2	2405	control_cohort	45	45082		0.83298	odds_ratio		0.097826	3.1922	1.0	fisher_exact			cnchd;ddd;nottingham	ukbb		audain2026_sd3
PMID:42230622	HGNC:9886	nonsyndromic		snv_indel	synonymous	any	0.001	individuals	9	2405	control_cohort	154	45082		1.0958	odds_ratio		0.49113	2.1388	0.72005	fisher_exact			cnchd;ddd;nottingham	ukbb		audain2026_sd3
PMID:42230622	HGNC:9886	syndromic		snv_indel	lof	any	0.001	individuals	0	1471	control_cohort	5	45082		0.0	odds_ratio		0.0	33.5	1.0	fisher_exact			cnchd;ddd;nottingham	ukbb		audain2026_sd3
PMID:42230622	HGNC:9886	syndromic		snv_indel	missense_damaging	any	0.001	individuals	3	1471	control_cohort	45	45082		2.05	odds_ratio		0.406	6.38	0.193	fisher_exact			cnchd;ddd;nottingham	ukbb		audain2026_sd3
PMID:42230622	HGNC:9886	syndromic		snv_indel	synonymous	any	0.001	individuals	5	1471	control_cohort	154	45082		0.995	odds_ratio		0.318	2.38	1.0	fisher_exact			cnchd;ddd;nottingham	ukbb		audain2026_sd3
PMID:42230622	HGNC:9896	all		snv_indel	missense_damaging	any	0.001	individuals	0	3876	control_cohort	3	45082		0.0	odds_ratio		0.0	28.2	1.0	fisher_exact			cnchd;ddd;nottingham	ukbb		audain2026_sd3
PMID:42230622	HGNC:9896	all		snv_indel	synonymous	any	0.001	individuals	4	3876	control_cohort	86	45082		0.541	odds_ratio		0.144	1.44	0.325	fisher_exact			cnchd;ddd;nottingham	ukbb		audain2026_sd3
PMID:42230622	HGNC:9896	nonsyndromic		snv_indel	missense_damaging	any	0.001	individuals	0	2405	control_cohort	3	45082		0.0	odds_ratio		0.0	45.313	1.0	fisher_exact			cnchd;ddd;nottingham	ukbb		audain2026_sd3
PMID:42230622	HGNC:9896	nonsyndromic		snv_indel	synonymous	any	0.001	individuals	2	2405	control_cohort	86	45082		0.43547	odds_ratio		0.051879	1.6234	0.32908	fisher_exact			cnchd;ddd;nottingham	ukbb		audain2026_sd3
PMID:42230622	HGNC:9896	syndromic		snv_indel	missense_damaging	any	0.001	individuals	0	1471	control_cohort	3	45082		0.0	odds_ratio		0.0	74.2	1.0	fisher_exact			cnchd;ddd;nottingham	ukbb		audain2026_sd3
PMID:42230622	HGNC:9896	syndromic		snv_indel	synonymous	any	0.001	individuals	2	1471	control_cohort	86	45082		0.712	odds_ratio		0.0848	2.66	1.0	fisher_exact			cnchd;ddd;nottingham	ukbb		audain2026_sd3
PMID:34324492	HGNC:9906	all		cnv_deletion	lof	any	0.01	individuals	1	7107	control_cohort	0	14040							0.345165	permutation	1.0	familywise_permutation	decipher;isca;signature;taa_cases	gain_controls;ottawa_controls;wtccc_controls	Cases combine congenital heart disease with 777 sporadic thoracic aortic aneurysm probands (of 7,958 contributing individuals); the study reports the CHD-only contribution separately for significant genes. A carrier is an individual with a rare deletion (MAF below 0.01) overlapping the gene.	audain2021_s6
PMID:42230622	HGNC:9906	all		snv_indel	synonymous	any	0.001	individuals	0	3876	control_cohort	7	45082		0.0	odds_ratio		0.0	8.07	1.0	fisher_exact			cnchd;ddd;nottingham	ukbb		audain2026_sd3
PMID:42230622	HGNC:9906	nonsyndromic		snv_indel	synonymous	any	0.001	individuals	0	2405	control_cohort	7	45082		0.0	odds_ratio		0.0	13.01	1.0	fisher_exact			cnchd;ddd;nottingham	ukbb		audain2026_sd3
PMID:42230622	HGNC:9906	syndromic		snv_indel	synonymous	any	0.001	individuals	0	1471	control_cohort	7	45082		0.0	odds_ratio		0.0	21.3	1.0	fisher_exact			cnchd;ddd;nottingham	ukbb		audain2026_sd3
PMID:34324492	HGNC:9949	all		cnv_deletion	lof	any	0.01	individuals	1	7107	control_cohort	0	14040							0.341866	permutation	1.0	familywise_permutation	decipher;isca;signature;taa_cases	gain_controls;ottawa_controls;wtccc_controls	Cases combine congenital heart disease with 777 sporadic thoracic aortic aneurysm probands (of 7,958 contributing individuals); the study reports the CHD-only contribution separately for significant genes. A carrier is an individual with a rare deletion (MAF below 0.01) overlapping the gene.	audain2021_s6
PMID:42230622	HGNC:9949	all		snv_indel	lof	any	0.001	individuals	8	3876	control_cohort	55	45082		1.69	odds_ratio		0.696	3.58	0.159	fisher_exact			cnchd;ddd;nottingham	ukbb		audain2026_sd3
PMID:42230622	HGNC:9949	all		snv_indel	synonymous	any	0.001	individuals	28	3876	control_cohort	289	45082		1.13	odds_ratio		0.735	1.67	0.531	fisher_exact			cnchd;ddd;nottingham	ukbb		audain2026_sd3
PMID:42230622	HGNC:9949	nonsyndromic		snv_indel	lof	any	0.001	individuals	4	2405	control_cohort	55	45082		1.3639	odds_ratio		0.35863	3.6989	0.54301	fisher_exact			cnchd;ddd;nottingham	ukbb		audain2026_sd3
PMID:42230622	HGNC:9949	nonsyndromic		snv_indel	synonymous	any	0.001	individuals	13	2405	control_cohort	289	45082		0.84235	odds_ratio		0.44244	1.4663	0.6918	fisher_exact			cnchd;ddd;nottingham	ukbb		audain2026_sd3
PMID:42230622	HGNC:9949	syndromic		snv_indel	lof	any	0.001	individuals	4	1471	control_cohort	55	45082		2.23	odds_ratio		0.587	6.06	0.116	fisher_exact			cnchd;ddd;nottingham	ukbb		audain2026_sd3
PMID:42230622	HGNC:9949	syndromic		snv_indel	synonymous	any	0.001	individuals	15	1471	control_cohort	289	45082		1.6	odds_ratio		0.88	2.69	0.096	fisher_exact			cnchd;ddd;nottingham	ukbb		audain2026_sd3
