dataset	tissue	stage	percentile	value	unit	n_genes
E-MTAB-6814	forebrain	10 week post conception	0	0.0	tpm	58735
E-MTAB-6814	forebrain	10 week post conception	1	0.0	tpm	58735
E-MTAB-6814	forebrain	10 week post conception	2	0.0	tpm	58735
E-MTAB-6814	forebrain	10 week post conception	3	0.0	tpm	58735
E-MTAB-6814	forebrain	10 week post conception	4	0.0	tpm	58735
E-MTAB-6814	forebrain	10 week post conception	5	0.0	tpm	58735
E-MTAB-6814	forebrain	10 week post conception	6	0.0	tpm	58735
E-MTAB-6814	forebrain	10 week post conception	7	0.0	tpm	58735
E-MTAB-6814	forebrain	10 week post conception	8	0.0	tpm	58735
E-MTAB-6814	forebrain	10 week post conception	9	0.0	tpm	58735
E-MTAB-6814	forebrain	10 week post conception	10	0.0	tpm	58735
E-MTAB-6814	forebrain	10 week post conception	11	0.0	tpm	58735
E-MTAB-6814	forebrain	10 week post conception	12	0.0	tpm	58735
E-MTAB-6814	forebrain	10 week post conception	13	0.0	tpm	58735
E-MTAB-6814	forebrain	10 week post conception	14	0.0	tpm	58735
E-MTAB-6814	forebrain	10 week post conception	15	0.0	tpm	58735
E-MTAB-6814	forebrain	10 week post conception	16	0.0	tpm	58735
E-MTAB-6814	forebrain	10 week post conception	17	0.0	tpm	58735
E-MTAB-6814	forebrain	10 week post conception	18	0.0	tpm	58735
E-MTAB-6814	forebrain	10 week post conception	19	0.0	tpm	58735
E-MTAB-6814	forebrain	10 week post conception	20	0.0	tpm	58735
E-MTAB-6814	forebrain	10 week post conception	21	0.0	tpm	58735
E-MTAB-6814	forebrain	10 week post conception	22	0.0	tpm	58735
E-MTAB-6814	forebrain	10 week post conception	23	0.0	tpm	58735
E-MTAB-6814	forebrain	10 week post conception	24	0.0	tpm	58735
E-MTAB-6814	forebrain	10 week post conception	25	0.0	tpm	58735
E-MTAB-6814	forebrain	10 week post conception	26	0.0	tpm	58735
E-MTAB-6814	forebrain	10 week post conception	27	0.0	tpm	58735
E-MTAB-6814	forebrain	10 week post conception	28	0.0	tpm	58735
E-MTAB-6814	forebrain	10 week post conception	29	0.0	tpm	58735
E-MTAB-6814	forebrain	10 week post conception	30	0.0	tpm	58735
E-MTAB-6814	forebrain	10 week post conception	31	0.0	tpm	58735
E-MTAB-6814	forebrain	10 week post conception	32	0.0	tpm	58735
E-MTAB-6814	forebrain	10 week post conception	33	0.0	tpm	58735
E-MTAB-6814	forebrain	10 week post conception	34	0.0	tpm	58735
E-MTAB-6814	forebrain	10 week post conception	35	0.0	tpm	58735
E-MTAB-6814	forebrain	10 week post conception	36	0.0	tpm	58735
E-MTAB-6814	forebrain	10 week post conception	37	0.0	tpm	58735
E-MTAB-6814	forebrain	10 week post conception	38	0.0	tpm	58735
E-MTAB-6814	forebrain	10 week post conception	39	0.0	tpm	58735
E-MTAB-6814	forebrain	10 week post conception	40	0.0	tpm	58735
E-MTAB-6814	forebrain	10 week post conception	41	0.0	tpm	58735
E-MTAB-6814	forebrain	10 week post conception	42	0.0	tpm	58735
E-MTAB-6814	forebrain	10 week post conception	43	0.0	tpm	58735
E-MTAB-6814	forebrain	10 week post conception	44	0.0	tpm	58735
E-MTAB-6814	forebrain	10 week post conception	45	0.0	tpm	58735
E-MTAB-6814	forebrain	10 week post conception	46	0.0	tpm	58735
E-MTAB-6814	forebrain	10 week post conception	47	0.0	tpm	58735
E-MTAB-6814	forebrain	10 week post conception	48	0.1	tpm	58735
E-MTAB-6814	forebrain	10 week post conception	49	0.1	tpm	58735
E-MTAB-6814	forebrain	10 week post conception	50	0.1	tpm	58735
E-MTAB-6814	forebrain	10 week post conception	51	0.2	tpm	58735
E-MTAB-6814	forebrain	10 week post conception	52	0.2	tpm	58735
E-MTAB-6814	forebrain	10 week post conception	53	0.2	tpm	58735
E-MTAB-6814	forebrain	10 week post conception	54	0.3	tpm	58735
E-MTAB-6814	forebrain	10 week post conception	55	0.3	tpm	58735
E-MTAB-6814	forebrain	10 week post conception	56	0.4	tpm	58735
E-MTAB-6814	forebrain	10 week post conception	57	0.4	tpm	58735
E-MTAB-6814	forebrain	10 week post conception	58	0.5	tpm	58735
E-MTAB-6814	forebrain	10 week post conception	59	0.6	tpm	58735
E-MTAB-6814	forebrain	10 week post conception	60	0.6	tpm	58735
E-MTAB-6814	forebrain	10 week post conception	61	0.7	tpm	58735
E-MTAB-6814	forebrain	10 week post conception	62	0.8	tpm	58735
E-MTAB-6814	forebrain	10 week post conception	63	0.9	tpm	58735
E-MTAB-6814	forebrain	10 week post conception	64	1.0	tpm	58735
E-MTAB-6814	forebrain	10 week post conception	65	1.0	tpm	58735
E-MTAB-6814	forebrain	10 week post conception	66	1.0	tpm	58735
E-MTAB-6814	forebrain	10 week post conception	67	1.0	tpm	58735
E-MTAB-6814	forebrain	10 week post conception	68	2.0	tpm	58735
E-MTAB-6814	forebrain	10 week post conception	69	2.0	tpm	58735
E-MTAB-6814	forebrain	10 week post conception	70	2.0	tpm	58735
E-MTAB-6814	forebrain	10 week post conception	71	2.0	tpm	58735
E-MTAB-6814	forebrain	10 week post conception	72	3.0	tpm	58735
E-MTAB-6814	forebrain	10 week post conception	73	3.0	tpm	58735
E-MTAB-6814	forebrain	10 week post conception	74	4.0	tpm	58735
E-MTAB-6814	forebrain	10 week post conception	75	4.0	tpm	58735
E-MTAB-6814	forebrain	10 week post conception	76	5.0	tpm	58735
E-MTAB-6814	forebrain	10 week post conception	77	6.0	tpm	58735
E-MTAB-6814	forebrain	10 week post conception	78	7.0	tpm	58735
E-MTAB-6814	forebrain	10 week post conception	79	8.0	tpm	58735
E-MTAB-6814	forebrain	10 week post conception	80	9.0	tpm	58735
E-MTAB-6814	forebrain	10 week post conception	81	11.0	tpm	58735
E-MTAB-6814	forebrain	10 week post conception	82	13.0	tpm	58735
E-MTAB-6814	forebrain	10 week post conception	83	15.0	tpm	58735
E-MTAB-6814	forebrain	10 week post conception	84	17.0	tpm	58735
E-MTAB-6814	forebrain	10 week post conception	85	19.0	tpm	58735
E-MTAB-6814	forebrain	10 week post conception	86	22.0	tpm	58735
E-MTAB-6814	forebrain	10 week post conception	87	25.0	tpm	58735
E-MTAB-6814	forebrain	10 week post conception	88	28.0	tpm	58735
E-MTAB-6814	forebrain	10 week post conception	89	32.0	tpm	58735
E-MTAB-6814	forebrain	10 week post conception	90	36.0	tpm	58735
E-MTAB-6814	forebrain	10 week post conception	91	40.0	tpm	58735
E-MTAB-6814	forebrain	10 week post conception	92	46.0	tpm	58735
E-MTAB-6814	forebrain	10 week post conception	93	52.0	tpm	58735
E-MTAB-6814	forebrain	10 week post conception	94	60.0	tpm	58735
E-MTAB-6814	forebrain	10 week post conception	95	70.0	tpm	58735
E-MTAB-6814	forebrain	10 week post conception	96	83.0	tpm	58735
E-MTAB-6814	forebrain	10 week post conception	97	104.0	tpm	58735
E-MTAB-6814	forebrain	10 week post conception	98	139.0	tpm	58735
E-MTAB-6814	forebrain	10 week post conception	99	236.66	tpm	58735
E-MTAB-6814	forebrain	10 week post conception	100	12026.0	tpm	58735
E-MTAB-6814	forebrain	11 week post conception	0	0.0	tpm	58735
E-MTAB-6814	forebrain	11 week post conception	1	0.0	tpm	58735
E-MTAB-6814	forebrain	11 week post conception	2	0.0	tpm	58735
E-MTAB-6814	forebrain	11 week post conception	3	0.0	tpm	58735
E-MTAB-6814	forebrain	11 week post conception	4	0.0	tpm	58735
E-MTAB-6814	forebrain	11 week post conception	5	0.0	tpm	58735
E-MTAB-6814	forebrain	11 week post conception	6	0.0	tpm	58735
E-MTAB-6814	forebrain	11 week post conception	7	0.0	tpm	58735
E-MTAB-6814	forebrain	11 week post conception	8	0.0	tpm	58735
E-MTAB-6814	forebrain	11 week post conception	9	0.0	tpm	58735
E-MTAB-6814	forebrain	11 week post conception	10	0.0	tpm	58735
E-MTAB-6814	forebrain	11 week post conception	11	0.0	tpm	58735
E-MTAB-6814	forebrain	11 week post conception	12	0.0	tpm	58735
E-MTAB-6814	forebrain	11 week post conception	13	0.0	tpm	58735
E-MTAB-6814	forebrain	11 week post conception	14	0.0	tpm	58735
E-MTAB-6814	forebrain	11 week post conception	15	0.0	tpm	58735
E-MTAB-6814	forebrain	11 week post conception	16	0.0	tpm	58735
E-MTAB-6814	forebrain	11 week post conception	17	0.0	tpm	58735
E-MTAB-6814	forebrain	11 week post conception	18	0.0	tpm	58735
E-MTAB-6814	forebrain	11 week post conception	19	0.0	tpm	58735
E-MTAB-6814	forebrain	11 week post conception	20	0.0	tpm	58735
E-MTAB-6814	forebrain	11 week post conception	21	0.0	tpm	58735
E-MTAB-6814	forebrain	11 week post conception	22	0.0	tpm	58735
E-MTAB-6814	forebrain	11 week post conception	23	0.0	tpm	58735
E-MTAB-6814	forebrain	11 week post conception	24	0.0	tpm	58735
E-MTAB-6814	forebrain	11 week post conception	25	0.0	tpm	58735
E-MTAB-6814	forebrain	11 week post conception	26	0.0	tpm	58735
E-MTAB-6814	forebrain	11 week post conception	27	0.0	tpm	58735
E-MTAB-6814	forebrain	11 week post conception	28	0.0	tpm	58735
E-MTAB-6814	forebrain	11 week post conception	29	0.0	tpm	58735
E-MTAB-6814	forebrain	11 week post conception	30	0.0	tpm	58735
E-MTAB-6814	forebrain	11 week post conception	31	0.0	tpm	58735
E-MTAB-6814	forebrain	11 week post conception	32	0.0	tpm	58735
E-MTAB-6814	forebrain	11 week post conception	33	0.0	tpm	58735
E-MTAB-6814	forebrain	11 week post conception	34	0.0	tpm	58735
E-MTAB-6814	forebrain	11 week post conception	35	0.0	tpm	58735
E-MTAB-6814	forebrain	11 week post conception	36	0.0	tpm	58735
E-MTAB-6814	forebrain	11 week post conception	37	0.0	tpm	58735
E-MTAB-6814	forebrain	11 week post conception	38	0.0	tpm	58735
E-MTAB-6814	forebrain	11 week post conception	39	0.0	tpm	58735
E-MTAB-6814	forebrain	11 week post conception	40	0.0	tpm	58735
E-MTAB-6814	forebrain	11 week post conception	41	0.0	tpm	58735
E-MTAB-6814	forebrain	11 week post conception	42	0.0	tpm	58735
E-MTAB-6814	forebrain	11 week post conception	43	0.0	tpm	58735
E-MTAB-6814	forebrain	11 week post conception	44	0.0	tpm	58735
E-MTAB-6814	forebrain	11 week post conception	45	0.0	tpm	58735
E-MTAB-6814	forebrain	11 week post conception	46	0.0	tpm	58735
E-MTAB-6814	forebrain	11 week post conception	47	0.0	tpm	58735
E-MTAB-6814	forebrain	11 week post conception	48	0.0	tpm	58735
E-MTAB-6814	forebrain	11 week post conception	49	0.0	tpm	58735
E-MTAB-6814	forebrain	11 week post conception	50	0.0	tpm	58735
E-MTAB-6814	forebrain	11 week post conception	51	0.0	tpm	58735
E-MTAB-6814	forebrain	11 week post conception	52	0.0	tpm	58735
E-MTAB-6814	forebrain	11 week post conception	53	0.1	tpm	58735
E-MTAB-6814	forebrain	11 week post conception	54	0.1	tpm	58735
E-MTAB-6814	forebrain	11 week post conception	55	0.1	tpm	58735
E-MTAB-6814	forebrain	11 week post conception	56	0.2	tpm	58735
E-MTAB-6814	forebrain	11 week post conception	57	0.2	tpm	58735
E-MTAB-6814	forebrain	11 week post conception	58	0.2	tpm	58735
E-MTAB-6814	forebrain	11 week post conception	59	0.3	tpm	58735
E-MTAB-6814	forebrain	11 week post conception	60	0.3	tpm	58735
E-MTAB-6814	forebrain	11 week post conception	61	0.4	tpm	58735
E-MTAB-6814	forebrain	11 week post conception	62	0.5	tpm	58735
E-MTAB-6814	forebrain	11 week post conception	63	0.6	tpm	58735
E-MTAB-6814	forebrain	11 week post conception	64	0.7	tpm	58735
E-MTAB-6814	forebrain	11 week post conception	65	0.8	tpm	58735
E-MTAB-6814	forebrain	11 week post conception	66	0.9	tpm	58735
E-MTAB-6814	forebrain	11 week post conception	67	1.0	tpm	58735
E-MTAB-6814	forebrain	11 week post conception	68	1.0	tpm	58735
E-MTAB-6814	forebrain	11 week post conception	69	1.0	tpm	58735
E-MTAB-6814	forebrain	11 week post conception	70	2.0	tpm	58735
E-MTAB-6814	forebrain	11 week post conception	71	2.0	tpm	58735
E-MTAB-6814	forebrain	11 week post conception	72	2.0	tpm	58735
E-MTAB-6814	forebrain	11 week post conception	73	3.0	tpm	58735
E-MTAB-6814	forebrain	11 week post conception	74	3.0	tpm	58735
E-MTAB-6814	forebrain	11 week post conception	75	4.0	tpm	58735
E-MTAB-6814	forebrain	11 week post conception	76	4.0	tpm	58735
E-MTAB-6814	forebrain	11 week post conception	77	5.0	tpm	58735
E-MTAB-6814	forebrain	11 week post conception	78	6.0	tpm	58735
E-MTAB-6814	forebrain	11 week post conception	79	7.0	tpm	58735
E-MTAB-6814	forebrain	11 week post conception	80	8.0	tpm	58735
E-MTAB-6814	forebrain	11 week post conception	81	10.0	tpm	58735
E-MTAB-6814	forebrain	11 week post conception	82	12.0	tpm	58735
E-MTAB-6814	forebrain	11 week post conception	83	14.0	tpm	58735
E-MTAB-6814	forebrain	11 week post conception	84	16.0	tpm	58735
E-MTAB-6814	forebrain	11 week post conception	85	18.0	tpm	58735
E-MTAB-6814	forebrain	11 week post conception	86	20.0	tpm	58735
E-MTAB-6814	forebrain	11 week post conception	87	23.0	tpm	58735
E-MTAB-6814	forebrain	11 week post conception	88	26.0	tpm	58735
E-MTAB-6814	forebrain	11 week post conception	89	30.0	tpm	58735
E-MTAB-6814	forebrain	11 week post conception	90	34.0	tpm	58735
E-MTAB-6814	forebrain	11 week post conception	91	38.0	tpm	58735
E-MTAB-6814	forebrain	11 week post conception	92	44.0	tpm	58735
E-MTAB-6814	forebrain	11 week post conception	93	50.0	tpm	58735
E-MTAB-6814	forebrain	11 week post conception	94	57.0	tpm	58735
E-MTAB-6814	forebrain	11 week post conception	95	68.0	tpm	58735
E-MTAB-6814	forebrain	11 week post conception	96	81.0	tpm	58735
E-MTAB-6814	forebrain	11 week post conception	97	103.0	tpm	58735
E-MTAB-6814	forebrain	11 week post conception	98	140.0	tpm	58735
E-MTAB-6814	forebrain	11 week post conception	99	239.0	tpm	58735
E-MTAB-6814	forebrain	11 week post conception	100	11952.0	tpm	58735
E-MTAB-6814	forebrain	12 week post conception	0	0.0	tpm	58735
E-MTAB-6814	forebrain	12 week post conception	1	0.0	tpm	58735
E-MTAB-6814	forebrain	12 week post conception	2	0.0	tpm	58735
E-MTAB-6814	forebrain	12 week post conception	3	0.0	tpm	58735
E-MTAB-6814	forebrain	12 week post conception	4	0.0	tpm	58735
E-MTAB-6814	forebrain	12 week post conception	5	0.0	tpm	58735
E-MTAB-6814	forebrain	12 week post conception	6	0.0	tpm	58735
E-MTAB-6814	forebrain	12 week post conception	7	0.0	tpm	58735
E-MTAB-6814	forebrain	12 week post conception	8	0.0	tpm	58735
E-MTAB-6814	forebrain	12 week post conception	9	0.0	tpm	58735
E-MTAB-6814	forebrain	12 week post conception	10	0.0	tpm	58735
E-MTAB-6814	forebrain	12 week post conception	11	0.0	tpm	58735
E-MTAB-6814	forebrain	12 week post conception	12	0.0	tpm	58735
E-MTAB-6814	forebrain	12 week post conception	13	0.0	tpm	58735
E-MTAB-6814	forebrain	12 week post conception	14	0.0	tpm	58735
E-MTAB-6814	forebrain	12 week post conception	15	0.0	tpm	58735
E-MTAB-6814	forebrain	12 week post conception	16	0.0	tpm	58735
E-MTAB-6814	forebrain	12 week post conception	17	0.0	tpm	58735
E-MTAB-6814	forebrain	12 week post conception	18	0.0	tpm	58735
E-MTAB-6814	forebrain	12 week post conception	19	0.0	tpm	58735
E-MTAB-6814	forebrain	12 week post conception	20	0.0	tpm	58735
E-MTAB-6814	forebrain	12 week post conception	21	0.0	tpm	58735
E-MTAB-6814	forebrain	12 week post conception	22	0.0	tpm	58735
E-MTAB-6814	forebrain	12 week post conception	23	0.0	tpm	58735
E-MTAB-6814	forebrain	12 week post conception	24	0.0	tpm	58735
E-MTAB-6814	forebrain	12 week post conception	25	0.0	tpm	58735
E-MTAB-6814	forebrain	12 week post conception	26	0.0	tpm	58735
E-MTAB-6814	forebrain	12 week post conception	27	0.0	tpm	58735
E-MTAB-6814	forebrain	12 week post conception	28	0.0	tpm	58735
E-MTAB-6814	forebrain	12 week post conception	29	0.0	tpm	58735
E-MTAB-6814	forebrain	12 week post conception	30	0.0	tpm	58735
E-MTAB-6814	forebrain	12 week post conception	31	0.0	tpm	58735
E-MTAB-6814	forebrain	12 week post conception	32	0.0	tpm	58735
E-MTAB-6814	forebrain	12 week post conception	33	0.0	tpm	58735
E-MTAB-6814	forebrain	12 week post conception	34	0.0	tpm	58735
E-MTAB-6814	forebrain	12 week post conception	35	0.0	tpm	58735
E-MTAB-6814	forebrain	12 week post conception	36	0.0	tpm	58735
E-MTAB-6814	forebrain	12 week post conception	37	0.0	tpm	58735
E-MTAB-6814	forebrain	12 week post conception	38	0.0	tpm	58735
E-MTAB-6814	forebrain	12 week post conception	39	0.0	tpm	58735
E-MTAB-6814	forebrain	12 week post conception	40	0.0	tpm	58735
E-MTAB-6814	forebrain	12 week post conception	41	0.0	tpm	58735
E-MTAB-6814	forebrain	12 week post conception	42	0.0	tpm	58735
E-MTAB-6814	forebrain	12 week post conception	43	0.0	tpm	58735
E-MTAB-6814	forebrain	12 week post conception	44	0.0	tpm	58735
E-MTAB-6814	forebrain	12 week post conception	45	0.0	tpm	58735
E-MTAB-6814	forebrain	12 week post conception	46	0.0	tpm	58735
E-MTAB-6814	forebrain	12 week post conception	47	0.0	tpm	58735
E-MTAB-6814	forebrain	12 week post conception	48	0.0	tpm	58735
E-MTAB-6814	forebrain	12 week post conception	49	0.0	tpm	58735
E-MTAB-6814	forebrain	12 week post conception	50	0.0	tpm	58735
E-MTAB-6814	forebrain	12 week post conception	51	0.0	tpm	58735
E-MTAB-6814	forebrain	12 week post conception	52	0.1	tpm	58735
E-MTAB-6814	forebrain	12 week post conception	53	0.1	tpm	58735
E-MTAB-6814	forebrain	12 week post conception	54	0.2	tpm	58735
E-MTAB-6814	forebrain	12 week post conception	55	0.2	tpm	58735
E-MTAB-6814	forebrain	12 week post conception	56	0.3	tpm	58735
E-MTAB-6814	forebrain	12 week post conception	57	0.3	tpm	58735
E-MTAB-6814	forebrain	12 week post conception	58	0.4	tpm	58735
E-MTAB-6814	forebrain	12 week post conception	59	0.5	tpm	58735
E-MTAB-6814	forebrain	12 week post conception	60	0.5	tpm	58735
E-MTAB-6814	forebrain	12 week post conception	61	0.6	tpm	58735
E-MTAB-6814	forebrain	12 week post conception	62	0.7	tpm	58735
E-MTAB-6814	forebrain	12 week post conception	63	0.8	tpm	58735
E-MTAB-6814	forebrain	12 week post conception	64	0.9	tpm	58735
E-MTAB-6814	forebrain	12 week post conception	65	1.0	tpm	58735
E-MTAB-6814	forebrain	12 week post conception	66	1.0	tpm	58735
E-MTAB-6814	forebrain	12 week post conception	67	1.0	tpm	58735
E-MTAB-6814	forebrain	12 week post conception	68	1.0	tpm	58735
E-MTAB-6814	forebrain	12 week post conception	69	2.0	tpm	58735
E-MTAB-6814	forebrain	12 week post conception	70	2.0	tpm	58735
E-MTAB-6814	forebrain	12 week post conception	71	2.0	tpm	58735
E-MTAB-6814	forebrain	12 week post conception	72	2.0	tpm	58735
E-MTAB-6814	forebrain	12 week post conception	73	3.0	tpm	58735
E-MTAB-6814	forebrain	12 week post conception	74	3.0	tpm	58735
E-MTAB-6814	forebrain	12 week post conception	75	4.0	tpm	58735
E-MTAB-6814	forebrain	12 week post conception	76	4.0	tpm	58735
E-MTAB-6814	forebrain	12 week post conception	77	5.0	tpm	58735
E-MTAB-6814	forebrain	12 week post conception	78	6.0	tpm	58735
E-MTAB-6814	forebrain	12 week post conception	79	6.0	tpm	58735
E-MTAB-6814	forebrain	12 week post conception	80	8.0	tpm	58735
E-MTAB-6814	forebrain	12 week post conception	81	9.0	tpm	58735
E-MTAB-6814	forebrain	12 week post conception	82	10.0	tpm	58735
E-MTAB-6814	forebrain	12 week post conception	83	12.0	tpm	58735
E-MTAB-6814	forebrain	12 week post conception	84	14.0	tpm	58735
E-MTAB-6814	forebrain	12 week post conception	85	16.0	tpm	58735
E-MTAB-6814	forebrain	12 week post conception	86	18.0	tpm	58735
E-MTAB-6814	forebrain	12 week post conception	87	21.0	tpm	58735
E-MTAB-6814	forebrain	12 week post conception	88	25.0	tpm	58735
E-MTAB-6814	forebrain	12 week post conception	89	28.0	tpm	58735
E-MTAB-6814	forebrain	12 week post conception	90	32.0	tpm	58735
E-MTAB-6814	forebrain	12 week post conception	91	37.0	tpm	58735
E-MTAB-6814	forebrain	12 week post conception	92	42.0	tpm	58735
E-MTAB-6814	forebrain	12 week post conception	93	48.0	tpm	58735
E-MTAB-6814	forebrain	12 week post conception	94	56.0	tpm	58735
E-MTAB-6814	forebrain	12 week post conception	95	67.0	tpm	58735
E-MTAB-6814	forebrain	12 week post conception	96	81.0	tpm	58735
E-MTAB-6814	forebrain	12 week post conception	97	101.0	tpm	58735
E-MTAB-6814	forebrain	12 week post conception	98	136.0	tpm	58735
E-MTAB-6814	forebrain	12 week post conception	99	222.0	tpm	58735
E-MTAB-6814	forebrain	12 week post conception	100	20643.0	tpm	58735
E-MTAB-6814	forebrain	13 week post conception	0	0.0	tpm	58735
E-MTAB-6814	forebrain	13 week post conception	1	0.0	tpm	58735
E-MTAB-6814	forebrain	13 week post conception	2	0.0	tpm	58735
E-MTAB-6814	forebrain	13 week post conception	3	0.0	tpm	58735
E-MTAB-6814	forebrain	13 week post conception	4	0.0	tpm	58735
E-MTAB-6814	forebrain	13 week post conception	5	0.0	tpm	58735
E-MTAB-6814	forebrain	13 week post conception	6	0.0	tpm	58735
E-MTAB-6814	forebrain	13 week post conception	7	0.0	tpm	58735
E-MTAB-6814	forebrain	13 week post conception	8	0.0	tpm	58735
E-MTAB-6814	forebrain	13 week post conception	9	0.0	tpm	58735
E-MTAB-6814	forebrain	13 week post conception	10	0.0	tpm	58735
E-MTAB-6814	forebrain	13 week post conception	11	0.0	tpm	58735
E-MTAB-6814	forebrain	13 week post conception	12	0.0	tpm	58735
E-MTAB-6814	forebrain	13 week post conception	13	0.0	tpm	58735
E-MTAB-6814	forebrain	13 week post conception	14	0.0	tpm	58735
E-MTAB-6814	forebrain	13 week post conception	15	0.0	tpm	58735
E-MTAB-6814	forebrain	13 week post conception	16	0.0	tpm	58735
E-MTAB-6814	forebrain	13 week post conception	17	0.0	tpm	58735
E-MTAB-6814	forebrain	13 week post conception	18	0.0	tpm	58735
E-MTAB-6814	forebrain	13 week post conception	19	0.0	tpm	58735
E-MTAB-6814	forebrain	13 week post conception	20	0.0	tpm	58735
E-MTAB-6814	forebrain	13 week post conception	21	0.0	tpm	58735
E-MTAB-6814	forebrain	13 week post conception	22	0.0	tpm	58735
E-MTAB-6814	forebrain	13 week post conception	23	0.0	tpm	58735
E-MTAB-6814	forebrain	13 week post conception	24	0.0	tpm	58735
E-MTAB-6814	forebrain	13 week post conception	25	0.0	tpm	58735
E-MTAB-6814	forebrain	13 week post conception	26	0.0	tpm	58735
E-MTAB-6814	forebrain	13 week post conception	27	0.0	tpm	58735
E-MTAB-6814	forebrain	13 week post conception	28	0.0	tpm	58735
E-MTAB-6814	forebrain	13 week post conception	29	0.0	tpm	58735
E-MTAB-6814	forebrain	13 week post conception	30	0.0	tpm	58735
E-MTAB-6814	forebrain	13 week post conception	31	0.0	tpm	58735
E-MTAB-6814	forebrain	13 week post conception	32	0.0	tpm	58735
E-MTAB-6814	forebrain	13 week post conception	33	0.0	tpm	58735
E-MTAB-6814	forebrain	13 week post conception	34	0.0	tpm	58735
E-MTAB-6814	forebrain	13 week post conception	35	0.0	tpm	58735
E-MTAB-6814	forebrain	13 week post conception	36	0.0	tpm	58735
E-MTAB-6814	forebrain	13 week post conception	37	0.0	tpm	58735
E-MTAB-6814	forebrain	13 week post conception	38	0.0	tpm	58735
E-MTAB-6814	forebrain	13 week post conception	39	0.0	tpm	58735
E-MTAB-6814	forebrain	13 week post conception	40	0.0	tpm	58735
E-MTAB-6814	forebrain	13 week post conception	41	0.0	tpm	58735
E-MTAB-6814	forebrain	13 week post conception	42	0.0	tpm	58735
E-MTAB-6814	forebrain	13 week post conception	43	0.0	tpm	58735
E-MTAB-6814	forebrain	13 week post conception	44	0.0	tpm	58735
E-MTAB-6814	forebrain	13 week post conception	45	0.0	tpm	58735
E-MTAB-6814	forebrain	13 week post conception	46	0.0	tpm	58735
E-MTAB-6814	forebrain	13 week post conception	47	0.0	tpm	58735
E-MTAB-6814	forebrain	13 week post conception	48	0.0	tpm	58735
E-MTAB-6814	forebrain	13 week post conception	49	0.0	tpm	58735
E-MTAB-6814	forebrain	13 week post conception	50	0.0	tpm	58735
E-MTAB-6814	forebrain	13 week post conception	51	0.0	tpm	58735
E-MTAB-6814	forebrain	13 week post conception	52	0.1	tpm	58735
E-MTAB-6814	forebrain	13 week post conception	53	0.1	tpm	58735
E-MTAB-6814	forebrain	13 week post conception	54	0.1	tpm	58735
E-MTAB-6814	forebrain	13 week post conception	55	0.2	tpm	58735
E-MTAB-6814	forebrain	13 week post conception	56	0.2	tpm	58735
E-MTAB-6814	forebrain	13 week post conception	57	0.2	tpm	58735
E-MTAB-6814	forebrain	13 week post conception	58	0.3	tpm	58735
E-MTAB-6814	forebrain	13 week post conception	59	0.3	tpm	58735
E-MTAB-6814	forebrain	13 week post conception	60	0.4	tpm	58735
E-MTAB-6814	forebrain	13 week post conception	61	0.4	tpm	58735
E-MTAB-6814	forebrain	13 week post conception	62	0.5	tpm	58735
E-MTAB-6814	forebrain	13 week post conception	63	0.6	tpm	58735
E-MTAB-6814	forebrain	13 week post conception	64	0.7	tpm	58735
E-MTAB-6814	forebrain	13 week post conception	65	0.8	tpm	58735
E-MTAB-6814	forebrain	13 week post conception	66	0.9	tpm	58735
E-MTAB-6814	forebrain	13 week post conception	67	1.0	tpm	58735
E-MTAB-6814	forebrain	13 week post conception	68	1.0	tpm	58735
E-MTAB-6814	forebrain	13 week post conception	69	1.0	tpm	58735
E-MTAB-6814	forebrain	13 week post conception	70	2.0	tpm	58735
E-MTAB-6814	forebrain	13 week post conception	71	2.0	tpm	58735
E-MTAB-6814	forebrain	13 week post conception	72	2.0	tpm	58735
E-MTAB-6814	forebrain	13 week post conception	73	3.0	tpm	58735
E-MTAB-6814	forebrain	13 week post conception	74	3.0	tpm	58735
E-MTAB-6814	forebrain	13 week post conception	75	4.0	tpm	58735
E-MTAB-6814	forebrain	13 week post conception	76	4.0	tpm	58735
E-MTAB-6814	forebrain	13 week post conception	77	5.0	tpm	58735
E-MTAB-6814	forebrain	13 week post conception	78	6.0	tpm	58735
E-MTAB-6814	forebrain	13 week post conception	79	7.0	tpm	58735
E-MTAB-6814	forebrain	13 week post conception	80	8.0	tpm	58735
E-MTAB-6814	forebrain	13 week post conception	81	9.0	tpm	58735
E-MTAB-6814	forebrain	13 week post conception	82	11.0	tpm	58735
E-MTAB-6814	forebrain	13 week post conception	83	13.0	tpm	58735
E-MTAB-6814	forebrain	13 week post conception	84	15.0	tpm	58735
E-MTAB-6814	forebrain	13 week post conception	85	17.0	tpm	58735
E-MTAB-6814	forebrain	13 week post conception	86	19.0	tpm	58735
E-MTAB-6814	forebrain	13 week post conception	87	22.0	tpm	58735
E-MTAB-6814	forebrain	13 week post conception	88	25.0	tpm	58735
E-MTAB-6814	forebrain	13 week post conception	89	28.0	tpm	58735
E-MTAB-6814	forebrain	13 week post conception	90	31.0	tpm	58735
E-MTAB-6814	forebrain	13 week post conception	91	36.0	tpm	58735
E-MTAB-6814	forebrain	13 week post conception	92	40.0	tpm	58735
E-MTAB-6814	forebrain	13 week post conception	93	46.0	tpm	58735
E-MTAB-6814	forebrain	13 week post conception	94	54.0	tpm	58735
E-MTAB-6814	forebrain	13 week post conception	95	63.0	tpm	58735
E-MTAB-6814	forebrain	13 week post conception	96	76.0	tpm	58735
E-MTAB-6814	forebrain	13 week post conception	97	96.0	tpm	58735
E-MTAB-6814	forebrain	13 week post conception	98	129.0	tpm	58735
E-MTAB-6814	forebrain	13 week post conception	99	212.0	tpm	58735
E-MTAB-6814	forebrain	13 week post conception	100	19840.0	tpm	58735
E-MTAB-6814	forebrain	16 week post conception	0	0.0	tpm	58735
E-MTAB-6814	forebrain	16 week post conception	1	0.0	tpm	58735
E-MTAB-6814	forebrain	16 week post conception	2	0.0	tpm	58735
E-MTAB-6814	forebrain	16 week post conception	3	0.0	tpm	58735
E-MTAB-6814	forebrain	16 week post conception	4	0.0	tpm	58735
E-MTAB-6814	forebrain	16 week post conception	5	0.0	tpm	58735
E-MTAB-6814	forebrain	16 week post conception	6	0.0	tpm	58735
E-MTAB-6814	forebrain	16 week post conception	7	0.0	tpm	58735
E-MTAB-6814	forebrain	16 week post conception	8	0.0	tpm	58735
E-MTAB-6814	forebrain	16 week post conception	9	0.0	tpm	58735
E-MTAB-6814	forebrain	16 week post conception	10	0.0	tpm	58735
E-MTAB-6814	forebrain	16 week post conception	11	0.0	tpm	58735
E-MTAB-6814	forebrain	16 week post conception	12	0.0	tpm	58735
E-MTAB-6814	forebrain	16 week post conception	13	0.0	tpm	58735
E-MTAB-6814	forebrain	16 week post conception	14	0.0	tpm	58735
E-MTAB-6814	forebrain	16 week post conception	15	0.0	tpm	58735
E-MTAB-6814	forebrain	16 week post conception	16	0.0	tpm	58735
E-MTAB-6814	forebrain	16 week post conception	17	0.0	tpm	58735
E-MTAB-6814	forebrain	16 week post conception	18	0.0	tpm	58735
E-MTAB-6814	forebrain	16 week post conception	19	0.0	tpm	58735
E-MTAB-6814	forebrain	16 week post conception	20	0.0	tpm	58735
E-MTAB-6814	forebrain	16 week post conception	21	0.0	tpm	58735
E-MTAB-6814	forebrain	16 week post conception	22	0.0	tpm	58735
E-MTAB-6814	forebrain	16 week post conception	23	0.0	tpm	58735
E-MTAB-6814	forebrain	16 week post conception	24	0.0	tpm	58735
E-MTAB-6814	forebrain	16 week post conception	25	0.0	tpm	58735
E-MTAB-6814	forebrain	16 week post conception	26	0.0	tpm	58735
E-MTAB-6814	forebrain	16 week post conception	27	0.0	tpm	58735
E-MTAB-6814	forebrain	16 week post conception	28	0.0	tpm	58735
E-MTAB-6814	forebrain	16 week post conception	29	0.0	tpm	58735
E-MTAB-6814	forebrain	16 week post conception	30	0.0	tpm	58735
E-MTAB-6814	forebrain	16 week post conception	31	0.0	tpm	58735
E-MTAB-6814	forebrain	16 week post conception	32	0.0	tpm	58735
E-MTAB-6814	forebrain	16 week post conception	33	0.0	tpm	58735
E-MTAB-6814	forebrain	16 week post conception	34	0.0	tpm	58735
E-MTAB-6814	forebrain	16 week post conception	35	0.0	tpm	58735
E-MTAB-6814	forebrain	16 week post conception	36	0.0	tpm	58735
E-MTAB-6814	forebrain	16 week post conception	37	0.0	tpm	58735
E-MTAB-6814	forebrain	16 week post conception	38	0.0	tpm	58735
E-MTAB-6814	forebrain	16 week post conception	39	0.0	tpm	58735
E-MTAB-6814	forebrain	16 week post conception	40	0.0	tpm	58735
E-MTAB-6814	forebrain	16 week post conception	41	0.0	tpm	58735
E-MTAB-6814	forebrain	16 week post conception	42	0.1	tpm	58735
E-MTAB-6814	forebrain	16 week post conception	43	0.1	tpm	58735
E-MTAB-6814	forebrain	16 week post conception	44	0.1	tpm	58735
E-MTAB-6814	forebrain	16 week post conception	45	0.1	tpm	58735
E-MTAB-6814	forebrain	16 week post conception	46	0.1	tpm	58735
E-MTAB-6814	forebrain	16 week post conception	47	0.2	tpm	58735
E-MTAB-6814	forebrain	16 week post conception	48	0.2	tpm	58735
E-MTAB-6814	forebrain	16 week post conception	49	0.2	tpm	58735
E-MTAB-6814	forebrain	16 week post conception	50	0.2	tpm	58735
E-MTAB-6814	forebrain	16 week post conception	51	0.3	tpm	58735
E-MTAB-6814	forebrain	16 week post conception	52	0.3	tpm	58735
E-MTAB-6814	forebrain	16 week post conception	53	0.4	tpm	58735
E-MTAB-6814	forebrain	16 week post conception	54	0.4	tpm	58735
E-MTAB-6814	forebrain	16 week post conception	55	0.4	tpm	58735
E-MTAB-6814	forebrain	16 week post conception	56	0.5	tpm	58735
E-MTAB-6814	forebrain	16 week post conception	57	0.6	tpm	58735
E-MTAB-6814	forebrain	16 week post conception	58	0.6	tpm	58735
E-MTAB-6814	forebrain	16 week post conception	59	0.7	tpm	58735
E-MTAB-6814	forebrain	16 week post conception	60	0.8	tpm	58735
E-MTAB-6814	forebrain	16 week post conception	61	0.9	tpm	58735
E-MTAB-6814	forebrain	16 week post conception	62	0.9	tpm	58735
E-MTAB-6814	forebrain	16 week post conception	63	1.0	tpm	58735
E-MTAB-6814	forebrain	16 week post conception	64	1.0	tpm	58735
E-MTAB-6814	forebrain	16 week post conception	65	1.0	tpm	58735
E-MTAB-6814	forebrain	16 week post conception	66	1.0	tpm	58735
E-MTAB-6814	forebrain	16 week post conception	67	2.0	tpm	58735
E-MTAB-6814	forebrain	16 week post conception	68	2.0	tpm	58735
E-MTAB-6814	forebrain	16 week post conception	69	2.0	tpm	58735
E-MTAB-6814	forebrain	16 week post conception	70	2.0	tpm	58735
E-MTAB-6814	forebrain	16 week post conception	71	2.0	tpm	58735
E-MTAB-6814	forebrain	16 week post conception	72	3.0	tpm	58735
E-MTAB-6814	forebrain	16 week post conception	73	3.0	tpm	58735
E-MTAB-6814	forebrain	16 week post conception	74	4.0	tpm	58735
E-MTAB-6814	forebrain	16 week post conception	75	4.0	tpm	58735
E-MTAB-6814	forebrain	16 week post conception	76	5.0	tpm	58735
E-MTAB-6814	forebrain	16 week post conception	77	5.0	tpm	58735
E-MTAB-6814	forebrain	16 week post conception	78	6.0	tpm	58735
E-MTAB-6814	forebrain	16 week post conception	79	7.0	tpm	58735
E-MTAB-6814	forebrain	16 week post conception	80	8.0	tpm	58735
E-MTAB-6814	forebrain	16 week post conception	81	10.0	tpm	58735
E-MTAB-6814	forebrain	16 week post conception	82	11.0	tpm	58735
E-MTAB-6814	forebrain	16 week post conception	83	13.0	tpm	58735
E-MTAB-6814	forebrain	16 week post conception	84	15.0	tpm	58735
E-MTAB-6814	forebrain	16 week post conception	85	17.0	tpm	58735
E-MTAB-6814	forebrain	16 week post conception	86	20.0	tpm	58735
E-MTAB-6814	forebrain	16 week post conception	87	22.0	tpm	58735
E-MTAB-6814	forebrain	16 week post conception	88	25.0	tpm	58735
E-MTAB-6814	forebrain	16 week post conception	89	29.0	tpm	58735
E-MTAB-6814	forebrain	16 week post conception	90	32.0	tpm	58735
E-MTAB-6814	forebrain	16 week post conception	91	37.0	tpm	58735
E-MTAB-6814	forebrain	16 week post conception	92	42.0	tpm	58735
E-MTAB-6814	forebrain	16 week post conception	93	48.0	tpm	58735
E-MTAB-6814	forebrain	16 week post conception	94	56.0	tpm	58735
E-MTAB-6814	forebrain	16 week post conception	95	65.0	tpm	58735
E-MTAB-6814	forebrain	16 week post conception	96	79.0	tpm	58735
E-MTAB-6814	forebrain	16 week post conception	97	100.0	tpm	58735
E-MTAB-6814	forebrain	16 week post conception	98	135.0	tpm	58735
E-MTAB-6814	forebrain	16 week post conception	99	224.66	tpm	58735
E-MTAB-6814	forebrain	16 week post conception	100	18882.0	tpm	58735
E-MTAB-6814	forebrain	18 week post conception	0	0.0	tpm	58735
E-MTAB-6814	forebrain	18 week post conception	1	0.0	tpm	58735
E-MTAB-6814	forebrain	18 week post conception	2	0.0	tpm	58735
E-MTAB-6814	forebrain	18 week post conception	3	0.0	tpm	58735
E-MTAB-6814	forebrain	18 week post conception	4	0.0	tpm	58735
E-MTAB-6814	forebrain	18 week post conception	5	0.0	tpm	58735
E-MTAB-6814	forebrain	18 week post conception	6	0.0	tpm	58735
E-MTAB-6814	forebrain	18 week post conception	7	0.0	tpm	58735
E-MTAB-6814	forebrain	18 week post conception	8	0.0	tpm	58735
E-MTAB-6814	forebrain	18 week post conception	9	0.0	tpm	58735
E-MTAB-6814	forebrain	18 week post conception	10	0.0	tpm	58735
E-MTAB-6814	forebrain	18 week post conception	11	0.0	tpm	58735
E-MTAB-6814	forebrain	18 week post conception	12	0.0	tpm	58735
E-MTAB-6814	forebrain	18 week post conception	13	0.0	tpm	58735
E-MTAB-6814	forebrain	18 week post conception	14	0.0	tpm	58735
E-MTAB-6814	forebrain	18 week post conception	15	0.0	tpm	58735
E-MTAB-6814	forebrain	18 week post conception	16	0.0	tpm	58735
E-MTAB-6814	forebrain	18 week post conception	17	0.0	tpm	58735
E-MTAB-6814	forebrain	18 week post conception	18	0.0	tpm	58735
E-MTAB-6814	forebrain	18 week post conception	19	0.0	tpm	58735
E-MTAB-6814	forebrain	18 week post conception	20	0.0	tpm	58735
E-MTAB-6814	forebrain	18 week post conception	21	0.0	tpm	58735
E-MTAB-6814	forebrain	18 week post conception	22	0.0	tpm	58735
E-MTAB-6814	forebrain	18 week post conception	23	0.0	tpm	58735
E-MTAB-6814	forebrain	18 week post conception	24	0.0	tpm	58735
E-MTAB-6814	forebrain	18 week post conception	25	0.0	tpm	58735
E-MTAB-6814	forebrain	18 week post conception	26	0.0	tpm	58735
E-MTAB-6814	forebrain	18 week post conception	27	0.0	tpm	58735
E-MTAB-6814	forebrain	18 week post conception	28	0.0	tpm	58735
E-MTAB-6814	forebrain	18 week post conception	29	0.0	tpm	58735
E-MTAB-6814	forebrain	18 week post conception	30	0.0	tpm	58735
E-MTAB-6814	forebrain	18 week post conception	31	0.0	tpm	58735
E-MTAB-6814	forebrain	18 week post conception	32	0.0	tpm	58735
E-MTAB-6814	forebrain	18 week post conception	33	0.0	tpm	58735
E-MTAB-6814	forebrain	18 week post conception	34	0.0	tpm	58735
E-MTAB-6814	forebrain	18 week post conception	35	0.0	tpm	58735
E-MTAB-6814	forebrain	18 week post conception	36	0.0	tpm	58735
E-MTAB-6814	forebrain	18 week post conception	37	0.0	tpm	58735
E-MTAB-6814	forebrain	18 week post conception	38	0.0	tpm	58735
E-MTAB-6814	forebrain	18 week post conception	39	0.0	tpm	58735
E-MTAB-6814	forebrain	18 week post conception	40	0.0	tpm	58735
E-MTAB-6814	forebrain	18 week post conception	41	0.0	tpm	58735
E-MTAB-6814	forebrain	18 week post conception	42	0.0	tpm	58735
E-MTAB-6814	forebrain	18 week post conception	43	0.0	tpm	58735
E-MTAB-6814	forebrain	18 week post conception	44	0.0	tpm	58735
E-MTAB-6814	forebrain	18 week post conception	45	0.0	tpm	58735
E-MTAB-6814	forebrain	18 week post conception	46	0.0	tpm	58735
E-MTAB-6814	forebrain	18 week post conception	47	0.0	tpm	58735
E-MTAB-6814	forebrain	18 week post conception	48	0.0	tpm	58735
E-MTAB-6814	forebrain	18 week post conception	49	0.0	tpm	58735
E-MTAB-6814	forebrain	18 week post conception	50	0.1	tpm	58735
E-MTAB-6814	forebrain	18 week post conception	51	0.1	tpm	58735
E-MTAB-6814	forebrain	18 week post conception	52	0.1	tpm	58735
E-MTAB-6814	forebrain	18 week post conception	53	0.2	tpm	58735
E-MTAB-6814	forebrain	18 week post conception	54	0.2	tpm	58735
E-MTAB-6814	forebrain	18 week post conception	55	0.3	tpm	58735
E-MTAB-6814	forebrain	18 week post conception	56	0.3	tpm	58735
E-MTAB-6814	forebrain	18 week post conception	57	0.4	tpm	58735
E-MTAB-6814	forebrain	18 week post conception	58	0.4	tpm	58735
E-MTAB-6814	forebrain	18 week post conception	59	0.5	tpm	58735
E-MTAB-6814	forebrain	18 week post conception	60	0.5	tpm	58735
E-MTAB-6814	forebrain	18 week post conception	61	0.6	tpm	58735
E-MTAB-6814	forebrain	18 week post conception	62	0.7	tpm	58735
E-MTAB-6814	forebrain	18 week post conception	63	0.8	tpm	58735
E-MTAB-6814	forebrain	18 week post conception	64	0.9	tpm	58735
E-MTAB-6814	forebrain	18 week post conception	65	1.0	tpm	58735
E-MTAB-6814	forebrain	18 week post conception	66	1.0	tpm	58735
E-MTAB-6814	forebrain	18 week post conception	67	1.0	tpm	58735
E-MTAB-6814	forebrain	18 week post conception	68	1.0	tpm	58735
E-MTAB-6814	forebrain	18 week post conception	69	2.0	tpm	58735
E-MTAB-6814	forebrain	18 week post conception	70	2.0	tpm	58735
E-MTAB-6814	forebrain	18 week post conception	71	2.0	tpm	58735
E-MTAB-6814	forebrain	18 week post conception	72	2.0	tpm	58735
E-MTAB-6814	forebrain	18 week post conception	73	3.0	tpm	58735
E-MTAB-6814	forebrain	18 week post conception	74	3.0	tpm	58735
E-MTAB-6814	forebrain	18 week post conception	75	4.0	tpm	58735
E-MTAB-6814	forebrain	18 week post conception	76	4.0	tpm	58735
E-MTAB-6814	forebrain	18 week post conception	77	5.0	tpm	58735
E-MTAB-6814	forebrain	18 week post conception	78	6.0	tpm	58735
E-MTAB-6814	forebrain	18 week post conception	79	7.0	tpm	58735
E-MTAB-6814	forebrain	18 week post conception	80	8.0	tpm	58735
E-MTAB-6814	forebrain	18 week post conception	81	9.0	tpm	58735
E-MTAB-6814	forebrain	18 week post conception	82	11.0	tpm	58735
E-MTAB-6814	forebrain	18 week post conception	83	12.0	tpm	58735
E-MTAB-6814	forebrain	18 week post conception	84	14.0	tpm	58735
E-MTAB-6814	forebrain	18 week post conception	85	16.0	tpm	58735
E-MTAB-6814	forebrain	18 week post conception	86	19.0	tpm	58735
E-MTAB-6814	forebrain	18 week post conception	87	21.0	tpm	58735
E-MTAB-6814	forebrain	18 week post conception	88	24.0	tpm	58735
E-MTAB-6814	forebrain	18 week post conception	89	27.0	tpm	58735
E-MTAB-6814	forebrain	18 week post conception	90	31.0	tpm	58735
E-MTAB-6814	forebrain	18 week post conception	91	35.0	tpm	58735
E-MTAB-6814	forebrain	18 week post conception	92	40.0	tpm	58735
E-MTAB-6814	forebrain	18 week post conception	93	46.0	tpm	58735
E-MTAB-6814	forebrain	18 week post conception	94	54.0	tpm	58735
E-MTAB-6814	forebrain	18 week post conception	95	63.0	tpm	58735
E-MTAB-6814	forebrain	18 week post conception	96	77.0	tpm	58735
E-MTAB-6814	forebrain	18 week post conception	97	98.0	tpm	58735
E-MTAB-6814	forebrain	18 week post conception	98	133.0	tpm	58735
E-MTAB-6814	forebrain	18 week post conception	99	222.0	tpm	58735
E-MTAB-6814	forebrain	18 week post conception	100	22960.0	tpm	58735
E-MTAB-6814	forebrain	19 week post conception	0	0.0	tpm	58735
E-MTAB-6814	forebrain	19 week post conception	1	0.0	tpm	58735
E-MTAB-6814	forebrain	19 week post conception	2	0.0	tpm	58735
E-MTAB-6814	forebrain	19 week post conception	3	0.0	tpm	58735
E-MTAB-6814	forebrain	19 week post conception	4	0.0	tpm	58735
E-MTAB-6814	forebrain	19 week post conception	5	0.0	tpm	58735
E-MTAB-6814	forebrain	19 week post conception	6	0.0	tpm	58735
E-MTAB-6814	forebrain	19 week post conception	7	0.0	tpm	58735
E-MTAB-6814	forebrain	19 week post conception	8	0.0	tpm	58735
E-MTAB-6814	forebrain	19 week post conception	9	0.0	tpm	58735
E-MTAB-6814	forebrain	19 week post conception	10	0.0	tpm	58735
E-MTAB-6814	forebrain	19 week post conception	11	0.0	tpm	58735
E-MTAB-6814	forebrain	19 week post conception	12	0.0	tpm	58735
E-MTAB-6814	forebrain	19 week post conception	13	0.0	tpm	58735
E-MTAB-6814	forebrain	19 week post conception	14	0.0	tpm	58735
E-MTAB-6814	forebrain	19 week post conception	15	0.0	tpm	58735
E-MTAB-6814	forebrain	19 week post conception	16	0.0	tpm	58735
E-MTAB-6814	forebrain	19 week post conception	17	0.0	tpm	58735
E-MTAB-6814	forebrain	19 week post conception	18	0.0	tpm	58735
E-MTAB-6814	forebrain	19 week post conception	19	0.0	tpm	58735
E-MTAB-6814	forebrain	19 week post conception	20	0.0	tpm	58735
E-MTAB-6814	forebrain	19 week post conception	21	0.0	tpm	58735
E-MTAB-6814	forebrain	19 week post conception	22	0.0	tpm	58735
E-MTAB-6814	forebrain	19 week post conception	23	0.0	tpm	58735
E-MTAB-6814	forebrain	19 week post conception	24	0.0	tpm	58735
E-MTAB-6814	forebrain	19 week post conception	25	0.0	tpm	58735
E-MTAB-6814	forebrain	19 week post conception	26	0.0	tpm	58735
E-MTAB-6814	forebrain	19 week post conception	27	0.0	tpm	58735
E-MTAB-6814	forebrain	19 week post conception	28	0.0	tpm	58735
E-MTAB-6814	forebrain	19 week post conception	29	0.0	tpm	58735
E-MTAB-6814	forebrain	19 week post conception	30	0.0	tpm	58735
E-MTAB-6814	forebrain	19 week post conception	31	0.0	tpm	58735
E-MTAB-6814	forebrain	19 week post conception	32	0.0	tpm	58735
E-MTAB-6814	forebrain	19 week post conception	33	0.0	tpm	58735
E-MTAB-6814	forebrain	19 week post conception	34	0.0	tpm	58735
E-MTAB-6814	forebrain	19 week post conception	35	0.0	tpm	58735
E-MTAB-6814	forebrain	19 week post conception	36	0.0	tpm	58735
E-MTAB-6814	forebrain	19 week post conception	37	0.0	tpm	58735
E-MTAB-6814	forebrain	19 week post conception	38	0.0	tpm	58735
E-MTAB-6814	forebrain	19 week post conception	39	0.0	tpm	58735
E-MTAB-6814	forebrain	19 week post conception	40	0.0	tpm	58735
E-MTAB-6814	forebrain	19 week post conception	41	0.0	tpm	58735
E-MTAB-6814	forebrain	19 week post conception	42	0.0	tpm	58735
E-MTAB-6814	forebrain	19 week post conception	43	0.0	tpm	58735
E-MTAB-6814	forebrain	19 week post conception	44	0.0	tpm	58735
E-MTAB-6814	forebrain	19 week post conception	45	0.0	tpm	58735
E-MTAB-6814	forebrain	19 week post conception	46	0.0	tpm	58735
E-MTAB-6814	forebrain	19 week post conception	47	0.0	tpm	58735
E-MTAB-6814	forebrain	19 week post conception	48	0.0	tpm	58735
E-MTAB-6814	forebrain	19 week post conception	49	0.0	tpm	58735
E-MTAB-6814	forebrain	19 week post conception	50	0.0	tpm	58735
E-MTAB-6814	forebrain	19 week post conception	51	0.1	tpm	58735
E-MTAB-6814	forebrain	19 week post conception	52	0.1	tpm	58735
E-MTAB-6814	forebrain	19 week post conception	53	0.1	tpm	58735
E-MTAB-6814	forebrain	19 week post conception	54	0.1	tpm	58735
E-MTAB-6814	forebrain	19 week post conception	55	0.2	tpm	58735
E-MTAB-6814	forebrain	19 week post conception	56	0.2	tpm	58735
E-MTAB-6814	forebrain	19 week post conception	57	0.3	tpm	58735
E-MTAB-6814	forebrain	19 week post conception	58	0.3	tpm	58735
E-MTAB-6814	forebrain	19 week post conception	59	0.4	tpm	58735
E-MTAB-6814	forebrain	19 week post conception	60	0.4	tpm	58735
E-MTAB-6814	forebrain	19 week post conception	61	0.5	tpm	58735
E-MTAB-6814	forebrain	19 week post conception	62	0.6	tpm	58735
E-MTAB-6814	forebrain	19 week post conception	63	0.7	tpm	58735
E-MTAB-6814	forebrain	19 week post conception	64	0.8	tpm	58735
E-MTAB-6814	forebrain	19 week post conception	65	0.9	tpm	58735
E-MTAB-6814	forebrain	19 week post conception	66	1.0	tpm	58735
E-MTAB-6814	forebrain	19 week post conception	67	1.0	tpm	58735
E-MTAB-6814	forebrain	19 week post conception	68	1.0	tpm	58735
E-MTAB-6814	forebrain	19 week post conception	69	2.0	tpm	58735
E-MTAB-6814	forebrain	19 week post conception	70	2.0	tpm	58735
E-MTAB-6814	forebrain	19 week post conception	71	2.0	tpm	58735
E-MTAB-6814	forebrain	19 week post conception	72	2.0	tpm	58735
E-MTAB-6814	forebrain	19 week post conception	73	3.0	tpm	58735
E-MTAB-6814	forebrain	19 week post conception	74	3.0	tpm	58735
E-MTAB-6814	forebrain	19 week post conception	75	4.0	tpm	58735
E-MTAB-6814	forebrain	19 week post conception	76	4.0	tpm	58735
E-MTAB-6814	forebrain	19 week post conception	77	5.0	tpm	58735
E-MTAB-6814	forebrain	19 week post conception	78	6.0	tpm	58735
E-MTAB-6814	forebrain	19 week post conception	79	7.0	tpm	58735
E-MTAB-6814	forebrain	19 week post conception	80	8.0	tpm	58735
E-MTAB-6814	forebrain	19 week post conception	81	9.0	tpm	58735
E-MTAB-6814	forebrain	19 week post conception	82	11.0	tpm	58735
E-MTAB-6814	forebrain	19 week post conception	83	12.0	tpm	58735
E-MTAB-6814	forebrain	19 week post conception	84	14.0	tpm	58735
E-MTAB-6814	forebrain	19 week post conception	85	16.0	tpm	58735
E-MTAB-6814	forebrain	19 week post conception	86	18.0	tpm	58735
E-MTAB-6814	forebrain	19 week post conception	87	20.0	tpm	58735
E-MTAB-6814	forebrain	19 week post conception	88	23.0	tpm	58735
E-MTAB-6814	forebrain	19 week post conception	89	26.0	tpm	58735
E-MTAB-6814	forebrain	19 week post conception	90	29.0	tpm	58735
E-MTAB-6814	forebrain	19 week post conception	91	32.94	tpm	58735
E-MTAB-6814	forebrain	19 week post conception	92	37.0	tpm	58735
E-MTAB-6814	forebrain	19 week post conception	93	42.0	tpm	58735
E-MTAB-6814	forebrain	19 week post conception	94	48.0	tpm	58735
E-MTAB-6814	forebrain	19 week post conception	95	57.0	tpm	58735
E-MTAB-6814	forebrain	19 week post conception	96	68.0	tpm	58735
E-MTAB-6814	forebrain	19 week post conception	97	84.98	tpm	58735
E-MTAB-6814	forebrain	19 week post conception	98	114.0	tpm	58735
E-MTAB-6814	forebrain	19 week post conception	99	189.0	tpm	58735
E-MTAB-6814	forebrain	19 week post conception	100	31406.0	tpm	58735
E-MTAB-6814	forebrain	4 week post conception	0	0.0	tpm	58735
E-MTAB-6814	forebrain	4 week post conception	1	0.0	tpm	58735
E-MTAB-6814	forebrain	4 week post conception	2	0.0	tpm	58735
E-MTAB-6814	forebrain	4 week post conception	3	0.0	tpm	58735
E-MTAB-6814	forebrain	4 week post conception	4	0.0	tpm	58735
E-MTAB-6814	forebrain	4 week post conception	5	0.0	tpm	58735
E-MTAB-6814	forebrain	4 week post conception	6	0.0	tpm	58735
E-MTAB-6814	forebrain	4 week post conception	7	0.0	tpm	58735
E-MTAB-6814	forebrain	4 week post conception	8	0.0	tpm	58735
E-MTAB-6814	forebrain	4 week post conception	9	0.0	tpm	58735
E-MTAB-6814	forebrain	4 week post conception	10	0.0	tpm	58735
E-MTAB-6814	forebrain	4 week post conception	11	0.0	tpm	58735
E-MTAB-6814	forebrain	4 week post conception	12	0.0	tpm	58735
E-MTAB-6814	forebrain	4 week post conception	13	0.0	tpm	58735
E-MTAB-6814	forebrain	4 week post conception	14	0.0	tpm	58735
E-MTAB-6814	forebrain	4 week post conception	15	0.0	tpm	58735
E-MTAB-6814	forebrain	4 week post conception	16	0.0	tpm	58735
E-MTAB-6814	forebrain	4 week post conception	17	0.0	tpm	58735
E-MTAB-6814	forebrain	4 week post conception	18	0.0	tpm	58735
E-MTAB-6814	forebrain	4 week post conception	19	0.0	tpm	58735
E-MTAB-6814	forebrain	4 week post conception	20	0.0	tpm	58735
E-MTAB-6814	forebrain	4 week post conception	21	0.0	tpm	58735
E-MTAB-6814	forebrain	4 week post conception	22	0.0	tpm	58735
E-MTAB-6814	forebrain	4 week post conception	23	0.0	tpm	58735
E-MTAB-6814	forebrain	4 week post conception	24	0.0	tpm	58735
E-MTAB-6814	forebrain	4 week post conception	25	0.0	tpm	58735
E-MTAB-6814	forebrain	4 week post conception	26	0.0	tpm	58735
E-MTAB-6814	forebrain	4 week post conception	27	0.0	tpm	58735
E-MTAB-6814	forebrain	4 week post conception	28	0.0	tpm	58735
E-MTAB-6814	forebrain	4 week post conception	29	0.0	tpm	58735
E-MTAB-6814	forebrain	4 week post conception	30	0.0	tpm	58735
E-MTAB-6814	forebrain	4 week post conception	31	0.0	tpm	58735
E-MTAB-6814	forebrain	4 week post conception	32	0.0	tpm	58735
E-MTAB-6814	forebrain	4 week post conception	33	0.0	tpm	58735
E-MTAB-6814	forebrain	4 week post conception	34	0.0	tpm	58735
E-MTAB-6814	forebrain	4 week post conception	35	0.0	tpm	58735
E-MTAB-6814	forebrain	4 week post conception	36	0.0	tpm	58735
E-MTAB-6814	forebrain	4 week post conception	37	0.0	tpm	58735
E-MTAB-6814	forebrain	4 week post conception	38	0.0	tpm	58735
E-MTAB-6814	forebrain	4 week post conception	39	0.0	tpm	58735
E-MTAB-6814	forebrain	4 week post conception	40	0.0	tpm	58735
E-MTAB-6814	forebrain	4 week post conception	41	0.0	tpm	58735
E-MTAB-6814	forebrain	4 week post conception	42	0.0	tpm	58735
E-MTAB-6814	forebrain	4 week post conception	43	0.0	tpm	58735
E-MTAB-6814	forebrain	4 week post conception	44	0.0	tpm	58735
E-MTAB-6814	forebrain	4 week post conception	45	0.0	tpm	58735
E-MTAB-6814	forebrain	4 week post conception	46	0.0	tpm	58735
E-MTAB-6814	forebrain	4 week post conception	47	0.0	tpm	58735
E-MTAB-6814	forebrain	4 week post conception	48	0.0	tpm	58735
E-MTAB-6814	forebrain	4 week post conception	49	0.1	tpm	58735
E-MTAB-6814	forebrain	4 week post conception	50	0.1	tpm	58735
E-MTAB-6814	forebrain	4 week post conception	51	0.1	tpm	58735
E-MTAB-6814	forebrain	4 week post conception	52	0.2	tpm	58735
E-MTAB-6814	forebrain	4 week post conception	53	0.2	tpm	58735
E-MTAB-6814	forebrain	4 week post conception	54	0.2	tpm	58735
E-MTAB-6814	forebrain	4 week post conception	55	0.3	tpm	58735
E-MTAB-6814	forebrain	4 week post conception	56	0.3	tpm	58735
E-MTAB-6814	forebrain	4 week post conception	57	0.4	tpm	58735
E-MTAB-6814	forebrain	4 week post conception	58	0.4	tpm	58735
E-MTAB-6814	forebrain	4 week post conception	59	0.5	tpm	58735
E-MTAB-6814	forebrain	4 week post conception	60	0.6	tpm	58735
E-MTAB-6814	forebrain	4 week post conception	61	0.7	tpm	58735
E-MTAB-6814	forebrain	4 week post conception	62	0.7	tpm	58735
E-MTAB-6814	forebrain	4 week post conception	63	0.8	tpm	58735
E-MTAB-6814	forebrain	4 week post conception	64	0.9	tpm	58735
E-MTAB-6814	forebrain	4 week post conception	65	1.0	tpm	58735
E-MTAB-6814	forebrain	4 week post conception	66	1.0	tpm	58735
E-MTAB-6814	forebrain	4 week post conception	67	1.0	tpm	58735
E-MTAB-6814	forebrain	4 week post conception	68	2.0	tpm	58735
E-MTAB-6814	forebrain	4 week post conception	69	2.0	tpm	58735
E-MTAB-6814	forebrain	4 week post conception	70	2.0	tpm	58735
E-MTAB-6814	forebrain	4 week post conception	71	2.0	tpm	58735
E-MTAB-6814	forebrain	4 week post conception	72	3.0	tpm	58735
E-MTAB-6814	forebrain	4 week post conception	73	3.0	tpm	58735
E-MTAB-6814	forebrain	4 week post conception	74	3.0	tpm	58735
E-MTAB-6814	forebrain	4 week post conception	75	4.0	tpm	58735
E-MTAB-6814	forebrain	4 week post conception	76	5.0	tpm	58735
E-MTAB-6814	forebrain	4 week post conception	77	5.0	tpm	58735
E-MTAB-6814	forebrain	4 week post conception	78	6.0	tpm	58735
E-MTAB-6814	forebrain	4 week post conception	79	7.0	tpm	58735
E-MTAB-6814	forebrain	4 week post conception	80	8.0	tpm	58735
E-MTAB-6814	forebrain	4 week post conception	81	10.0	tpm	58735
E-MTAB-6814	forebrain	4 week post conception	82	11.0	tpm	58735
E-MTAB-6814	forebrain	4 week post conception	83	13.0	tpm	58735
E-MTAB-6814	forebrain	4 week post conception	84	15.0	tpm	58735
E-MTAB-6814	forebrain	4 week post conception	85	17.0	tpm	58735
E-MTAB-6814	forebrain	4 week post conception	86	20.0	tpm	58735
E-MTAB-6814	forebrain	4 week post conception	87	23.0	tpm	58735
E-MTAB-6814	forebrain	4 week post conception	88	26.0	tpm	58735
E-MTAB-6814	forebrain	4 week post conception	89	29.0	tpm	58735
E-MTAB-6814	forebrain	4 week post conception	90	33.0	tpm	58735
E-MTAB-6814	forebrain	4 week post conception	91	37.0	tpm	58735
E-MTAB-6814	forebrain	4 week post conception	92	42.0	tpm	58735
E-MTAB-6814	forebrain	4 week post conception	93	48.0	tpm	58735
E-MTAB-6814	forebrain	4 week post conception	94	55.0	tpm	58735
E-MTAB-6814	forebrain	4 week post conception	95	64.0	tpm	58735
E-MTAB-6814	forebrain	4 week post conception	96	76.0	tpm	58735
E-MTAB-6814	forebrain	4 week post conception	97	94.0	tpm	58735
E-MTAB-6814	forebrain	4 week post conception	98	126.0	tpm	58735
E-MTAB-6814	forebrain	4 week post conception	99	207.0	tpm	58735
E-MTAB-6814	forebrain	4 week post conception	100	28962.0	tpm	58735
E-MTAB-6814	forebrain	5 week post conception	0	0.0	tpm	58735
E-MTAB-6814	forebrain	5 week post conception	1	0.0	tpm	58735
E-MTAB-6814	forebrain	5 week post conception	2	0.0	tpm	58735
E-MTAB-6814	forebrain	5 week post conception	3	0.0	tpm	58735
E-MTAB-6814	forebrain	5 week post conception	4	0.0	tpm	58735
E-MTAB-6814	forebrain	5 week post conception	5	0.0	tpm	58735
E-MTAB-6814	forebrain	5 week post conception	6	0.0	tpm	58735
E-MTAB-6814	forebrain	5 week post conception	7	0.0	tpm	58735
E-MTAB-6814	forebrain	5 week post conception	8	0.0	tpm	58735
E-MTAB-6814	forebrain	5 week post conception	9	0.0	tpm	58735
E-MTAB-6814	forebrain	5 week post conception	10	0.0	tpm	58735
E-MTAB-6814	forebrain	5 week post conception	11	0.0	tpm	58735
E-MTAB-6814	forebrain	5 week post conception	12	0.0	tpm	58735
E-MTAB-6814	forebrain	5 week post conception	13	0.0	tpm	58735
E-MTAB-6814	forebrain	5 week post conception	14	0.0	tpm	58735
E-MTAB-6814	forebrain	5 week post conception	15	0.0	tpm	58735
E-MTAB-6814	forebrain	5 week post conception	16	0.0	tpm	58735
E-MTAB-6814	forebrain	5 week post conception	17	0.0	tpm	58735
E-MTAB-6814	forebrain	5 week post conception	18	0.0	tpm	58735
E-MTAB-6814	forebrain	5 week post conception	19	0.0	tpm	58735
E-MTAB-6814	forebrain	5 week post conception	20	0.0	tpm	58735
E-MTAB-6814	forebrain	5 week post conception	21	0.0	tpm	58735
E-MTAB-6814	forebrain	5 week post conception	22	0.0	tpm	58735
E-MTAB-6814	forebrain	5 week post conception	23	0.0	tpm	58735
E-MTAB-6814	forebrain	5 week post conception	24	0.0	tpm	58735
E-MTAB-6814	forebrain	5 week post conception	25	0.0	tpm	58735
E-MTAB-6814	forebrain	5 week post conception	26	0.0	tpm	58735
E-MTAB-6814	forebrain	5 week post conception	27	0.0	tpm	58735
E-MTAB-6814	forebrain	5 week post conception	28	0.0	tpm	58735
E-MTAB-6814	forebrain	5 week post conception	29	0.0	tpm	58735
E-MTAB-6814	forebrain	5 week post conception	30	0.0	tpm	58735
E-MTAB-6814	forebrain	5 week post conception	31	0.0	tpm	58735
E-MTAB-6814	forebrain	5 week post conception	32	0.0	tpm	58735
E-MTAB-6814	forebrain	5 week post conception	33	0.0	tpm	58735
E-MTAB-6814	forebrain	5 week post conception	34	0.0	tpm	58735
E-MTAB-6814	forebrain	5 week post conception	35	0.0	tpm	58735
E-MTAB-6814	forebrain	5 week post conception	36	0.0	tpm	58735
E-MTAB-6814	forebrain	5 week post conception	37	0.0	tpm	58735
E-MTAB-6814	forebrain	5 week post conception	38	0.0	tpm	58735
E-MTAB-6814	forebrain	5 week post conception	39	0.0	tpm	58735
E-MTAB-6814	forebrain	5 week post conception	40	0.0	tpm	58735
E-MTAB-6814	forebrain	5 week post conception	41	0.0	tpm	58735
E-MTAB-6814	forebrain	5 week post conception	42	0.0	tpm	58735
E-MTAB-6814	forebrain	5 week post conception	43	0.0	tpm	58735
E-MTAB-6814	forebrain	5 week post conception	44	0.1	tpm	58735
E-MTAB-6814	forebrain	5 week post conception	45	0.1	tpm	58735
E-MTAB-6814	forebrain	5 week post conception	46	0.1	tpm	58735
E-MTAB-6814	forebrain	5 week post conception	47	0.1	tpm	58735
E-MTAB-6814	forebrain	5 week post conception	48	0.1	tpm	58735
E-MTAB-6814	forebrain	5 week post conception	49	0.2	tpm	58735
E-MTAB-6814	forebrain	5 week post conception	50	0.2	tpm	58735
E-MTAB-6814	forebrain	5 week post conception	51	0.2	tpm	58735
E-MTAB-6814	forebrain	5 week post conception	52	0.2	tpm	58735
E-MTAB-6814	forebrain	5 week post conception	53	0.3	tpm	58735
E-MTAB-6814	forebrain	5 week post conception	54	0.3	tpm	58735
E-MTAB-6814	forebrain	5 week post conception	55	0.3	tpm	58735
E-MTAB-6814	forebrain	5 week post conception	56	0.4	tpm	58735
E-MTAB-6814	forebrain	5 week post conception	57	0.4	tpm	58735
E-MTAB-6814	forebrain	5 week post conception	58	0.5	tpm	58735
E-MTAB-6814	forebrain	5 week post conception	59	0.6	tpm	58735
E-MTAB-6814	forebrain	5 week post conception	60	0.6	tpm	58735
E-MTAB-6814	forebrain	5 week post conception	61	0.7	tpm	58735
E-MTAB-6814	forebrain	5 week post conception	62	0.8	tpm	58735
E-MTAB-6814	forebrain	5 week post conception	63	0.9	tpm	58735
E-MTAB-6814	forebrain	5 week post conception	64	1.0	tpm	58735
E-MTAB-6814	forebrain	5 week post conception	65	1.0	tpm	58735
E-MTAB-6814	forebrain	5 week post conception	66	1.0	tpm	58735
E-MTAB-6814	forebrain	5 week post conception	67	1.0	tpm	58735
E-MTAB-6814	forebrain	5 week post conception	68	2.0	tpm	58735
E-MTAB-6814	forebrain	5 week post conception	69	2.0	tpm	58735
E-MTAB-6814	forebrain	5 week post conception	70	2.0	tpm	58735
E-MTAB-6814	forebrain	5 week post conception	71	2.0	tpm	58735
E-MTAB-6814	forebrain	5 week post conception	72	3.0	tpm	58735
E-MTAB-6814	forebrain	5 week post conception	73	3.0	tpm	58735
E-MTAB-6814	forebrain	5 week post conception	74	3.0	tpm	58735
E-MTAB-6814	forebrain	5 week post conception	75	4.0	tpm	58735
E-MTAB-6814	forebrain	5 week post conception	76	5.0	tpm	58735
E-MTAB-6814	forebrain	5 week post conception	77	5.0	tpm	58735
E-MTAB-6814	forebrain	5 week post conception	78	6.0	tpm	58735
E-MTAB-6814	forebrain	5 week post conception	79	7.0	tpm	58735
E-MTAB-6814	forebrain	5 week post conception	80	9.0	tpm	58735
E-MTAB-6814	forebrain	5 week post conception	81	10.0	tpm	58735
E-MTAB-6814	forebrain	5 week post conception	82	12.0	tpm	58735
E-MTAB-6814	forebrain	5 week post conception	83	14.0	tpm	58735
E-MTAB-6814	forebrain	5 week post conception	84	16.0	tpm	58735
E-MTAB-6814	forebrain	5 week post conception	85	18.0	tpm	58735
E-MTAB-6814	forebrain	5 week post conception	86	21.0	tpm	58735
E-MTAB-6814	forebrain	5 week post conception	87	23.0	tpm	58735
E-MTAB-6814	forebrain	5 week post conception	88	27.0	tpm	58735
E-MTAB-6814	forebrain	5 week post conception	89	30.0	tpm	58735
E-MTAB-6814	forebrain	5 week post conception	90	34.0	tpm	58735
E-MTAB-6814	forebrain	5 week post conception	91	39.0	tpm	58735
E-MTAB-6814	forebrain	5 week post conception	92	44.0	tpm	58735
E-MTAB-6814	forebrain	5 week post conception	93	50.0	tpm	58735
E-MTAB-6814	forebrain	5 week post conception	94	57.0	tpm	58735
E-MTAB-6814	forebrain	5 week post conception	95	66.0	tpm	58735
E-MTAB-6814	forebrain	5 week post conception	96	79.0	tpm	58735
E-MTAB-6814	forebrain	5 week post conception	97	98.0	tpm	58735
E-MTAB-6814	forebrain	5 week post conception	98	130.0	tpm	58735
E-MTAB-6814	forebrain	5 week post conception	99	220.0	tpm	58735
E-MTAB-6814	forebrain	5 week post conception	100	22380.0	tpm	58735
E-MTAB-6814	forebrain	7 week post conception	0	0.0	tpm	58735
E-MTAB-6814	forebrain	7 week post conception	1	0.0	tpm	58735
E-MTAB-6814	forebrain	7 week post conception	2	0.0	tpm	58735
E-MTAB-6814	forebrain	7 week post conception	3	0.0	tpm	58735
E-MTAB-6814	forebrain	7 week post conception	4	0.0	tpm	58735
E-MTAB-6814	forebrain	7 week post conception	5	0.0	tpm	58735
E-MTAB-6814	forebrain	7 week post conception	6	0.0	tpm	58735
E-MTAB-6814	forebrain	7 week post conception	7	0.0	tpm	58735
E-MTAB-6814	forebrain	7 week post conception	8	0.0	tpm	58735
E-MTAB-6814	forebrain	7 week post conception	9	0.0	tpm	58735
E-MTAB-6814	forebrain	7 week post conception	10	0.0	tpm	58735
E-MTAB-6814	forebrain	7 week post conception	11	0.0	tpm	58735
E-MTAB-6814	forebrain	7 week post conception	12	0.0	tpm	58735
E-MTAB-6814	forebrain	7 week post conception	13	0.0	tpm	58735
E-MTAB-6814	forebrain	7 week post conception	14	0.0	tpm	58735
E-MTAB-6814	forebrain	7 week post conception	15	0.0	tpm	58735
E-MTAB-6814	forebrain	7 week post conception	16	0.0	tpm	58735
E-MTAB-6814	forebrain	7 week post conception	17	0.0	tpm	58735
E-MTAB-6814	forebrain	7 week post conception	18	0.0	tpm	58735
E-MTAB-6814	forebrain	7 week post conception	19	0.0	tpm	58735
E-MTAB-6814	forebrain	7 week post conception	20	0.0	tpm	58735
E-MTAB-6814	forebrain	7 week post conception	21	0.0	tpm	58735
E-MTAB-6814	forebrain	7 week post conception	22	0.0	tpm	58735
E-MTAB-6814	forebrain	7 week post conception	23	0.0	tpm	58735
E-MTAB-6814	forebrain	7 week post conception	24	0.0	tpm	58735
E-MTAB-6814	forebrain	7 week post conception	25	0.0	tpm	58735
E-MTAB-6814	forebrain	7 week post conception	26	0.0	tpm	58735
E-MTAB-6814	forebrain	7 week post conception	27	0.0	tpm	58735
E-MTAB-6814	forebrain	7 week post conception	28	0.0	tpm	58735
E-MTAB-6814	forebrain	7 week post conception	29	0.0	tpm	58735
E-MTAB-6814	forebrain	7 week post conception	30	0.0	tpm	58735
E-MTAB-6814	forebrain	7 week post conception	31	0.0	tpm	58735
E-MTAB-6814	forebrain	7 week post conception	32	0.0	tpm	58735
E-MTAB-6814	forebrain	7 week post conception	33	0.0	tpm	58735
E-MTAB-6814	forebrain	7 week post conception	34	0.0	tpm	58735
E-MTAB-6814	forebrain	7 week post conception	35	0.0	tpm	58735
E-MTAB-6814	forebrain	7 week post conception	36	0.0	tpm	58735
E-MTAB-6814	forebrain	7 week post conception	37	0.0	tpm	58735
E-MTAB-6814	forebrain	7 week post conception	38	0.0	tpm	58735
E-MTAB-6814	forebrain	7 week post conception	39	0.0	tpm	58735
E-MTAB-6814	forebrain	7 week post conception	40	0.0	tpm	58735
E-MTAB-6814	forebrain	7 week post conception	41	0.0	tpm	58735
E-MTAB-6814	forebrain	7 week post conception	42	0.0	tpm	58735
E-MTAB-6814	forebrain	7 week post conception	43	0.0	tpm	58735
E-MTAB-6814	forebrain	7 week post conception	44	0.0	tpm	58735
E-MTAB-6814	forebrain	7 week post conception	45	0.0	tpm	58735
E-MTAB-6814	forebrain	7 week post conception	46	0.0	tpm	58735
E-MTAB-6814	forebrain	7 week post conception	47	0.0	tpm	58735
E-MTAB-6814	forebrain	7 week post conception	48	0.0	tpm	58735
E-MTAB-6814	forebrain	7 week post conception	49	0.0	tpm	58735
E-MTAB-6814	forebrain	7 week post conception	50	0.1	tpm	58735
E-MTAB-6814	forebrain	7 week post conception	51	0.1	tpm	58735
E-MTAB-6814	forebrain	7 week post conception	52	0.1	tpm	58735
E-MTAB-6814	forebrain	7 week post conception	53	0.2	tpm	58735
E-MTAB-6814	forebrain	7 week post conception	54	0.2	tpm	58735
E-MTAB-6814	forebrain	7 week post conception	55	0.2	tpm	58735
E-MTAB-6814	forebrain	7 week post conception	56	0.3	tpm	58735
E-MTAB-6814	forebrain	7 week post conception	57	0.3	tpm	58735
E-MTAB-6814	forebrain	7 week post conception	58	0.4	tpm	58735
E-MTAB-6814	forebrain	7 week post conception	59	0.4	tpm	58735
E-MTAB-6814	forebrain	7 week post conception	60	0.5	tpm	58735
E-MTAB-6814	forebrain	7 week post conception	61	0.6	tpm	58735
E-MTAB-6814	forebrain	7 week post conception	62	0.6	tpm	58735
E-MTAB-6814	forebrain	7 week post conception	63	0.7	tpm	58735
E-MTAB-6814	forebrain	7 week post conception	64	0.8	tpm	58735
E-MTAB-6814	forebrain	7 week post conception	65	1.0	tpm	58735
E-MTAB-6814	forebrain	7 week post conception	66	1.0	tpm	58735
E-MTAB-6814	forebrain	7 week post conception	67	1.0	tpm	58735
E-MTAB-6814	forebrain	7 week post conception	68	1.0	tpm	58735
E-MTAB-6814	forebrain	7 week post conception	69	2.0	tpm	58735
E-MTAB-6814	forebrain	7 week post conception	70	2.0	tpm	58735
E-MTAB-6814	forebrain	7 week post conception	71	2.0	tpm	58735
E-MTAB-6814	forebrain	7 week post conception	72	2.0	tpm	58735
E-MTAB-6814	forebrain	7 week post conception	73	3.0	tpm	58735
E-MTAB-6814	forebrain	7 week post conception	74	3.0	tpm	58735
E-MTAB-6814	forebrain	7 week post conception	75	4.0	tpm	58735
E-MTAB-6814	forebrain	7 week post conception	76	5.0	tpm	58735
E-MTAB-6814	forebrain	7 week post conception	77	5.0	tpm	58735
E-MTAB-6814	forebrain	7 week post conception	78	6.0	tpm	58735
E-MTAB-6814	forebrain	7 week post conception	79	8.0	tpm	58735
E-MTAB-6814	forebrain	7 week post conception	80	9.0	tpm	58735
E-MTAB-6814	forebrain	7 week post conception	81	10.0	tpm	58735
E-MTAB-6814	forebrain	7 week post conception	82	12.0	tpm	58735
E-MTAB-6814	forebrain	7 week post conception	83	14.0	tpm	58735
E-MTAB-6814	forebrain	7 week post conception	84	17.0	tpm	58735
E-MTAB-6814	forebrain	7 week post conception	85	19.0	tpm	58735
E-MTAB-6814	forebrain	7 week post conception	86	22.0	tpm	58735
E-MTAB-6814	forebrain	7 week post conception	87	25.0	tpm	58735
E-MTAB-6814	forebrain	7 week post conception	88	28.0	tpm	58735
E-MTAB-6814	forebrain	7 week post conception	89	32.0	tpm	58735
E-MTAB-6814	forebrain	7 week post conception	90	36.0	tpm	58735
E-MTAB-6814	forebrain	7 week post conception	91	40.0	tpm	58735
E-MTAB-6814	forebrain	7 week post conception	92	46.0	tpm	58735
E-MTAB-6814	forebrain	7 week post conception	93	52.0	tpm	58735
E-MTAB-6814	forebrain	7 week post conception	94	60.0	tpm	58735
E-MTAB-6814	forebrain	7 week post conception	95	70.0	tpm	58735
E-MTAB-6814	forebrain	7 week post conception	96	83.0	tpm	58735
E-MTAB-6814	forebrain	7 week post conception	97	102.0	tpm	58735
E-MTAB-6814	forebrain	7 week post conception	98	136.0	tpm	58735
E-MTAB-6814	forebrain	7 week post conception	99	228.66	tpm	58735
E-MTAB-6814	forebrain	7 week post conception	100	15124.0	tpm	58735
E-MTAB-6814	forebrain	8 week post conception	0	0.0	tpm	58735
E-MTAB-6814	forebrain	8 week post conception	1	0.0	tpm	58735
E-MTAB-6814	forebrain	8 week post conception	2	0.0	tpm	58735
E-MTAB-6814	forebrain	8 week post conception	3	0.0	tpm	58735
E-MTAB-6814	forebrain	8 week post conception	4	0.0	tpm	58735
E-MTAB-6814	forebrain	8 week post conception	5	0.0	tpm	58735
E-MTAB-6814	forebrain	8 week post conception	6	0.0	tpm	58735
E-MTAB-6814	forebrain	8 week post conception	7	0.0	tpm	58735
E-MTAB-6814	forebrain	8 week post conception	8	0.0	tpm	58735
E-MTAB-6814	forebrain	8 week post conception	9	0.0	tpm	58735
E-MTAB-6814	forebrain	8 week post conception	10	0.0	tpm	58735
E-MTAB-6814	forebrain	8 week post conception	11	0.0	tpm	58735
E-MTAB-6814	forebrain	8 week post conception	12	0.0	tpm	58735
E-MTAB-6814	forebrain	8 week post conception	13	0.0	tpm	58735
E-MTAB-6814	forebrain	8 week post conception	14	0.0	tpm	58735
E-MTAB-6814	forebrain	8 week post conception	15	0.0	tpm	58735
E-MTAB-6814	forebrain	8 week post conception	16	0.0	tpm	58735
E-MTAB-6814	forebrain	8 week post conception	17	0.0	tpm	58735
E-MTAB-6814	forebrain	8 week post conception	18	0.0	tpm	58735
E-MTAB-6814	forebrain	8 week post conception	19	0.0	tpm	58735
E-MTAB-6814	forebrain	8 week post conception	20	0.0	tpm	58735
E-MTAB-6814	forebrain	8 week post conception	21	0.0	tpm	58735
E-MTAB-6814	forebrain	8 week post conception	22	0.0	tpm	58735
E-MTAB-6814	forebrain	8 week post conception	23	0.0	tpm	58735
E-MTAB-6814	forebrain	8 week post conception	24	0.0	tpm	58735
E-MTAB-6814	forebrain	8 week post conception	25	0.0	tpm	58735
E-MTAB-6814	forebrain	8 week post conception	26	0.0	tpm	58735
E-MTAB-6814	forebrain	8 week post conception	27	0.0	tpm	58735
E-MTAB-6814	forebrain	8 week post conception	28	0.0	tpm	58735
E-MTAB-6814	forebrain	8 week post conception	29	0.0	tpm	58735
E-MTAB-6814	forebrain	8 week post conception	30	0.0	tpm	58735
E-MTAB-6814	forebrain	8 week post conception	31	0.0	tpm	58735
E-MTAB-6814	forebrain	8 week post conception	32	0.0	tpm	58735
E-MTAB-6814	forebrain	8 week post conception	33	0.0	tpm	58735
E-MTAB-6814	forebrain	8 week post conception	34	0.0	tpm	58735
E-MTAB-6814	forebrain	8 week post conception	35	0.0	tpm	58735
E-MTAB-6814	forebrain	8 week post conception	36	0.0	tpm	58735
E-MTAB-6814	forebrain	8 week post conception	37	0.0	tpm	58735
E-MTAB-6814	forebrain	8 week post conception	38	0.0	tpm	58735
E-MTAB-6814	forebrain	8 week post conception	39	0.0	tpm	58735
E-MTAB-6814	forebrain	8 week post conception	40	0.0	tpm	58735
E-MTAB-6814	forebrain	8 week post conception	41	0.0	tpm	58735
E-MTAB-6814	forebrain	8 week post conception	42	0.0	tpm	58735
E-MTAB-6814	forebrain	8 week post conception	43	0.0	tpm	58735
E-MTAB-6814	forebrain	8 week post conception	44	0.0	tpm	58735
E-MTAB-6814	forebrain	8 week post conception	45	0.0	tpm	58735
E-MTAB-6814	forebrain	8 week post conception	46	0.0	tpm	58735
E-MTAB-6814	forebrain	8 week post conception	47	0.0	tpm	58735
E-MTAB-6814	forebrain	8 week post conception	48	0.1	tpm	58735
E-MTAB-6814	forebrain	8 week post conception	49	0.1	tpm	58735
E-MTAB-6814	forebrain	8 week post conception	50	0.1	tpm	58735
E-MTAB-6814	forebrain	8 week post conception	51	0.2	tpm	58735
E-MTAB-6814	forebrain	8 week post conception	52	0.2	tpm	58735
E-MTAB-6814	forebrain	8 week post conception	53	0.2	tpm	58735
E-MTAB-6814	forebrain	8 week post conception	54	0.3	tpm	58735
E-MTAB-6814	forebrain	8 week post conception	55	0.3	tpm	58735
E-MTAB-6814	forebrain	8 week post conception	56	0.4	tpm	58735
E-MTAB-6814	forebrain	8 week post conception	57	0.4	tpm	58735
E-MTAB-6814	forebrain	8 week post conception	58	0.5	tpm	58735
E-MTAB-6814	forebrain	8 week post conception	59	0.6	tpm	58735
E-MTAB-6814	forebrain	8 week post conception	60	0.6	tpm	58735
E-MTAB-6814	forebrain	8 week post conception	61	0.7	tpm	58735
E-MTAB-6814	forebrain	8 week post conception	62	0.8	tpm	58735
E-MTAB-6814	forebrain	8 week post conception	63	0.9	tpm	58735
E-MTAB-6814	forebrain	8 week post conception	64	1.0	tpm	58735
E-MTAB-6814	forebrain	8 week post conception	65	1.0	tpm	58735
E-MTAB-6814	forebrain	8 week post conception	66	1.0	tpm	58735
E-MTAB-6814	forebrain	8 week post conception	67	2.0	tpm	58735
E-MTAB-6814	forebrain	8 week post conception	68	2.0	tpm	58735
E-MTAB-6814	forebrain	8 week post conception	69	2.0	tpm	58735
E-MTAB-6814	forebrain	8 week post conception	70	2.0	tpm	58735
E-MTAB-6814	forebrain	8 week post conception	71	3.0	tpm	58735
E-MTAB-6814	forebrain	8 week post conception	72	3.0	tpm	58735
E-MTAB-6814	forebrain	8 week post conception	73	4.0	tpm	58735
E-MTAB-6814	forebrain	8 week post conception	74	4.0	tpm	58735
E-MTAB-6814	forebrain	8 week post conception	75	5.0	tpm	58735
E-MTAB-6814	forebrain	8 week post conception	76	6.0	tpm	58735
E-MTAB-6814	forebrain	8 week post conception	77	7.0	tpm	58735
E-MTAB-6814	forebrain	8 week post conception	78	8.0	tpm	58735
E-MTAB-6814	forebrain	8 week post conception	79	9.0	tpm	58735
E-MTAB-6814	forebrain	8 week post conception	80	10.0	tpm	58735
E-MTAB-6814	forebrain	8 week post conception	81	12.0	tpm	58735
E-MTAB-6814	forebrain	8 week post conception	82	14.0	tpm	58735
E-MTAB-6814	forebrain	8 week post conception	83	16.0	tpm	58735
E-MTAB-6814	forebrain	8 week post conception	84	18.0	tpm	58735
E-MTAB-6814	forebrain	8 week post conception	85	20.0	tpm	58735
E-MTAB-6814	forebrain	8 week post conception	86	23.0	tpm	58735
E-MTAB-6814	forebrain	8 week post conception	87	26.0	tpm	58735
E-MTAB-6814	forebrain	8 week post conception	88	29.0	tpm	58735
E-MTAB-6814	forebrain	8 week post conception	89	32.0	tpm	58735
E-MTAB-6814	forebrain	8 week post conception	90	36.0	tpm	58735
E-MTAB-6814	forebrain	8 week post conception	91	40.0	tpm	58735
E-MTAB-6814	forebrain	8 week post conception	92	46.0	tpm	58735
E-MTAB-6814	forebrain	8 week post conception	93	52.0	tpm	58735
E-MTAB-6814	forebrain	8 week post conception	94	60.0	tpm	58735
E-MTAB-6814	forebrain	8 week post conception	95	69.0	tpm	58735
E-MTAB-6814	forebrain	8 week post conception	96	81.0	tpm	58735
E-MTAB-6814	forebrain	8 week post conception	97	101.0	tpm	58735
E-MTAB-6814	forebrain	8 week post conception	98	136.32	tpm	58735
E-MTAB-6814	forebrain	8 week post conception	99	222.66	tpm	58735
E-MTAB-6814	forebrain	8 week post conception	100	15095.0	tpm	58735
E-MTAB-6814	forebrain	9 week post conception	0	0.0	tpm	58735
E-MTAB-6814	forebrain	9 week post conception	1	0.0	tpm	58735
E-MTAB-6814	forebrain	9 week post conception	2	0.0	tpm	58735
E-MTAB-6814	forebrain	9 week post conception	3	0.0	tpm	58735
E-MTAB-6814	forebrain	9 week post conception	4	0.0	tpm	58735
E-MTAB-6814	forebrain	9 week post conception	5	0.0	tpm	58735
E-MTAB-6814	forebrain	9 week post conception	6	0.0	tpm	58735
E-MTAB-6814	forebrain	9 week post conception	7	0.0	tpm	58735
E-MTAB-6814	forebrain	9 week post conception	8	0.0	tpm	58735
E-MTAB-6814	forebrain	9 week post conception	9	0.0	tpm	58735
E-MTAB-6814	forebrain	9 week post conception	10	0.0	tpm	58735
E-MTAB-6814	forebrain	9 week post conception	11	0.0	tpm	58735
E-MTAB-6814	forebrain	9 week post conception	12	0.0	tpm	58735
E-MTAB-6814	forebrain	9 week post conception	13	0.0	tpm	58735
E-MTAB-6814	forebrain	9 week post conception	14	0.0	tpm	58735
E-MTAB-6814	forebrain	9 week post conception	15	0.0	tpm	58735
E-MTAB-6814	forebrain	9 week post conception	16	0.0	tpm	58735
E-MTAB-6814	forebrain	9 week post conception	17	0.0	tpm	58735
E-MTAB-6814	forebrain	9 week post conception	18	0.0	tpm	58735
E-MTAB-6814	forebrain	9 week post conception	19	0.0	tpm	58735
E-MTAB-6814	forebrain	9 week post conception	20	0.0	tpm	58735
E-MTAB-6814	forebrain	9 week post conception	21	0.0	tpm	58735
E-MTAB-6814	forebrain	9 week post conception	22	0.0	tpm	58735
E-MTAB-6814	forebrain	9 week post conception	23	0.0	tpm	58735
E-MTAB-6814	forebrain	9 week post conception	24	0.0	tpm	58735
E-MTAB-6814	forebrain	9 week post conception	25	0.0	tpm	58735
E-MTAB-6814	forebrain	9 week post conception	26	0.0	tpm	58735
E-MTAB-6814	forebrain	9 week post conception	27	0.0	tpm	58735
E-MTAB-6814	forebrain	9 week post conception	28	0.0	tpm	58735
E-MTAB-6814	forebrain	9 week post conception	29	0.0	tpm	58735
E-MTAB-6814	forebrain	9 week post conception	30	0.0	tpm	58735
E-MTAB-6814	forebrain	9 week post conception	31	0.0	tpm	58735
E-MTAB-6814	forebrain	9 week post conception	32	0.0	tpm	58735
E-MTAB-6814	forebrain	9 week post conception	33	0.0	tpm	58735
E-MTAB-6814	forebrain	9 week post conception	34	0.0	tpm	58735
E-MTAB-6814	forebrain	9 week post conception	35	0.0	tpm	58735
E-MTAB-6814	forebrain	9 week post conception	36	0.0	tpm	58735
E-MTAB-6814	forebrain	9 week post conception	37	0.0	tpm	58735
E-MTAB-6814	forebrain	9 week post conception	38	0.0	tpm	58735
E-MTAB-6814	forebrain	9 week post conception	39	0.0	tpm	58735
E-MTAB-6814	forebrain	9 week post conception	40	0.0	tpm	58735
E-MTAB-6814	forebrain	9 week post conception	41	0.0	tpm	58735
E-MTAB-6814	forebrain	9 week post conception	42	0.0	tpm	58735
E-MTAB-6814	forebrain	9 week post conception	43	0.0	tpm	58735
E-MTAB-6814	forebrain	9 week post conception	44	0.0	tpm	58735
E-MTAB-6814	forebrain	9 week post conception	45	0.0	tpm	58735
E-MTAB-6814	forebrain	9 week post conception	46	0.0	tpm	58735
E-MTAB-6814	forebrain	9 week post conception	47	0.0	tpm	58735
E-MTAB-6814	forebrain	9 week post conception	48	0.0	tpm	58735
E-MTAB-6814	forebrain	9 week post conception	49	0.0	tpm	58735
E-MTAB-6814	forebrain	9 week post conception	50	0.0	tpm	58735
E-MTAB-6814	forebrain	9 week post conception	51	0.0	tpm	58735
E-MTAB-6814	forebrain	9 week post conception	52	0.0	tpm	58735
E-MTAB-6814	forebrain	9 week post conception	53	0.0	tpm	58735
E-MTAB-6814	forebrain	9 week post conception	54	0.0	tpm	58735
E-MTAB-6814	forebrain	9 week post conception	55	0.0	tpm	58735
E-MTAB-6814	forebrain	9 week post conception	56	0.1	tpm	58735
E-MTAB-6814	forebrain	9 week post conception	57	0.1	tpm	58735
E-MTAB-6814	forebrain	9 week post conception	58	0.2	tpm	58735
E-MTAB-6814	forebrain	9 week post conception	59	0.2	tpm	58735
E-MTAB-6814	forebrain	9 week post conception	60	0.3	tpm	58735
E-MTAB-6814	forebrain	9 week post conception	61	0.3	tpm	58735
E-MTAB-6814	forebrain	9 week post conception	62	0.4	tpm	58735
E-MTAB-6814	forebrain	9 week post conception	63	0.5	tpm	58735
E-MTAB-6814	forebrain	9 week post conception	64	0.6	tpm	58735
E-MTAB-6814	forebrain	9 week post conception	65	0.7	tpm	58735
E-MTAB-6814	forebrain	9 week post conception	66	0.8	tpm	58735
E-MTAB-6814	forebrain	9 week post conception	67	0.9	tpm	58735
E-MTAB-6814	forebrain	9 week post conception	68	1.0	tpm	58735
E-MTAB-6814	forebrain	9 week post conception	69	1.0	tpm	58735
E-MTAB-6814	forebrain	9 week post conception	70	1.0	tpm	58735
E-MTAB-6814	forebrain	9 week post conception	71	2.0	tpm	58735
E-MTAB-6814	forebrain	9 week post conception	72	2.0	tpm	58735
E-MTAB-6814	forebrain	9 week post conception	73	2.0	tpm	58735
E-MTAB-6814	forebrain	9 week post conception	74	3.0	tpm	58735
E-MTAB-6814	forebrain	9 week post conception	75	3.0	tpm	58735
E-MTAB-6814	forebrain	9 week post conception	76	4.0	tpm	58735
E-MTAB-6814	forebrain	9 week post conception	77	5.0	tpm	58735
E-MTAB-6814	forebrain	9 week post conception	78	6.0	tpm	58735
E-MTAB-6814	forebrain	9 week post conception	79	7.0	tpm	58735
E-MTAB-6814	forebrain	9 week post conception	80	8.0	tpm	58735
E-MTAB-6814	forebrain	9 week post conception	81	10.0	tpm	58735
E-MTAB-6814	forebrain	9 week post conception	82	11.0	tpm	58735
E-MTAB-6814	forebrain	9 week post conception	83	13.0	tpm	58735
E-MTAB-6814	forebrain	9 week post conception	84	15.0	tpm	58735
E-MTAB-6814	forebrain	9 week post conception	85	17.0	tpm	58735
E-MTAB-6814	forebrain	9 week post conception	86	19.0	tpm	58735
E-MTAB-6814	forebrain	9 week post conception	87	22.0	tpm	58735
E-MTAB-6814	forebrain	9 week post conception	88	25.0	tpm	58735
E-MTAB-6814	forebrain	9 week post conception	89	28.0	tpm	58735
E-MTAB-6814	forebrain	9 week post conception	90	32.0	tpm	58735
E-MTAB-6814	forebrain	9 week post conception	91	36.0	tpm	58735
E-MTAB-6814	forebrain	9 week post conception	92	41.0	tpm	58735
E-MTAB-6814	forebrain	9 week post conception	93	47.0	tpm	58735
E-MTAB-6814	forebrain	9 week post conception	94	55.0	tpm	58735
E-MTAB-6814	forebrain	9 week post conception	95	65.0	tpm	58735
E-MTAB-6814	forebrain	9 week post conception	96	79.0	tpm	58735
E-MTAB-6814	forebrain	9 week post conception	97	99.0	tpm	58735
E-MTAB-6814	forebrain	9 week post conception	98	135.0	tpm	58735
E-MTAB-6814	forebrain	9 week post conception	99	233.0	tpm	58735
E-MTAB-6814	forebrain	9 week post conception	100	15655.0	tpm	58735
E-MTAB-6814	forebrain	adolescent	0	0.0	tpm	58735
E-MTAB-6814	forebrain	adolescent	1	0.0	tpm	58735
E-MTAB-6814	forebrain	adolescent	2	0.0	tpm	58735
E-MTAB-6814	forebrain	adolescent	3	0.0	tpm	58735
E-MTAB-6814	forebrain	adolescent	4	0.0	tpm	58735
E-MTAB-6814	forebrain	adolescent	5	0.0	tpm	58735
E-MTAB-6814	forebrain	adolescent	6	0.0	tpm	58735
E-MTAB-6814	forebrain	adolescent	7	0.0	tpm	58735
E-MTAB-6814	forebrain	adolescent	8	0.0	tpm	58735
E-MTAB-6814	forebrain	adolescent	9	0.0	tpm	58735
E-MTAB-6814	forebrain	adolescent	10	0.0	tpm	58735
E-MTAB-6814	forebrain	adolescent	11	0.0	tpm	58735
E-MTAB-6814	forebrain	adolescent	12	0.0	tpm	58735
E-MTAB-6814	forebrain	adolescent	13	0.0	tpm	58735
E-MTAB-6814	forebrain	adolescent	14	0.0	tpm	58735
E-MTAB-6814	forebrain	adolescent	15	0.0	tpm	58735
E-MTAB-6814	forebrain	adolescent	16	0.0	tpm	58735
E-MTAB-6814	forebrain	adolescent	17	0.0	tpm	58735
E-MTAB-6814	forebrain	adolescent	18	0.0	tpm	58735
E-MTAB-6814	forebrain	adolescent	19	0.0	tpm	58735
E-MTAB-6814	forebrain	adolescent	20	0.0	tpm	58735
E-MTAB-6814	forebrain	adolescent	21	0.0	tpm	58735
E-MTAB-6814	forebrain	adolescent	22	0.0	tpm	58735
E-MTAB-6814	forebrain	adolescent	23	0.0	tpm	58735
E-MTAB-6814	forebrain	adolescent	24	0.0	tpm	58735
E-MTAB-6814	forebrain	adolescent	25	0.0	tpm	58735
E-MTAB-6814	forebrain	adolescent	26	0.0	tpm	58735
E-MTAB-6814	forebrain	adolescent	27	0.0	tpm	58735
E-MTAB-6814	forebrain	adolescent	28	0.0	tpm	58735
E-MTAB-6814	forebrain	adolescent	29	0.0	tpm	58735
E-MTAB-6814	forebrain	adolescent	30	0.0	tpm	58735
E-MTAB-6814	forebrain	adolescent	31	0.0	tpm	58735
E-MTAB-6814	forebrain	adolescent	32	0.0	tpm	58735
E-MTAB-6814	forebrain	adolescent	33	0.0	tpm	58735
E-MTAB-6814	forebrain	adolescent	34	0.0	tpm	58735
E-MTAB-6814	forebrain	adolescent	35	0.0	tpm	58735
E-MTAB-6814	forebrain	adolescent	36	0.0	tpm	58735
E-MTAB-6814	forebrain	adolescent	37	0.0	tpm	58735
E-MTAB-6814	forebrain	adolescent	38	0.0	tpm	58735
E-MTAB-6814	forebrain	adolescent	39	0.0	tpm	58735
E-MTAB-6814	forebrain	adolescent	40	0.0	tpm	58735
E-MTAB-6814	forebrain	adolescent	41	0.0	tpm	58735
E-MTAB-6814	forebrain	adolescent	42	0.0	tpm	58735
E-MTAB-6814	forebrain	adolescent	43	0.0	tpm	58735
E-MTAB-6814	forebrain	adolescent	44	0.0	tpm	58735
E-MTAB-6814	forebrain	adolescent	45	0.0	tpm	58735
E-MTAB-6814	forebrain	adolescent	46	0.0	tpm	58735
E-MTAB-6814	forebrain	adolescent	47	0.0	tpm	58735
E-MTAB-6814	forebrain	adolescent	48	0.0	tpm	58735
E-MTAB-6814	forebrain	adolescent	49	0.0	tpm	58735
E-MTAB-6814	forebrain	adolescent	50	0.0	tpm	58735
E-MTAB-6814	forebrain	adolescent	51	0.0	tpm	58735
E-MTAB-6814	forebrain	adolescent	52	0.1	tpm	58735
E-MTAB-6814	forebrain	adolescent	53	0.1	tpm	58735
E-MTAB-6814	forebrain	adolescent	54	0.1	tpm	58735
E-MTAB-6814	forebrain	adolescent	55	0.1	tpm	58735
E-MTAB-6814	forebrain	adolescent	56	0.1	tpm	58735
E-MTAB-6814	forebrain	adolescent	57	0.2	tpm	58735
E-MTAB-6814	forebrain	adolescent	58	0.2	tpm	58735
E-MTAB-6814	forebrain	adolescent	59	0.2	tpm	58735
E-MTAB-6814	forebrain	adolescent	60	0.2	tpm	58735
E-MTAB-6814	forebrain	adolescent	61	0.3	tpm	58735
E-MTAB-6814	forebrain	adolescent	62	0.3	tpm	58735
E-MTAB-6814	forebrain	adolescent	63	0.4	tpm	58735
E-MTAB-6814	forebrain	adolescent	64	0.4	tpm	58735
E-MTAB-6814	forebrain	adolescent	65	0.5	tpm	58735
E-MTAB-6814	forebrain	adolescent	66	0.5	tpm	58735
E-MTAB-6814	forebrain	adolescent	67	0.6	tpm	58735
E-MTAB-6814	forebrain	adolescent	68	0.7	tpm	58735
E-MTAB-6814	forebrain	adolescent	69	0.8	tpm	58735
E-MTAB-6814	forebrain	adolescent	70	0.9	tpm	58735
E-MTAB-6814	forebrain	adolescent	71	1.0	tpm	58735
E-MTAB-6814	forebrain	adolescent	72	1.0	tpm	58735
E-MTAB-6814	forebrain	adolescent	73	1.0	tpm	58735
E-MTAB-6814	forebrain	adolescent	74	2.0	tpm	58735
E-MTAB-6814	forebrain	adolescent	75	2.0	tpm	58735
E-MTAB-6814	forebrain	adolescent	76	2.0	tpm	58735
E-MTAB-6814	forebrain	adolescent	77	3.0	tpm	58735
E-MTAB-6814	forebrain	adolescent	78	3.0	tpm	58735
E-MTAB-6814	forebrain	adolescent	79	4.0	tpm	58735
E-MTAB-6814	forebrain	adolescent	80	4.0	tpm	58735
E-MTAB-6814	forebrain	adolescent	81	5.0	tpm	58735
E-MTAB-6814	forebrain	adolescent	82	5.0	tpm	58735
E-MTAB-6814	forebrain	adolescent	83	6.0	tpm	58735
E-MTAB-6814	forebrain	adolescent	84	7.0	tpm	58735
E-MTAB-6814	forebrain	adolescent	85	8.0	tpm	58735
E-MTAB-6814	forebrain	adolescent	86	9.0	tpm	58735
E-MTAB-6814	forebrain	adolescent	87	10.0	tpm	58735
E-MTAB-6814	forebrain	adolescent	88	12.0	tpm	58735
E-MTAB-6814	forebrain	adolescent	89	13.0	tpm	58735
E-MTAB-6814	forebrain	adolescent	90	15.0	tpm	58735
E-MTAB-6814	forebrain	adolescent	91	18.0	tpm	58735
E-MTAB-6814	forebrain	adolescent	92	21.0	tpm	58735
E-MTAB-6814	forebrain	adolescent	93	24.0	tpm	58735
E-MTAB-6814	forebrain	adolescent	94	28.0	tpm	58735
E-MTAB-6814	forebrain	adolescent	95	34.0	tpm	58735
E-MTAB-6814	forebrain	adolescent	96	42.0	tpm	58735
E-MTAB-6814	forebrain	adolescent	97	56.0	tpm	58735
E-MTAB-6814	forebrain	adolescent	98	79.0	tpm	58735
E-MTAB-6814	forebrain	adolescent	99	141.0	tpm	58735
E-MTAB-6814	forebrain	adolescent	100	73697.0	tpm	58735
E-MTAB-6814	forebrain	elderly	0	0.0	tpm	58735
E-MTAB-6814	forebrain	elderly	1	0.0	tpm	58735
E-MTAB-6814	forebrain	elderly	2	0.0	tpm	58735
E-MTAB-6814	forebrain	elderly	3	0.0	tpm	58735
E-MTAB-6814	forebrain	elderly	4	0.0	tpm	58735
E-MTAB-6814	forebrain	elderly	5	0.0	tpm	58735
E-MTAB-6814	forebrain	elderly	6	0.0	tpm	58735
E-MTAB-6814	forebrain	elderly	7	0.0	tpm	58735
E-MTAB-6814	forebrain	elderly	8	0.0	tpm	58735
E-MTAB-6814	forebrain	elderly	9	0.0	tpm	58735
E-MTAB-6814	forebrain	elderly	10	0.0	tpm	58735
E-MTAB-6814	forebrain	elderly	11	0.0	tpm	58735
E-MTAB-6814	forebrain	elderly	12	0.0	tpm	58735
E-MTAB-6814	forebrain	elderly	13	0.0	tpm	58735
E-MTAB-6814	forebrain	elderly	14	0.0	tpm	58735
E-MTAB-6814	forebrain	elderly	15	0.0	tpm	58735
E-MTAB-6814	forebrain	elderly	16	0.0	tpm	58735
E-MTAB-6814	forebrain	elderly	17	0.0	tpm	58735
E-MTAB-6814	forebrain	elderly	18	0.0	tpm	58735
E-MTAB-6814	forebrain	elderly	19	0.0	tpm	58735
E-MTAB-6814	forebrain	elderly	20	0.0	tpm	58735
E-MTAB-6814	forebrain	elderly	21	0.0	tpm	58735
E-MTAB-6814	forebrain	elderly	22	0.0	tpm	58735
E-MTAB-6814	forebrain	elderly	23	0.0	tpm	58735
E-MTAB-6814	forebrain	elderly	24	0.0	tpm	58735
E-MTAB-6814	forebrain	elderly	25	0.0	tpm	58735
E-MTAB-6814	forebrain	elderly	26	0.0	tpm	58735
E-MTAB-6814	forebrain	elderly	27	0.0	tpm	58735
E-MTAB-6814	forebrain	elderly	28	0.0	tpm	58735
E-MTAB-6814	forebrain	elderly	29	0.0	tpm	58735
E-MTAB-6814	forebrain	elderly	30	0.0	tpm	58735
E-MTAB-6814	forebrain	elderly	31	0.0	tpm	58735
E-MTAB-6814	forebrain	elderly	32	0.0	tpm	58735
E-MTAB-6814	forebrain	elderly	33	0.0	tpm	58735
E-MTAB-6814	forebrain	elderly	34	0.0	tpm	58735
E-MTAB-6814	forebrain	elderly	35	0.0	tpm	58735
E-MTAB-6814	forebrain	elderly	36	0.0	tpm	58735
E-MTAB-6814	forebrain	elderly	37	0.0	tpm	58735
E-MTAB-6814	forebrain	elderly	38	0.0	tpm	58735
E-MTAB-6814	forebrain	elderly	39	0.0	tpm	58735
E-MTAB-6814	forebrain	elderly	40	0.0	tpm	58735
E-MTAB-6814	forebrain	elderly	41	0.0	tpm	58735
E-MTAB-6814	forebrain	elderly	42	0.0	tpm	58735
E-MTAB-6814	forebrain	elderly	43	0.0	tpm	58735
E-MTAB-6814	forebrain	elderly	44	0.0	tpm	58735
E-MTAB-6814	forebrain	elderly	45	0.0	tpm	58735
E-MTAB-6814	forebrain	elderly	46	0.0	tpm	58735
E-MTAB-6814	forebrain	elderly	47	0.1	tpm	58735
E-MTAB-6814	forebrain	elderly	48	0.1	tpm	58735
E-MTAB-6814	forebrain	elderly	49	0.1	tpm	58735
E-MTAB-6814	forebrain	elderly	50	0.1	tpm	58735
E-MTAB-6814	forebrain	elderly	51	0.1	tpm	58735
E-MTAB-6814	forebrain	elderly	52	0.1	tpm	58735
E-MTAB-6814	forebrain	elderly	53	0.1	tpm	58735
E-MTAB-6814	forebrain	elderly	54	0.2	tpm	58735
E-MTAB-6814	forebrain	elderly	55	0.2	tpm	58735
E-MTAB-6814	forebrain	elderly	56	0.2	tpm	58735
E-MTAB-6814	forebrain	elderly	57	0.2	tpm	58735
E-MTAB-6814	forebrain	elderly	58	0.3	tpm	58735
E-MTAB-6814	forebrain	elderly	59	0.3	tpm	58735
E-MTAB-6814	forebrain	elderly	60	0.3	tpm	58735
E-MTAB-6814	forebrain	elderly	61	0.4	tpm	58735
E-MTAB-6814	forebrain	elderly	62	0.4	tpm	58735
E-MTAB-6814	forebrain	elderly	63	0.5	tpm	58735
E-MTAB-6814	forebrain	elderly	64	0.6	tpm	58735
E-MTAB-6814	forebrain	elderly	65	0.6	tpm	58735
E-MTAB-6814	forebrain	elderly	66	0.7	tpm	58735
E-MTAB-6814	forebrain	elderly	67	0.8	tpm	58735
E-MTAB-6814	forebrain	elderly	68	0.9	tpm	58735
E-MTAB-6814	forebrain	elderly	69	1.0	tpm	58735
E-MTAB-6814	forebrain	elderly	70	1.0	tpm	58735
E-MTAB-6814	forebrain	elderly	71	1.0	tpm	58735
E-MTAB-6814	forebrain	elderly	72	2.0	tpm	58735
E-MTAB-6814	forebrain	elderly	73	2.0	tpm	58735
E-MTAB-6814	forebrain	elderly	74	2.0	tpm	58735
E-MTAB-6814	forebrain	elderly	75	2.0	tpm	58735
E-MTAB-6814	forebrain	elderly	76	3.0	tpm	58735
E-MTAB-6814	forebrain	elderly	77	3.0	tpm	58735
E-MTAB-6814	forebrain	elderly	78	4.0	tpm	58735
E-MTAB-6814	forebrain	elderly	79	4.0	tpm	58735
E-MTAB-6814	forebrain	elderly	80	5.0	tpm	58735
E-MTAB-6814	forebrain	elderly	81	6.0	tpm	58735
E-MTAB-6814	forebrain	elderly	82	6.0	tpm	58735
E-MTAB-6814	forebrain	elderly	83	7.0	tpm	58735
E-MTAB-6814	forebrain	elderly	84	8.0	tpm	58735
E-MTAB-6814	forebrain	elderly	85	9.0	tpm	58735
E-MTAB-6814	forebrain	elderly	86	11.0	tpm	58735
E-MTAB-6814	forebrain	elderly	87	12.0	tpm	58735
E-MTAB-6814	forebrain	elderly	88	14.0	tpm	58735
E-MTAB-6814	forebrain	elderly	89	16.0	tpm	58735
E-MTAB-6814	forebrain	elderly	90	18.0	tpm	58735
E-MTAB-6814	forebrain	elderly	91	21.0	tpm	58735
E-MTAB-6814	forebrain	elderly	92	25.0	tpm	58735
E-MTAB-6814	forebrain	elderly	93	29.0	tpm	58735
E-MTAB-6814	forebrain	elderly	94	34.0	tpm	58735
E-MTAB-6814	forebrain	elderly	95	42.0	tpm	58735
E-MTAB-6814	forebrain	elderly	96	52.0	tpm	58735
E-MTAB-6814	forebrain	elderly	97	69.0	tpm	58735
E-MTAB-6814	forebrain	elderly	98	100.0	tpm	58735
E-MTAB-6814	forebrain	elderly	99	174.0	tpm	58735
E-MTAB-6814	forebrain	elderly	100	58216.0	tpm	58735
E-MTAB-6814	forebrain	infant	0	0.0	tpm	58735
E-MTAB-6814	forebrain	infant	1	0.0	tpm	58735
E-MTAB-6814	forebrain	infant	2	0.0	tpm	58735
E-MTAB-6814	forebrain	infant	3	0.0	tpm	58735
E-MTAB-6814	forebrain	infant	4	0.0	tpm	58735
E-MTAB-6814	forebrain	infant	5	0.0	tpm	58735
E-MTAB-6814	forebrain	infant	6	0.0	tpm	58735
E-MTAB-6814	forebrain	infant	7	0.0	tpm	58735
E-MTAB-6814	forebrain	infant	8	0.0	tpm	58735
E-MTAB-6814	forebrain	infant	9	0.0	tpm	58735
E-MTAB-6814	forebrain	infant	10	0.0	tpm	58735
E-MTAB-6814	forebrain	infant	11	0.0	tpm	58735
E-MTAB-6814	forebrain	infant	12	0.0	tpm	58735
E-MTAB-6814	forebrain	infant	13	0.0	tpm	58735
E-MTAB-6814	forebrain	infant	14	0.0	tpm	58735
E-MTAB-6814	forebrain	infant	15	0.0	tpm	58735
E-MTAB-6814	forebrain	infant	16	0.0	tpm	58735
E-MTAB-6814	forebrain	infant	17	0.0	tpm	58735
E-MTAB-6814	forebrain	infant	18	0.0	tpm	58735
E-MTAB-6814	forebrain	infant	19	0.0	tpm	58735
E-MTAB-6814	forebrain	infant	20	0.0	tpm	58735
E-MTAB-6814	forebrain	infant	21	0.0	tpm	58735
E-MTAB-6814	forebrain	infant	22	0.0	tpm	58735
E-MTAB-6814	forebrain	infant	23	0.0	tpm	58735
E-MTAB-6814	forebrain	infant	24	0.0	tpm	58735
E-MTAB-6814	forebrain	infant	25	0.0	tpm	58735
E-MTAB-6814	forebrain	infant	26	0.0	tpm	58735
E-MTAB-6814	forebrain	infant	27	0.0	tpm	58735
E-MTAB-6814	forebrain	infant	28	0.0	tpm	58735
E-MTAB-6814	forebrain	infant	29	0.0	tpm	58735
E-MTAB-6814	forebrain	infant	30	0.0	tpm	58735
E-MTAB-6814	forebrain	infant	31	0.0	tpm	58735
E-MTAB-6814	forebrain	infant	32	0.0	tpm	58735
E-MTAB-6814	forebrain	infant	33	0.0	tpm	58735
E-MTAB-6814	forebrain	infant	34	0.0	tpm	58735
E-MTAB-6814	forebrain	infant	35	0.0	tpm	58735
E-MTAB-6814	forebrain	infant	36	0.0	tpm	58735
E-MTAB-6814	forebrain	infant	37	0.0	tpm	58735
E-MTAB-6814	forebrain	infant	38	0.0	tpm	58735
E-MTAB-6814	forebrain	infant	39	0.0	tpm	58735
E-MTAB-6814	forebrain	infant	40	0.0	tpm	58735
E-MTAB-6814	forebrain	infant	41	0.0	tpm	58735
E-MTAB-6814	forebrain	infant	42	0.0	tpm	58735
E-MTAB-6814	forebrain	infant	43	0.1	tpm	58735
E-MTAB-6814	forebrain	infant	44	0.1	tpm	58735
E-MTAB-6814	forebrain	infant	45	0.1	tpm	58735
E-MTAB-6814	forebrain	infant	46	0.1	tpm	58735
E-MTAB-6814	forebrain	infant	47	0.1	tpm	58735
E-MTAB-6814	forebrain	infant	48	0.1	tpm	58735
E-MTAB-6814	forebrain	infant	49	0.1	tpm	58735
E-MTAB-6814	forebrain	infant	50	0.1	tpm	58735
E-MTAB-6814	forebrain	infant	51	0.2	tpm	58735
E-MTAB-6814	forebrain	infant	52	0.2	tpm	58735
E-MTAB-6814	forebrain	infant	53	0.2	tpm	58735
E-MTAB-6814	forebrain	infant	54	0.2	tpm	58735
E-MTAB-6814	forebrain	infant	55	0.3	tpm	58735
E-MTAB-6814	forebrain	infant	56	0.3	tpm	58735
E-MTAB-6814	forebrain	infant	57	0.3	tpm	58735
E-MTAB-6814	forebrain	infant	58	0.4	tpm	58735
E-MTAB-6814	forebrain	infant	59	0.4	tpm	58735
E-MTAB-6814	forebrain	infant	60	0.5	tpm	58735
E-MTAB-6814	forebrain	infant	61	0.5	tpm	58735
E-MTAB-6814	forebrain	infant	62	0.6	tpm	58735
E-MTAB-6814	forebrain	infant	63	0.6	tpm	58735
E-MTAB-6814	forebrain	infant	64	0.7	tpm	58735
E-MTAB-6814	forebrain	infant	65	0.8	tpm	58735
E-MTAB-6814	forebrain	infant	66	0.9	tpm	58735
E-MTAB-6814	forebrain	infant	67	1.0	tpm	58735
E-MTAB-6814	forebrain	infant	68	1.0	tpm	58735
E-MTAB-6814	forebrain	infant	69	1.0	tpm	58735
E-MTAB-6814	forebrain	infant	70	1.0	tpm	58735
E-MTAB-6814	forebrain	infant	71	2.0	tpm	58735
E-MTAB-6814	forebrain	infant	72	2.0	tpm	58735
E-MTAB-6814	forebrain	infant	73	2.0	tpm	58735
E-MTAB-6814	forebrain	infant	74	3.0	tpm	58735
E-MTAB-6814	forebrain	infant	75	3.0	tpm	58735
E-MTAB-6814	forebrain	infant	76	3.0	tpm	58735
E-MTAB-6814	forebrain	infant	77	4.0	tpm	58735
E-MTAB-6814	forebrain	infant	78	4.0	tpm	58735
E-MTAB-6814	forebrain	infant	79	5.0	tpm	58735
E-MTAB-6814	forebrain	infant	80	6.0	tpm	58735
E-MTAB-6814	forebrain	infant	81	6.0	tpm	58735
E-MTAB-6814	forebrain	infant	82	7.0	tpm	58735
E-MTAB-6814	forebrain	infant	83	8.0	tpm	58735
E-MTAB-6814	forebrain	infant	84	9.0	tpm	58735
E-MTAB-6814	forebrain	infant	85	10.0	tpm	58735
E-MTAB-6814	forebrain	infant	86	11.0	tpm	58735
E-MTAB-6814	forebrain	infant	87	13.0	tpm	58735
E-MTAB-6814	forebrain	infant	88	14.0	tpm	58735
E-MTAB-6814	forebrain	infant	89	16.0	tpm	58735
E-MTAB-6814	forebrain	infant	90	18.0	tpm	58735
E-MTAB-6814	forebrain	infant	91	21.0	tpm	58735
E-MTAB-6814	forebrain	infant	92	23.0	tpm	58735
E-MTAB-6814	forebrain	infant	93	27.0	tpm	58735
E-MTAB-6814	forebrain	infant	94	31.0	tpm	58735
E-MTAB-6814	forebrain	infant	95	37.0	tpm	58735
E-MTAB-6814	forebrain	infant	96	46.0	tpm	58735
E-MTAB-6814	forebrain	infant	97	59.0	tpm	58735
E-MTAB-6814	forebrain	infant	98	83.0	tpm	58735
E-MTAB-6814	forebrain	infant	99	144.0	tpm	58735
E-MTAB-6814	forebrain	infant	100	64439.0	tpm	58735
E-MTAB-6814	forebrain	middle adult	0	0.0	tpm	58735
E-MTAB-6814	forebrain	middle adult	1	0.0	tpm	58735
E-MTAB-6814	forebrain	middle adult	2	0.0	tpm	58735
E-MTAB-6814	forebrain	middle adult	3	0.0	tpm	58735
E-MTAB-6814	forebrain	middle adult	4	0.0	tpm	58735
E-MTAB-6814	forebrain	middle adult	5	0.0	tpm	58735
E-MTAB-6814	forebrain	middle adult	6	0.0	tpm	58735
E-MTAB-6814	forebrain	middle adult	7	0.0	tpm	58735
E-MTAB-6814	forebrain	middle adult	8	0.0	tpm	58735
E-MTAB-6814	forebrain	middle adult	9	0.0	tpm	58735
E-MTAB-6814	forebrain	middle adult	10	0.0	tpm	58735
E-MTAB-6814	forebrain	middle adult	11	0.0	tpm	58735
E-MTAB-6814	forebrain	middle adult	12	0.0	tpm	58735
E-MTAB-6814	forebrain	middle adult	13	0.0	tpm	58735
E-MTAB-6814	forebrain	middle adult	14	0.0	tpm	58735
E-MTAB-6814	forebrain	middle adult	15	0.0	tpm	58735
E-MTAB-6814	forebrain	middle adult	16	0.0	tpm	58735
E-MTAB-6814	forebrain	middle adult	17	0.0	tpm	58735
E-MTAB-6814	forebrain	middle adult	18	0.0	tpm	58735
E-MTAB-6814	forebrain	middle adult	19	0.0	tpm	58735
E-MTAB-6814	forebrain	middle adult	20	0.0	tpm	58735
E-MTAB-6814	forebrain	middle adult	21	0.0	tpm	58735
E-MTAB-6814	forebrain	middle adult	22	0.0	tpm	58735
E-MTAB-6814	forebrain	middle adult	23	0.0	tpm	58735
E-MTAB-6814	forebrain	middle adult	24	0.0	tpm	58735
E-MTAB-6814	forebrain	middle adult	25	0.0	tpm	58735
E-MTAB-6814	forebrain	middle adult	26	0.0	tpm	58735
E-MTAB-6814	forebrain	middle adult	27	0.0	tpm	58735
E-MTAB-6814	forebrain	middle adult	28	0.0	tpm	58735
E-MTAB-6814	forebrain	middle adult	29	0.0	tpm	58735
E-MTAB-6814	forebrain	middle adult	30	0.0	tpm	58735
E-MTAB-6814	forebrain	middle adult	31	0.0	tpm	58735
E-MTAB-6814	forebrain	middle adult	32	0.0	tpm	58735
E-MTAB-6814	forebrain	middle adult	33	0.0	tpm	58735
E-MTAB-6814	forebrain	middle adult	34	0.0	tpm	58735
E-MTAB-6814	forebrain	middle adult	35	0.0	tpm	58735
E-MTAB-6814	forebrain	middle adult	36	0.0	tpm	58735
E-MTAB-6814	forebrain	middle adult	37	0.0	tpm	58735
E-MTAB-6814	forebrain	middle adult	38	0.0	tpm	58735
E-MTAB-6814	forebrain	middle adult	39	0.0	tpm	58735
E-MTAB-6814	forebrain	middle adult	40	0.0	tpm	58735
E-MTAB-6814	forebrain	middle adult	41	0.0	tpm	58735
E-MTAB-6814	forebrain	middle adult	42	0.0	tpm	58735
E-MTAB-6814	forebrain	middle adult	43	0.0	tpm	58735
E-MTAB-6814	forebrain	middle adult	44	0.0	tpm	58735
E-MTAB-6814	forebrain	middle adult	45	0.0	tpm	58735
E-MTAB-6814	forebrain	middle adult	46	0.1	tpm	58735
E-MTAB-6814	forebrain	middle adult	47	0.1	tpm	58735
E-MTAB-6814	forebrain	middle adult	48	0.1	tpm	58735
E-MTAB-6814	forebrain	middle adult	49	0.1	tpm	58735
E-MTAB-6814	forebrain	middle adult	50	0.1	tpm	58735
E-MTAB-6814	forebrain	middle adult	51	0.1	tpm	58735
E-MTAB-6814	forebrain	middle adult	52	0.1	tpm	58735
E-MTAB-6814	forebrain	middle adult	53	0.2	tpm	58735
E-MTAB-6814	forebrain	middle adult	54	0.2	tpm	58735
E-MTAB-6814	forebrain	middle adult	55	0.2	tpm	58735
E-MTAB-6814	forebrain	middle adult	56	0.2	tpm	58735
E-MTAB-6814	forebrain	middle adult	57	0.2	tpm	58735
E-MTAB-6814	forebrain	middle adult	58	0.3	tpm	58735
E-MTAB-6814	forebrain	middle adult	59	0.3	tpm	58735
E-MTAB-6814	forebrain	middle adult	60	0.3	tpm	58735
E-MTAB-6814	forebrain	middle adult	61	0.4	tpm	58735
E-MTAB-6814	forebrain	middle adult	62	0.4	tpm	58735
E-MTAB-6814	forebrain	middle adult	63	0.5	tpm	58735
E-MTAB-6814	forebrain	middle adult	64	0.6	tpm	58735
E-MTAB-6814	forebrain	middle adult	65	0.6	tpm	58735
E-MTAB-6814	forebrain	middle adult	66	0.7	tpm	58735
E-MTAB-6814	forebrain	middle adult	67	0.8	tpm	58735
E-MTAB-6814	forebrain	middle adult	68	0.9	tpm	58735
E-MTAB-6814	forebrain	middle adult	69	1.0	tpm	58735
E-MTAB-6814	forebrain	middle adult	70	1.0	tpm	58735
E-MTAB-6814	forebrain	middle adult	71	1.0	tpm	58735
E-MTAB-6814	forebrain	middle adult	72	2.0	tpm	58735
E-MTAB-6814	forebrain	middle adult	73	2.0	tpm	58735
E-MTAB-6814	forebrain	middle adult	74	2.0	tpm	58735
E-MTAB-6814	forebrain	middle adult	75	2.0	tpm	58735
E-MTAB-6814	forebrain	middle adult	76	3.0	tpm	58735
E-MTAB-6814	forebrain	middle adult	77	3.0	tpm	58735
E-MTAB-6814	forebrain	middle adult	78	3.0	tpm	58735
E-MTAB-6814	forebrain	middle adult	79	4.0	tpm	58735
E-MTAB-6814	forebrain	middle adult	80	5.0	tpm	58735
E-MTAB-6814	forebrain	middle adult	81	5.0	tpm	58735
E-MTAB-6814	forebrain	middle adult	82	6.0	tpm	58735
E-MTAB-6814	forebrain	middle adult	83	7.0	tpm	58735
E-MTAB-6814	forebrain	middle adult	84	8.0	tpm	58735
E-MTAB-6814	forebrain	middle adult	85	9.0	tpm	58735
E-MTAB-6814	forebrain	middle adult	86	10.0	tpm	58735
E-MTAB-6814	forebrain	middle adult	87	11.0	tpm	58735
E-MTAB-6814	forebrain	middle adult	88	13.0	tpm	58735
E-MTAB-6814	forebrain	middle adult	89	15.0	tpm	58735
E-MTAB-6814	forebrain	middle adult	90	17.0	tpm	58735
E-MTAB-6814	forebrain	middle adult	91	19.0	tpm	58735
E-MTAB-6814	forebrain	middle adult	92	22.0	tpm	58735
E-MTAB-6814	forebrain	middle adult	93	26.0	tpm	58735
E-MTAB-6814	forebrain	middle adult	94	30.0	tpm	58735
E-MTAB-6814	forebrain	middle adult	95	36.0	tpm	58735
E-MTAB-6814	forebrain	middle adult	96	45.0	tpm	58735
E-MTAB-6814	forebrain	middle adult	97	58.0	tpm	58735
E-MTAB-6814	forebrain	middle adult	98	83.0	tpm	58735
E-MTAB-6814	forebrain	middle adult	99	142.0	tpm	58735
E-MTAB-6814	forebrain	middle adult	100	74514.0	tpm	58735
E-MTAB-6814	forebrain	neonate	0	0.0	tpm	58735
E-MTAB-6814	forebrain	neonate	1	0.0	tpm	58735
E-MTAB-6814	forebrain	neonate	2	0.0	tpm	58735
E-MTAB-6814	forebrain	neonate	3	0.0	tpm	58735
E-MTAB-6814	forebrain	neonate	4	0.0	tpm	58735
E-MTAB-6814	forebrain	neonate	5	0.0	tpm	58735
E-MTAB-6814	forebrain	neonate	6	0.0	tpm	58735
E-MTAB-6814	forebrain	neonate	7	0.0	tpm	58735
E-MTAB-6814	forebrain	neonate	8	0.0	tpm	58735
E-MTAB-6814	forebrain	neonate	9	0.0	tpm	58735
E-MTAB-6814	forebrain	neonate	10	0.0	tpm	58735
E-MTAB-6814	forebrain	neonate	11	0.0	tpm	58735
E-MTAB-6814	forebrain	neonate	12	0.0	tpm	58735
E-MTAB-6814	forebrain	neonate	13	0.0	tpm	58735
E-MTAB-6814	forebrain	neonate	14	0.0	tpm	58735
E-MTAB-6814	forebrain	neonate	15	0.0	tpm	58735
E-MTAB-6814	forebrain	neonate	16	0.0	tpm	58735
E-MTAB-6814	forebrain	neonate	17	0.0	tpm	58735
E-MTAB-6814	forebrain	neonate	18	0.0	tpm	58735
E-MTAB-6814	forebrain	neonate	19	0.0	tpm	58735
E-MTAB-6814	forebrain	neonate	20	0.0	tpm	58735
E-MTAB-6814	forebrain	neonate	21	0.0	tpm	58735
E-MTAB-6814	forebrain	neonate	22	0.0	tpm	58735
E-MTAB-6814	forebrain	neonate	23	0.0	tpm	58735
E-MTAB-6814	forebrain	neonate	24	0.0	tpm	58735
E-MTAB-6814	forebrain	neonate	25	0.0	tpm	58735
E-MTAB-6814	forebrain	neonate	26	0.0	tpm	58735
E-MTAB-6814	forebrain	neonate	27	0.0	tpm	58735
E-MTAB-6814	forebrain	neonate	28	0.0	tpm	58735
E-MTAB-6814	forebrain	neonate	29	0.0	tpm	58735
E-MTAB-6814	forebrain	neonate	30	0.0	tpm	58735
E-MTAB-6814	forebrain	neonate	31	0.0	tpm	58735
E-MTAB-6814	forebrain	neonate	32	0.0	tpm	58735
E-MTAB-6814	forebrain	neonate	33	0.0	tpm	58735
E-MTAB-6814	forebrain	neonate	34	0.0	tpm	58735
E-MTAB-6814	forebrain	neonate	35	0.0	tpm	58735
E-MTAB-6814	forebrain	neonate	36	0.0	tpm	58735
E-MTAB-6814	forebrain	neonate	37	0.0	tpm	58735
E-MTAB-6814	forebrain	neonate	38	0.0	tpm	58735
E-MTAB-6814	forebrain	neonate	39	0.0	tpm	58735
E-MTAB-6814	forebrain	neonate	40	0.0	tpm	58735
E-MTAB-6814	forebrain	neonate	41	0.0	tpm	58735
E-MTAB-6814	forebrain	neonate	42	0.0	tpm	58735
E-MTAB-6814	forebrain	neonate	43	0.0	tpm	58735
E-MTAB-6814	forebrain	neonate	44	0.0	tpm	58735
E-MTAB-6814	forebrain	neonate	45	0.0	tpm	58735
E-MTAB-6814	forebrain	neonate	46	0.0	tpm	58735
E-MTAB-6814	forebrain	neonate	47	0.0	tpm	58735
E-MTAB-6814	forebrain	neonate	48	0.0	tpm	58735
E-MTAB-6814	forebrain	neonate	49	0.0	tpm	58735
E-MTAB-6814	forebrain	neonate	50	0.0	tpm	58735
E-MTAB-6814	forebrain	neonate	51	0.0	tpm	58735
E-MTAB-6814	forebrain	neonate	52	0.0	tpm	58735
E-MTAB-6814	forebrain	neonate	53	0.1	tpm	58735
E-MTAB-6814	forebrain	neonate	54	0.1	tpm	58735
E-MTAB-6814	forebrain	neonate	55	0.2	tpm	58735
E-MTAB-6814	forebrain	neonate	56	0.2	tpm	58735
E-MTAB-6814	forebrain	neonate	57	0.2	tpm	58735
E-MTAB-6814	forebrain	neonate	58	0.3	tpm	58735
E-MTAB-6814	forebrain	neonate	59	0.3	tpm	58735
E-MTAB-6814	forebrain	neonate	60	0.4	tpm	58735
E-MTAB-6814	forebrain	neonate	61	0.4	tpm	58735
E-MTAB-6814	forebrain	neonate	62	0.5	tpm	58735
E-MTAB-6814	forebrain	neonate	63	0.6	tpm	58735
E-MTAB-6814	forebrain	neonate	64	0.7	tpm	58735
E-MTAB-6814	forebrain	neonate	65	0.7	tpm	58735
E-MTAB-6814	forebrain	neonate	66	0.8	tpm	58735
E-MTAB-6814	forebrain	neonate	67	1.0	tpm	58735
E-MTAB-6814	forebrain	neonate	68	1.0	tpm	58735
E-MTAB-6814	forebrain	neonate	69	1.0	tpm	58735
E-MTAB-6814	forebrain	neonate	70	1.0	tpm	58735
E-MTAB-6814	forebrain	neonate	71	2.0	tpm	58735
E-MTAB-6814	forebrain	neonate	72	2.0	tpm	58735
E-MTAB-6814	forebrain	neonate	73	2.0	tpm	58735
E-MTAB-6814	forebrain	neonate	74	3.0	tpm	58735
E-MTAB-6814	forebrain	neonate	75	3.0	tpm	58735
E-MTAB-6814	forebrain	neonate	76	4.0	tpm	58735
E-MTAB-6814	forebrain	neonate	77	4.0	tpm	58735
E-MTAB-6814	forebrain	neonate	78	5.0	tpm	58735
E-MTAB-6814	forebrain	neonate	79	6.0	tpm	58735
E-MTAB-6814	forebrain	neonate	80	6.0	tpm	58735
E-MTAB-6814	forebrain	neonate	81	7.0	tpm	58735
E-MTAB-6814	forebrain	neonate	82	8.0	tpm	58735
E-MTAB-6814	forebrain	neonate	83	10.0	tpm	58735
E-MTAB-6814	forebrain	neonate	84	11.0	tpm	58735
E-MTAB-6814	forebrain	neonate	85	12.0	tpm	58735
E-MTAB-6814	forebrain	neonate	86	14.0	tpm	58735
E-MTAB-6814	forebrain	neonate	87	16.0	tpm	58735
E-MTAB-6814	forebrain	neonate	88	18.0	tpm	58735
E-MTAB-6814	forebrain	neonate	89	20.0	tpm	58735
E-MTAB-6814	forebrain	neonate	90	23.0	tpm	58735
E-MTAB-6814	forebrain	neonate	91	26.0	tpm	58735
E-MTAB-6814	forebrain	neonate	92	30.0	tpm	58735
E-MTAB-6814	forebrain	neonate	93	34.0	tpm	58735
E-MTAB-6814	forebrain	neonate	94	39.0	tpm	58735
E-MTAB-6814	forebrain	neonate	95	47.0	tpm	58735
E-MTAB-6814	forebrain	neonate	96	58.0	tpm	58735
E-MTAB-6814	forebrain	neonate	97	73.0	tpm	58735
E-MTAB-6814	forebrain	neonate	98	102.0	tpm	58735
E-MTAB-6814	forebrain	neonate	99	173.66	tpm	58735
E-MTAB-6814	forebrain	neonate	100	63515.0	tpm	58735
E-MTAB-6814	forebrain	school age child	0	0.0	tpm	58735
E-MTAB-6814	forebrain	school age child	1	0.0	tpm	58735
E-MTAB-6814	forebrain	school age child	2	0.0	tpm	58735
E-MTAB-6814	forebrain	school age child	3	0.0	tpm	58735
E-MTAB-6814	forebrain	school age child	4	0.0	tpm	58735
E-MTAB-6814	forebrain	school age child	5	0.0	tpm	58735
E-MTAB-6814	forebrain	school age child	6	0.0	tpm	58735
E-MTAB-6814	forebrain	school age child	7	0.0	tpm	58735
E-MTAB-6814	forebrain	school age child	8	0.0	tpm	58735
E-MTAB-6814	forebrain	school age child	9	0.0	tpm	58735
E-MTAB-6814	forebrain	school age child	10	0.0	tpm	58735
E-MTAB-6814	forebrain	school age child	11	0.0	tpm	58735
E-MTAB-6814	forebrain	school age child	12	0.0	tpm	58735
E-MTAB-6814	forebrain	school age child	13	0.0	tpm	58735
E-MTAB-6814	forebrain	school age child	14	0.0	tpm	58735
E-MTAB-6814	forebrain	school age child	15	0.0	tpm	58735
E-MTAB-6814	forebrain	school age child	16	0.0	tpm	58735
E-MTAB-6814	forebrain	school age child	17	0.0	tpm	58735
E-MTAB-6814	forebrain	school age child	18	0.0	tpm	58735
E-MTAB-6814	forebrain	school age child	19	0.0	tpm	58735
E-MTAB-6814	forebrain	school age child	20	0.0	tpm	58735
E-MTAB-6814	forebrain	school age child	21	0.0	tpm	58735
E-MTAB-6814	forebrain	school age child	22	0.0	tpm	58735
E-MTAB-6814	forebrain	school age child	23	0.0	tpm	58735
E-MTAB-6814	forebrain	school age child	24	0.0	tpm	58735
E-MTAB-6814	forebrain	school age child	25	0.0	tpm	58735
E-MTAB-6814	forebrain	school age child	26	0.0	tpm	58735
E-MTAB-6814	forebrain	school age child	27	0.0	tpm	58735
E-MTAB-6814	forebrain	school age child	28	0.0	tpm	58735
E-MTAB-6814	forebrain	school age child	29	0.0	tpm	58735
E-MTAB-6814	forebrain	school age child	30	0.0	tpm	58735
E-MTAB-6814	forebrain	school age child	31	0.0	tpm	58735
E-MTAB-6814	forebrain	school age child	32	0.0	tpm	58735
E-MTAB-6814	forebrain	school age child	33	0.0	tpm	58735
E-MTAB-6814	forebrain	school age child	34	0.0	tpm	58735
E-MTAB-6814	forebrain	school age child	35	0.0	tpm	58735
E-MTAB-6814	forebrain	school age child	36	0.0	tpm	58735
E-MTAB-6814	forebrain	school age child	37	0.0	tpm	58735
E-MTAB-6814	forebrain	school age child	38	0.0	tpm	58735
E-MTAB-6814	forebrain	school age child	39	0.0	tpm	58735
E-MTAB-6814	forebrain	school age child	40	0.0	tpm	58735
E-MTAB-6814	forebrain	school age child	41	0.0	tpm	58735
E-MTAB-6814	forebrain	school age child	42	0.0	tpm	58735
E-MTAB-6814	forebrain	school age child	43	0.0	tpm	58735
E-MTAB-6814	forebrain	school age child	44	0.0	tpm	58735
E-MTAB-6814	forebrain	school age child	45	0.0	tpm	58735
E-MTAB-6814	forebrain	school age child	46	0.0	tpm	58735
E-MTAB-6814	forebrain	school age child	47	0.1	tpm	58735
E-MTAB-6814	forebrain	school age child	48	0.1	tpm	58735
E-MTAB-6814	forebrain	school age child	49	0.1	tpm	58735
E-MTAB-6814	forebrain	school age child	50	0.1	tpm	58735
E-MTAB-6814	forebrain	school age child	51	0.1	tpm	58735
E-MTAB-6814	forebrain	school age child	52	0.2	tpm	58735
E-MTAB-6814	forebrain	school age child	53	0.2	tpm	58735
E-MTAB-6814	forebrain	school age child	54	0.2	tpm	58735
E-MTAB-6814	forebrain	school age child	55	0.2	tpm	58735
E-MTAB-6814	forebrain	school age child	56	0.2	tpm	58735
E-MTAB-6814	forebrain	school age child	57	0.3	tpm	58735
E-MTAB-6814	forebrain	school age child	58	0.3	tpm	58735
E-MTAB-6814	forebrain	school age child	59	0.4	tpm	58735
E-MTAB-6814	forebrain	school age child	60	0.4	tpm	58735
E-MTAB-6814	forebrain	school age child	61	0.4	tpm	58735
E-MTAB-6814	forebrain	school age child	62	0.5	tpm	58735
E-MTAB-6814	forebrain	school age child	63	0.6	tpm	58735
E-MTAB-6814	forebrain	school age child	64	0.6	tpm	58735
E-MTAB-6814	forebrain	school age child	65	0.7	tpm	58735
E-MTAB-6814	forebrain	school age child	66	0.8	tpm	58735
E-MTAB-6814	forebrain	school age child	67	0.9	tpm	58735
E-MTAB-6814	forebrain	school age child	68	1.0	tpm	58735
E-MTAB-6814	forebrain	school age child	69	1.0	tpm	58735
E-MTAB-6814	forebrain	school age child	70	1.0	tpm	58735
E-MTAB-6814	forebrain	school age child	71	1.0	tpm	58735
E-MTAB-6814	forebrain	school age child	72	2.0	tpm	58735
E-MTAB-6814	forebrain	school age child	73	2.0	tpm	58735
E-MTAB-6814	forebrain	school age child	74	2.0	tpm	58735
E-MTAB-6814	forebrain	school age child	75	3.0	tpm	58735
E-MTAB-6814	forebrain	school age child	76	3.0	tpm	58735
E-MTAB-6814	forebrain	school age child	77	3.0	tpm	58735
E-MTAB-6814	forebrain	school age child	78	4.0	tpm	58735
E-MTAB-6814	forebrain	school age child	79	4.0	tpm	58735
E-MTAB-6814	forebrain	school age child	80	5.0	tpm	58735
E-MTAB-6814	forebrain	school age child	81	6.0	tpm	58735
E-MTAB-6814	forebrain	school age child	82	7.0	tpm	58735
E-MTAB-6814	forebrain	school age child	83	8.0	tpm	58735
E-MTAB-6814	forebrain	school age child	84	9.0	tpm	58735
E-MTAB-6814	forebrain	school age child	85	10.0	tpm	58735
E-MTAB-6814	forebrain	school age child	86	11.0	tpm	58735
E-MTAB-6814	forebrain	school age child	87	13.0	tpm	58735
E-MTAB-6814	forebrain	school age child	88	14.0	tpm	58735
E-MTAB-6814	forebrain	school age child	89	17.0	tpm	58735
E-MTAB-6814	forebrain	school age child	90	19.0	tpm	58735
E-MTAB-6814	forebrain	school age child	91	22.0	tpm	58735
E-MTAB-6814	forebrain	school age child	92	25.0	tpm	58735
E-MTAB-6814	forebrain	school age child	93	29.0	tpm	58735
E-MTAB-6814	forebrain	school age child	94	34.0	tpm	58735
E-MTAB-6814	forebrain	school age child	95	41.0	tpm	58735
E-MTAB-6814	forebrain	school age child	96	52.0	tpm	58735
E-MTAB-6814	forebrain	school age child	97	66.0	tpm	58735
E-MTAB-6814	forebrain	school age child	98	94.0	tpm	58735
E-MTAB-6814	forebrain	school age child	99	166.0	tpm	58735
E-MTAB-6814	forebrain	school age child	100	56210.0	tpm	58735
E-MTAB-6814	forebrain	toddler	0	0.0	tpm	58735
E-MTAB-6814	forebrain	toddler	1	0.0	tpm	58735
E-MTAB-6814	forebrain	toddler	2	0.0	tpm	58735
E-MTAB-6814	forebrain	toddler	3	0.0	tpm	58735
E-MTAB-6814	forebrain	toddler	4	0.0	tpm	58735
E-MTAB-6814	forebrain	toddler	5	0.0	tpm	58735
E-MTAB-6814	forebrain	toddler	6	0.0	tpm	58735
E-MTAB-6814	forebrain	toddler	7	0.0	tpm	58735
E-MTAB-6814	forebrain	toddler	8	0.0	tpm	58735
E-MTAB-6814	forebrain	toddler	9	0.0	tpm	58735
E-MTAB-6814	forebrain	toddler	10	0.0	tpm	58735
E-MTAB-6814	forebrain	toddler	11	0.0	tpm	58735
E-MTAB-6814	forebrain	toddler	12	0.0	tpm	58735
E-MTAB-6814	forebrain	toddler	13	0.0	tpm	58735
E-MTAB-6814	forebrain	toddler	14	0.0	tpm	58735
E-MTAB-6814	forebrain	toddler	15	0.0	tpm	58735
E-MTAB-6814	forebrain	toddler	16	0.0	tpm	58735
E-MTAB-6814	forebrain	toddler	17	0.0	tpm	58735
E-MTAB-6814	forebrain	toddler	18	0.0	tpm	58735
E-MTAB-6814	forebrain	toddler	19	0.0	tpm	58735
E-MTAB-6814	forebrain	toddler	20	0.0	tpm	58735
E-MTAB-6814	forebrain	toddler	21	0.0	tpm	58735
E-MTAB-6814	forebrain	toddler	22	0.0	tpm	58735
E-MTAB-6814	forebrain	toddler	23	0.0	tpm	58735
E-MTAB-6814	forebrain	toddler	24	0.0	tpm	58735
E-MTAB-6814	forebrain	toddler	25	0.0	tpm	58735
E-MTAB-6814	forebrain	toddler	26	0.0	tpm	58735
E-MTAB-6814	forebrain	toddler	27	0.0	tpm	58735
E-MTAB-6814	forebrain	toddler	28	0.0	tpm	58735
E-MTAB-6814	forebrain	toddler	29	0.0	tpm	58735
E-MTAB-6814	forebrain	toddler	30	0.0	tpm	58735
E-MTAB-6814	forebrain	toddler	31	0.0	tpm	58735
E-MTAB-6814	forebrain	toddler	32	0.0	tpm	58735
E-MTAB-6814	forebrain	toddler	33	0.0	tpm	58735
E-MTAB-6814	forebrain	toddler	34	0.0	tpm	58735
E-MTAB-6814	forebrain	toddler	35	0.0	tpm	58735
E-MTAB-6814	forebrain	toddler	36	0.0	tpm	58735
E-MTAB-6814	forebrain	toddler	37	0.0	tpm	58735
E-MTAB-6814	forebrain	toddler	38	0.0	tpm	58735
E-MTAB-6814	forebrain	toddler	39	0.0	tpm	58735
E-MTAB-6814	forebrain	toddler	40	0.0	tpm	58735
E-MTAB-6814	forebrain	toddler	41	0.0	tpm	58735
E-MTAB-6814	forebrain	toddler	42	0.0	tpm	58735
E-MTAB-6814	forebrain	toddler	43	0.0	tpm	58735
E-MTAB-6814	forebrain	toddler	44	0.0	tpm	58735
E-MTAB-6814	forebrain	toddler	45	0.0	tpm	58735
E-MTAB-6814	forebrain	toddler	46	0.0	tpm	58735
E-MTAB-6814	forebrain	toddler	47	0.0	tpm	58735
E-MTAB-6814	forebrain	toddler	48	0.0	tpm	58735
E-MTAB-6814	forebrain	toddler	49	0.0	tpm	58735
E-MTAB-6814	forebrain	toddler	50	0.0	tpm	58735
E-MTAB-6814	forebrain	toddler	51	0.0	tpm	58735
E-MTAB-6814	forebrain	toddler	52	0.0	tpm	58735
E-MTAB-6814	forebrain	toddler	53	0.0	tpm	58735
E-MTAB-6814	forebrain	toddler	54	0.0	tpm	58735
E-MTAB-6814	forebrain	toddler	55	0.0	tpm	58735
E-MTAB-6814	forebrain	toddler	56	0.0	tpm	58735
E-MTAB-6814	forebrain	toddler	57	0.0	tpm	58735
E-MTAB-6814	forebrain	toddler	58	0.0	tpm	58735
E-MTAB-6814	forebrain	toddler	59	0.0	tpm	58735
E-MTAB-6814	forebrain	toddler	60	0.1	tpm	58735
E-MTAB-6814	forebrain	toddler	61	0.1	tpm	58735
E-MTAB-6814	forebrain	toddler	62	0.1	tpm	58735
E-MTAB-6814	forebrain	toddler	63	0.2	tpm	58735
E-MTAB-6814	forebrain	toddler	64	0.2	tpm	58735
E-MTAB-6814	forebrain	toddler	65	0.3	tpm	58735
E-MTAB-6814	forebrain	toddler	66	0.3	tpm	58735
E-MTAB-6814	forebrain	toddler	67	0.4	tpm	58735
E-MTAB-6814	forebrain	toddler	68	0.5	tpm	58735
E-MTAB-6814	forebrain	toddler	69	0.6	tpm	58735
E-MTAB-6814	forebrain	toddler	70	0.7	tpm	58735
E-MTAB-6814	forebrain	toddler	71	0.8	tpm	58735
E-MTAB-6814	forebrain	toddler	72	0.9	tpm	58735
E-MTAB-6814	forebrain	toddler	73	1.0	tpm	58735
E-MTAB-6814	forebrain	toddler	74	1.0	tpm	58735
E-MTAB-6814	forebrain	toddler	75	2.0	tpm	58735
E-MTAB-6814	forebrain	toddler	76	2.0	tpm	58735
E-MTAB-6814	forebrain	toddler	77	2.0	tpm	58735
E-MTAB-6814	forebrain	toddler	78	2.0	tpm	58735
E-MTAB-6814	forebrain	toddler	79	3.0	tpm	58735
E-MTAB-6814	forebrain	toddler	80	3.0	tpm	58735
E-MTAB-6814	forebrain	toddler	81	4.0	tpm	58735
E-MTAB-6814	forebrain	toddler	82	4.0	tpm	58735
E-MTAB-6814	forebrain	toddler	83	5.0	tpm	58735
E-MTAB-6814	forebrain	toddler	84	6.0	tpm	58735
E-MTAB-6814	forebrain	toddler	85	6.0	tpm	58735
E-MTAB-6814	forebrain	toddler	86	7.0	tpm	58735
E-MTAB-6814	forebrain	toddler	87	8.0	tpm	58735
E-MTAB-6814	forebrain	toddler	88	10.0	tpm	58735
E-MTAB-6814	forebrain	toddler	89	11.0	tpm	58735
E-MTAB-6814	forebrain	toddler	90	12.0	tpm	58735
E-MTAB-6814	forebrain	toddler	91	14.0	tpm	58735
E-MTAB-6814	forebrain	toddler	92	17.0	tpm	58735
E-MTAB-6814	forebrain	toddler	93	20.0	tpm	58735
E-MTAB-6814	forebrain	toddler	94	24.0	tpm	58735
E-MTAB-6814	forebrain	toddler	95	29.0	tpm	58735
E-MTAB-6814	forebrain	toddler	96	37.0	tpm	58735
E-MTAB-6814	forebrain	toddler	97	48.0	tpm	58735
E-MTAB-6814	forebrain	toddler	98	70.0	tpm	58735
E-MTAB-6814	forebrain	toddler	99	124.0	tpm	58735
E-MTAB-6814	forebrain	toddler	100	75318.0	tpm	58735
E-MTAB-6814	forebrain	young adult	0	0.0	tpm	58735
E-MTAB-6814	forebrain	young adult	1	0.0	tpm	58735
E-MTAB-6814	forebrain	young adult	2	0.0	tpm	58735
E-MTAB-6814	forebrain	young adult	3	0.0	tpm	58735
E-MTAB-6814	forebrain	young adult	4	0.0	tpm	58735
E-MTAB-6814	forebrain	young adult	5	0.0	tpm	58735
E-MTAB-6814	forebrain	young adult	6	0.0	tpm	58735
E-MTAB-6814	forebrain	young adult	7	0.0	tpm	58735
E-MTAB-6814	forebrain	young adult	8	0.0	tpm	58735
E-MTAB-6814	forebrain	young adult	9	0.0	tpm	58735
E-MTAB-6814	forebrain	young adult	10	0.0	tpm	58735
E-MTAB-6814	forebrain	young adult	11	0.0	tpm	58735
E-MTAB-6814	forebrain	young adult	12	0.0	tpm	58735
E-MTAB-6814	forebrain	young adult	13	0.0	tpm	58735
E-MTAB-6814	forebrain	young adult	14	0.0	tpm	58735
E-MTAB-6814	forebrain	young adult	15	0.0	tpm	58735
E-MTAB-6814	forebrain	young adult	16	0.0	tpm	58735
E-MTAB-6814	forebrain	young adult	17	0.0	tpm	58735
E-MTAB-6814	forebrain	young adult	18	0.0	tpm	58735
E-MTAB-6814	forebrain	young adult	19	0.0	tpm	58735
E-MTAB-6814	forebrain	young adult	20	0.0	tpm	58735
E-MTAB-6814	forebrain	young adult	21	0.0	tpm	58735
E-MTAB-6814	forebrain	young adult	22	0.0	tpm	58735
E-MTAB-6814	forebrain	young adult	23	0.0	tpm	58735
E-MTAB-6814	forebrain	young adult	24	0.0	tpm	58735
E-MTAB-6814	forebrain	young adult	25	0.0	tpm	58735
E-MTAB-6814	forebrain	young adult	26	0.0	tpm	58735
E-MTAB-6814	forebrain	young adult	27	0.0	tpm	58735
E-MTAB-6814	forebrain	young adult	28	0.0	tpm	58735
E-MTAB-6814	forebrain	young adult	29	0.0	tpm	58735
E-MTAB-6814	forebrain	young adult	30	0.0	tpm	58735
E-MTAB-6814	forebrain	young adult	31	0.0	tpm	58735
E-MTAB-6814	forebrain	young adult	32	0.0	tpm	58735
E-MTAB-6814	forebrain	young adult	33	0.0	tpm	58735
E-MTAB-6814	forebrain	young adult	34	0.0	tpm	58735
E-MTAB-6814	forebrain	young adult	35	0.0	tpm	58735
E-MTAB-6814	forebrain	young adult	36	0.0	tpm	58735
E-MTAB-6814	forebrain	young adult	37	0.0	tpm	58735
E-MTAB-6814	forebrain	young adult	38	0.0	tpm	58735
E-MTAB-6814	forebrain	young adult	39	0.0	tpm	58735
E-MTAB-6814	forebrain	young adult	40	0.0	tpm	58735
E-MTAB-6814	forebrain	young adult	41	0.0	tpm	58735
E-MTAB-6814	forebrain	young adult	42	0.0	tpm	58735
E-MTAB-6814	forebrain	young adult	43	0.0	tpm	58735
E-MTAB-6814	forebrain	young adult	44	0.0	tpm	58735
E-MTAB-6814	forebrain	young adult	45	0.0	tpm	58735
E-MTAB-6814	forebrain	young adult	46	0.0	tpm	58735
E-MTAB-6814	forebrain	young adult	47	0.0	tpm	58735
E-MTAB-6814	forebrain	young adult	48	0.0	tpm	58735
E-MTAB-6814	forebrain	young adult	49	0.0	tpm	58735
E-MTAB-6814	forebrain	young adult	50	0.1	tpm	58735
E-MTAB-6814	forebrain	young adult	51	0.1	tpm	58735
E-MTAB-6814	forebrain	young adult	52	0.1	tpm	58735
E-MTAB-6814	forebrain	young adult	53	0.1	tpm	58735
E-MTAB-6814	forebrain	young adult	54	0.1	tpm	58735
E-MTAB-6814	forebrain	young adult	55	0.2	tpm	58735
E-MTAB-6814	forebrain	young adult	56	0.2	tpm	58735
E-MTAB-6814	forebrain	young adult	57	0.2	tpm	58735
E-MTAB-6814	forebrain	young adult	58	0.2	tpm	58735
E-MTAB-6814	forebrain	young adult	59	0.3	tpm	58735
E-MTAB-6814	forebrain	young adult	60	0.3	tpm	58735
E-MTAB-6814	forebrain	young adult	61	0.4	tpm	58735
E-MTAB-6814	forebrain	young adult	62	0.4	tpm	58735
E-MTAB-6814	forebrain	young adult	63	0.5	tpm	58735
E-MTAB-6814	forebrain	young adult	64	0.5	tpm	58735
E-MTAB-6814	forebrain	young adult	65	0.6	tpm	58735
E-MTAB-6814	forebrain	young adult	66	0.7	tpm	58735
E-MTAB-6814	forebrain	young adult	67	0.7	tpm	58735
E-MTAB-6814	forebrain	young adult	68	0.8	tpm	58735
E-MTAB-6814	forebrain	young adult	69	1.0	tpm	58735
E-MTAB-6814	forebrain	young adult	70	1.0	tpm	58735
E-MTAB-6814	forebrain	young adult	71	1.0	tpm	58735
E-MTAB-6814	forebrain	young adult	72	1.0	tpm	58735
E-MTAB-6814	forebrain	young adult	73	2.0	tpm	58735
E-MTAB-6814	forebrain	young adult	74	2.0	tpm	58735
E-MTAB-6814	forebrain	young adult	75	2.0	tpm	58735
E-MTAB-6814	forebrain	young adult	76	2.0	tpm	58735
E-MTAB-6814	forebrain	young adult	77	3.0	tpm	58735
E-MTAB-6814	forebrain	young adult	78	3.0	tpm	58735
E-MTAB-6814	forebrain	young adult	79	4.0	tpm	58735
E-MTAB-6814	forebrain	young adult	80	4.0	tpm	58735
E-MTAB-6814	forebrain	young adult	81	5.0	tpm	58735
E-MTAB-6814	forebrain	young adult	82	6.0	tpm	58735
E-MTAB-6814	forebrain	young adult	83	7.0	tpm	58735
E-MTAB-6814	forebrain	young adult	84	7.0	tpm	58735
E-MTAB-6814	forebrain	young adult	85	9.0	tpm	58735
E-MTAB-6814	forebrain	young adult	86	10.0	tpm	58735
E-MTAB-6814	forebrain	young adult	87	11.0	tpm	58735
E-MTAB-6814	forebrain	young adult	88	13.0	tpm	58735
E-MTAB-6814	forebrain	young adult	89	15.0	tpm	58735
E-MTAB-6814	forebrain	young adult	90	17.0	tpm	58735
E-MTAB-6814	forebrain	young adult	91	19.0	tpm	58735
E-MTAB-6814	forebrain	young adult	92	22.0	tpm	58735
E-MTAB-6814	forebrain	young adult	93	26.0	tpm	58735
E-MTAB-6814	forebrain	young adult	94	30.0	tpm	58735
E-MTAB-6814	forebrain	young adult	95	36.3	tpm	58735
E-MTAB-6814	forebrain	young adult	96	45.0	tpm	58735
E-MTAB-6814	forebrain	young adult	97	58.0	tpm	58735
E-MTAB-6814	forebrain	young adult	98	83.0	tpm	58735
E-MTAB-6814	forebrain	young adult	99	139.0	tpm	58735
E-MTAB-6814	forebrain	young adult	100	58895.0	tpm	58735
E-MTAB-6814	heart	10 week post conception	0	0.0	tpm	58735
E-MTAB-6814	heart	10 week post conception	1	0.0	tpm	58735
E-MTAB-6814	heart	10 week post conception	2	0.0	tpm	58735
E-MTAB-6814	heart	10 week post conception	3	0.0	tpm	58735
E-MTAB-6814	heart	10 week post conception	4	0.0	tpm	58735
E-MTAB-6814	heart	10 week post conception	5	0.0	tpm	58735
E-MTAB-6814	heart	10 week post conception	6	0.0	tpm	58735
E-MTAB-6814	heart	10 week post conception	7	0.0	tpm	58735
E-MTAB-6814	heart	10 week post conception	8	0.0	tpm	58735
E-MTAB-6814	heart	10 week post conception	9	0.0	tpm	58735
E-MTAB-6814	heart	10 week post conception	10	0.0	tpm	58735
E-MTAB-6814	heart	10 week post conception	11	0.0	tpm	58735
E-MTAB-6814	heart	10 week post conception	12	0.0	tpm	58735
E-MTAB-6814	heart	10 week post conception	13	0.0	tpm	58735
E-MTAB-6814	heart	10 week post conception	14	0.0	tpm	58735
E-MTAB-6814	heart	10 week post conception	15	0.0	tpm	58735
E-MTAB-6814	heart	10 week post conception	16	0.0	tpm	58735
E-MTAB-6814	heart	10 week post conception	17	0.0	tpm	58735
E-MTAB-6814	heart	10 week post conception	18	0.0	tpm	58735
E-MTAB-6814	heart	10 week post conception	19	0.0	tpm	58735
E-MTAB-6814	heart	10 week post conception	20	0.0	tpm	58735
E-MTAB-6814	heart	10 week post conception	21	0.0	tpm	58735
E-MTAB-6814	heart	10 week post conception	22	0.0	tpm	58735
E-MTAB-6814	heart	10 week post conception	23	0.0	tpm	58735
E-MTAB-6814	heart	10 week post conception	24	0.0	tpm	58735
E-MTAB-6814	heart	10 week post conception	25	0.0	tpm	58735
E-MTAB-6814	heart	10 week post conception	26	0.0	tpm	58735
E-MTAB-6814	heart	10 week post conception	27	0.0	tpm	58735
E-MTAB-6814	heart	10 week post conception	28	0.0	tpm	58735
E-MTAB-6814	heart	10 week post conception	29	0.0	tpm	58735
E-MTAB-6814	heart	10 week post conception	30	0.0	tpm	58735
E-MTAB-6814	heart	10 week post conception	31	0.0	tpm	58735
E-MTAB-6814	heart	10 week post conception	32	0.0	tpm	58735
E-MTAB-6814	heart	10 week post conception	33	0.0	tpm	58735
E-MTAB-6814	heart	10 week post conception	34	0.0	tpm	58735
E-MTAB-6814	heart	10 week post conception	35	0.0	tpm	58735
E-MTAB-6814	heart	10 week post conception	36	0.0	tpm	58735
E-MTAB-6814	heart	10 week post conception	37	0.0	tpm	58735
E-MTAB-6814	heart	10 week post conception	38	0.0	tpm	58735
E-MTAB-6814	heart	10 week post conception	39	0.0	tpm	58735
E-MTAB-6814	heart	10 week post conception	40	0.0	tpm	58735
E-MTAB-6814	heart	10 week post conception	41	0.0	tpm	58735
E-MTAB-6814	heart	10 week post conception	42	0.0	tpm	58735
E-MTAB-6814	heart	10 week post conception	43	0.0	tpm	58735
E-MTAB-6814	heart	10 week post conception	44	0.0	tpm	58735
E-MTAB-6814	heart	10 week post conception	45	0.0	tpm	58735
E-MTAB-6814	heart	10 week post conception	46	0.0	tpm	58735
E-MTAB-6814	heart	10 week post conception	47	0.0	tpm	58735
E-MTAB-6814	heart	10 week post conception	48	0.0	tpm	58735
E-MTAB-6814	heart	10 week post conception	49	0.0	tpm	58735
E-MTAB-6814	heart	10 week post conception	50	0.0	tpm	58735
E-MTAB-6814	heart	10 week post conception	51	0.0	tpm	58735
E-MTAB-6814	heart	10 week post conception	52	0.1	tpm	58735
E-MTAB-6814	heart	10 week post conception	53	0.1	tpm	58735
E-MTAB-6814	heart	10 week post conception	54	0.1	tpm	58735
E-MTAB-6814	heart	10 week post conception	55	0.1	tpm	58735
E-MTAB-6814	heart	10 week post conception	56	0.2	tpm	58735
E-MTAB-6814	heart	10 week post conception	57	0.2	tpm	58735
E-MTAB-6814	heart	10 week post conception	58	0.2	tpm	58735
E-MTAB-6814	heart	10 week post conception	59	0.2	tpm	58735
E-MTAB-6814	heart	10 week post conception	60	0.3	tpm	58735
E-MTAB-6814	heart	10 week post conception	61	0.3	tpm	58735
E-MTAB-6814	heart	10 week post conception	62	0.4	tpm	58735
E-MTAB-6814	heart	10 week post conception	63	0.4	tpm	58735
E-MTAB-6814	heart	10 week post conception	64	0.5	tpm	58735
E-MTAB-6814	heart	10 week post conception	65	0.6	tpm	58735
E-MTAB-6814	heart	10 week post conception	66	0.7	tpm	58735
E-MTAB-6814	heart	10 week post conception	67	0.8	tpm	58735
E-MTAB-6814	heart	10 week post conception	68	0.9	tpm	58735
E-MTAB-6814	heart	10 week post conception	69	1.0	tpm	58735
E-MTAB-6814	heart	10 week post conception	70	1.0	tpm	58735
E-MTAB-6814	heart	10 week post conception	71	1.0	tpm	58735
E-MTAB-6814	heart	10 week post conception	72	2.0	tpm	58735
E-MTAB-6814	heart	10 week post conception	73	2.0	tpm	58735
E-MTAB-6814	heart	10 week post conception	74	2.0	tpm	58735
E-MTAB-6814	heart	10 week post conception	75	3.0	tpm	58735
E-MTAB-6814	heart	10 week post conception	76	3.0	tpm	58735
E-MTAB-6814	heart	10 week post conception	77	3.0	tpm	58735
E-MTAB-6814	heart	10 week post conception	78	4.0	tpm	58735
E-MTAB-6814	heart	10 week post conception	79	5.0	tpm	58735
E-MTAB-6814	heart	10 week post conception	80	5.0	tpm	58735
E-MTAB-6814	heart	10 week post conception	81	6.0	tpm	58735
E-MTAB-6814	heart	10 week post conception	82	7.0	tpm	58735
E-MTAB-6814	heart	10 week post conception	83	8.0	tpm	58735
E-MTAB-6814	heart	10 week post conception	84	10.0	tpm	58735
E-MTAB-6814	heart	10 week post conception	85	11.0	tpm	58735
E-MTAB-6814	heart	10 week post conception	86	13.0	tpm	58735
E-MTAB-6814	heart	10 week post conception	87	15.0	tpm	58735
E-MTAB-6814	heart	10 week post conception	88	17.0	tpm	58735
E-MTAB-6814	heart	10 week post conception	89	19.0	tpm	58735
E-MTAB-6814	heart	10 week post conception	90	22.0	tpm	58735
E-MTAB-6814	heart	10 week post conception	91	24.0	tpm	58735
E-MTAB-6814	heart	10 week post conception	92	28.0	tpm	58735
E-MTAB-6814	heart	10 week post conception	93	32.0	tpm	58735
E-MTAB-6814	heart	10 week post conception	94	37.0	tpm	58735
E-MTAB-6814	heart	10 week post conception	95	44.0	tpm	58735
E-MTAB-6814	heart	10 week post conception	96	54.0	tpm	58735
E-MTAB-6814	heart	10 week post conception	97	69.0	tpm	58735
E-MTAB-6814	heart	10 week post conception	98	98.0	tpm	58735
E-MTAB-6814	heart	10 week post conception	99	174.66	tpm	58735
E-MTAB-6814	heart	10 week post conception	100	49116.0	tpm	58735
E-MTAB-6814	heart	11 week post conception	0	0.0	tpm	58735
E-MTAB-6814	heart	11 week post conception	1	0.0	tpm	58735
E-MTAB-6814	heart	11 week post conception	2	0.0	tpm	58735
E-MTAB-6814	heart	11 week post conception	3	0.0	tpm	58735
E-MTAB-6814	heart	11 week post conception	4	0.0	tpm	58735
E-MTAB-6814	heart	11 week post conception	5	0.0	tpm	58735
E-MTAB-6814	heart	11 week post conception	6	0.0	tpm	58735
E-MTAB-6814	heart	11 week post conception	7	0.0	tpm	58735
E-MTAB-6814	heart	11 week post conception	8	0.0	tpm	58735
E-MTAB-6814	heart	11 week post conception	9	0.0	tpm	58735
E-MTAB-6814	heart	11 week post conception	10	0.0	tpm	58735
E-MTAB-6814	heart	11 week post conception	11	0.0	tpm	58735
E-MTAB-6814	heart	11 week post conception	12	0.0	tpm	58735
E-MTAB-6814	heart	11 week post conception	13	0.0	tpm	58735
E-MTAB-6814	heart	11 week post conception	14	0.0	tpm	58735
E-MTAB-6814	heart	11 week post conception	15	0.0	tpm	58735
E-MTAB-6814	heart	11 week post conception	16	0.0	tpm	58735
E-MTAB-6814	heart	11 week post conception	17	0.0	tpm	58735
E-MTAB-6814	heart	11 week post conception	18	0.0	tpm	58735
E-MTAB-6814	heart	11 week post conception	19	0.0	tpm	58735
E-MTAB-6814	heart	11 week post conception	20	0.0	tpm	58735
E-MTAB-6814	heart	11 week post conception	21	0.0	tpm	58735
E-MTAB-6814	heart	11 week post conception	22	0.0	tpm	58735
E-MTAB-6814	heart	11 week post conception	23	0.0	tpm	58735
E-MTAB-6814	heart	11 week post conception	24	0.0	tpm	58735
E-MTAB-6814	heart	11 week post conception	25	0.0	tpm	58735
E-MTAB-6814	heart	11 week post conception	26	0.0	tpm	58735
E-MTAB-6814	heart	11 week post conception	27	0.0	tpm	58735
E-MTAB-6814	heart	11 week post conception	28	0.0	tpm	58735
E-MTAB-6814	heart	11 week post conception	29	0.0	tpm	58735
E-MTAB-6814	heart	11 week post conception	30	0.0	tpm	58735
E-MTAB-6814	heart	11 week post conception	31	0.0	tpm	58735
E-MTAB-6814	heart	11 week post conception	32	0.0	tpm	58735
E-MTAB-6814	heart	11 week post conception	33	0.0	tpm	58735
E-MTAB-6814	heart	11 week post conception	34	0.0	tpm	58735
E-MTAB-6814	heart	11 week post conception	35	0.0	tpm	58735
E-MTAB-6814	heart	11 week post conception	36	0.0	tpm	58735
E-MTAB-6814	heart	11 week post conception	37	0.0	tpm	58735
E-MTAB-6814	heart	11 week post conception	38	0.0	tpm	58735
E-MTAB-6814	heart	11 week post conception	39	0.0	tpm	58735
E-MTAB-6814	heart	11 week post conception	40	0.0	tpm	58735
E-MTAB-6814	heart	11 week post conception	41	0.0	tpm	58735
E-MTAB-6814	heart	11 week post conception	42	0.0	tpm	58735
E-MTAB-6814	heart	11 week post conception	43	0.0	tpm	58735
E-MTAB-6814	heart	11 week post conception	44	0.0	tpm	58735
E-MTAB-6814	heart	11 week post conception	45	0.0	tpm	58735
E-MTAB-6814	heart	11 week post conception	46	0.0	tpm	58735
E-MTAB-6814	heart	11 week post conception	47	0.0	tpm	58735
E-MTAB-6814	heart	11 week post conception	48	0.0	tpm	58735
E-MTAB-6814	heart	11 week post conception	49	0.0	tpm	58735
E-MTAB-6814	heart	11 week post conception	50	0.0	tpm	58735
E-MTAB-6814	heart	11 week post conception	51	0.0	tpm	58735
E-MTAB-6814	heart	11 week post conception	52	0.0	tpm	58735
E-MTAB-6814	heart	11 week post conception	53	0.1	tpm	58735
E-MTAB-6814	heart	11 week post conception	54	0.1	tpm	58735
E-MTAB-6814	heart	11 week post conception	55	0.1	tpm	58735
E-MTAB-6814	heart	11 week post conception	56	0.1	tpm	58735
E-MTAB-6814	heart	11 week post conception	57	0.2	tpm	58735
E-MTAB-6814	heart	11 week post conception	58	0.2	tpm	58735
E-MTAB-6814	heart	11 week post conception	59	0.3	tpm	58735
E-MTAB-6814	heart	11 week post conception	60	0.3	tpm	58735
E-MTAB-6814	heart	11 week post conception	61	0.4	tpm	58735
E-MTAB-6814	heart	11 week post conception	62	0.4	tpm	58735
E-MTAB-6814	heart	11 week post conception	63	0.5	tpm	58735
E-MTAB-6814	heart	11 week post conception	64	0.6	tpm	58735
E-MTAB-6814	heart	11 week post conception	65	0.7	tpm	58735
E-MTAB-6814	heart	11 week post conception	66	0.8	tpm	58735
E-MTAB-6814	heart	11 week post conception	67	0.9	tpm	58735
E-MTAB-6814	heart	11 week post conception	68	1.0	tpm	58735
E-MTAB-6814	heart	11 week post conception	69	1.0	tpm	58735
E-MTAB-6814	heart	11 week post conception	70	1.0	tpm	58735
E-MTAB-6814	heart	11 week post conception	71	2.0	tpm	58735
E-MTAB-6814	heart	11 week post conception	72	2.0	tpm	58735
E-MTAB-6814	heart	11 week post conception	73	2.0	tpm	58735
E-MTAB-6814	heart	11 week post conception	74	2.0	tpm	58735
E-MTAB-6814	heart	11 week post conception	75	3.0	tpm	58735
E-MTAB-6814	heart	11 week post conception	76	3.0	tpm	58735
E-MTAB-6814	heart	11 week post conception	77	4.0	tpm	58735
E-MTAB-6814	heart	11 week post conception	78	5.0	tpm	58735
E-MTAB-6814	heart	11 week post conception	79	5.0	tpm	58735
E-MTAB-6814	heart	11 week post conception	80	6.0	tpm	58735
E-MTAB-6814	heart	11 week post conception	81	7.0	tpm	58735
E-MTAB-6814	heart	11 week post conception	82	9.0	tpm	58735
E-MTAB-6814	heart	11 week post conception	83	10.0	tpm	58735
E-MTAB-6814	heart	11 week post conception	84	12.0	tpm	58735
E-MTAB-6814	heart	11 week post conception	85	13.0	tpm	58735
E-MTAB-6814	heart	11 week post conception	86	15.0	tpm	58735
E-MTAB-6814	heart	11 week post conception	87	17.0	tpm	58735
E-MTAB-6814	heart	11 week post conception	88	19.0	tpm	58735
E-MTAB-6814	heart	11 week post conception	89	22.0	tpm	58735
E-MTAB-6814	heart	11 week post conception	90	24.0	tpm	58735
E-MTAB-6814	heart	11 week post conception	91	27.0	tpm	58735
E-MTAB-6814	heart	11 week post conception	92	31.0	tpm	58735
E-MTAB-6814	heart	11 week post conception	93	36.0	tpm	58735
E-MTAB-6814	heart	11 week post conception	94	41.0	tpm	58735
E-MTAB-6814	heart	11 week post conception	95	48.0	tpm	58735
E-MTAB-6814	heart	11 week post conception	96	58.0	tpm	58735
E-MTAB-6814	heart	11 week post conception	97	74.0	tpm	58735
E-MTAB-6814	heart	11 week post conception	98	102.0	tpm	58735
E-MTAB-6814	heart	11 week post conception	99	186.0	tpm	58735
E-MTAB-6814	heart	11 week post conception	100	45896.0	tpm	58735
E-MTAB-6814	heart	12 week post conception	0	0.0	tpm	58735
E-MTAB-6814	heart	12 week post conception	1	0.0	tpm	58735
E-MTAB-6814	heart	12 week post conception	2	0.0	tpm	58735
E-MTAB-6814	heart	12 week post conception	3	0.0	tpm	58735
E-MTAB-6814	heart	12 week post conception	4	0.0	tpm	58735
E-MTAB-6814	heart	12 week post conception	5	0.0	tpm	58735
E-MTAB-6814	heart	12 week post conception	6	0.0	tpm	58735
E-MTAB-6814	heart	12 week post conception	7	0.0	tpm	58735
E-MTAB-6814	heart	12 week post conception	8	0.0	tpm	58735
E-MTAB-6814	heart	12 week post conception	9	0.0	tpm	58735
E-MTAB-6814	heart	12 week post conception	10	0.0	tpm	58735
E-MTAB-6814	heart	12 week post conception	11	0.0	tpm	58735
E-MTAB-6814	heart	12 week post conception	12	0.0	tpm	58735
E-MTAB-6814	heart	12 week post conception	13	0.0	tpm	58735
E-MTAB-6814	heart	12 week post conception	14	0.0	tpm	58735
E-MTAB-6814	heart	12 week post conception	15	0.0	tpm	58735
E-MTAB-6814	heart	12 week post conception	16	0.0	tpm	58735
E-MTAB-6814	heart	12 week post conception	17	0.0	tpm	58735
E-MTAB-6814	heart	12 week post conception	18	0.0	tpm	58735
E-MTAB-6814	heart	12 week post conception	19	0.0	tpm	58735
E-MTAB-6814	heart	12 week post conception	20	0.0	tpm	58735
E-MTAB-6814	heart	12 week post conception	21	0.0	tpm	58735
E-MTAB-6814	heart	12 week post conception	22	0.0	tpm	58735
E-MTAB-6814	heart	12 week post conception	23	0.0	tpm	58735
E-MTAB-6814	heart	12 week post conception	24	0.0	tpm	58735
E-MTAB-6814	heart	12 week post conception	25	0.0	tpm	58735
E-MTAB-6814	heart	12 week post conception	26	0.0	tpm	58735
E-MTAB-6814	heart	12 week post conception	27	0.0	tpm	58735
E-MTAB-6814	heart	12 week post conception	28	0.0	tpm	58735
E-MTAB-6814	heart	12 week post conception	29	0.0	tpm	58735
E-MTAB-6814	heart	12 week post conception	30	0.0	tpm	58735
E-MTAB-6814	heart	12 week post conception	31	0.0	tpm	58735
E-MTAB-6814	heart	12 week post conception	32	0.0	tpm	58735
E-MTAB-6814	heart	12 week post conception	33	0.0	tpm	58735
E-MTAB-6814	heart	12 week post conception	34	0.0	tpm	58735
E-MTAB-6814	heart	12 week post conception	35	0.0	tpm	58735
E-MTAB-6814	heart	12 week post conception	36	0.0	tpm	58735
E-MTAB-6814	heart	12 week post conception	37	0.0	tpm	58735
E-MTAB-6814	heart	12 week post conception	38	0.0	tpm	58735
E-MTAB-6814	heart	12 week post conception	39	0.0	tpm	58735
E-MTAB-6814	heart	12 week post conception	40	0.0	tpm	58735
E-MTAB-6814	heart	12 week post conception	41	0.0	tpm	58735
E-MTAB-6814	heart	12 week post conception	42	0.0	tpm	58735
E-MTAB-6814	heart	12 week post conception	43	0.0	tpm	58735
E-MTAB-6814	heart	12 week post conception	44	0.0	tpm	58735
E-MTAB-6814	heart	12 week post conception	45	0.0	tpm	58735
E-MTAB-6814	heart	12 week post conception	46	0.0	tpm	58735
E-MTAB-6814	heart	12 week post conception	47	0.0	tpm	58735
E-MTAB-6814	heart	12 week post conception	48	0.1	tpm	58735
E-MTAB-6814	heart	12 week post conception	49	0.1	tpm	58735
E-MTAB-6814	heart	12 week post conception	50	0.1	tpm	58735
E-MTAB-6814	heart	12 week post conception	51	0.1	tpm	58735
E-MTAB-6814	heart	12 week post conception	52	0.1	tpm	58735
E-MTAB-6814	heart	12 week post conception	53	0.2	tpm	58735
E-MTAB-6814	heart	12 week post conception	54	0.2	tpm	58735
E-MTAB-6814	heart	12 week post conception	55	0.3	tpm	58735
E-MTAB-6814	heart	12 week post conception	56	0.3	tpm	58735
E-MTAB-6814	heart	12 week post conception	57	0.4	tpm	58735
E-MTAB-6814	heart	12 week post conception	58	0.4	tpm	58735
E-MTAB-6814	heart	12 week post conception	59	0.5	tpm	58735
E-MTAB-6814	heart	12 week post conception	60	0.5	tpm	58735
E-MTAB-6814	heart	12 week post conception	61	0.6	tpm	58735
E-MTAB-6814	heart	12 week post conception	62	0.6	tpm	58735
E-MTAB-6814	heart	12 week post conception	63	0.7	tpm	58735
E-MTAB-6814	heart	12 week post conception	64	0.7	tpm	58735
E-MTAB-6814	heart	12 week post conception	65	0.8	tpm	58735
E-MTAB-6814	heart	12 week post conception	66	0.9	tpm	58735
E-MTAB-6814	heart	12 week post conception	67	1.0	tpm	58735
E-MTAB-6814	heart	12 week post conception	68	1.0	tpm	58735
E-MTAB-6814	heart	12 week post conception	69	1.0	tpm	58735
E-MTAB-6814	heart	12 week post conception	70	1.0	tpm	58735
E-MTAB-6814	heart	12 week post conception	71	2.0	tpm	58735
E-MTAB-6814	heart	12 week post conception	72	2.0	tpm	58735
E-MTAB-6814	heart	12 week post conception	73	2.0	tpm	58735
E-MTAB-6814	heart	12 week post conception	74	2.0	tpm	58735
E-MTAB-6814	heart	12 week post conception	75	2.0	tpm	58735
E-MTAB-6814	heart	12 week post conception	76	3.0	tpm	58735
E-MTAB-6814	heart	12 week post conception	77	3.0	tpm	58735
E-MTAB-6814	heart	12 week post conception	78	4.0	tpm	58735
E-MTAB-6814	heart	12 week post conception	79	4.0	tpm	58735
E-MTAB-6814	heart	12 week post conception	80	5.0	tpm	58735
E-MTAB-6814	heart	12 week post conception	81	6.0	tpm	58735
E-MTAB-6814	heart	12 week post conception	82	6.0	tpm	58735
E-MTAB-6814	heart	12 week post conception	83	7.0	tpm	58735
E-MTAB-6814	heart	12 week post conception	84	8.0	tpm	58735
E-MTAB-6814	heart	12 week post conception	85	9.0	tpm	58735
E-MTAB-6814	heart	12 week post conception	86	11.0	tpm	58735
E-MTAB-6814	heart	12 week post conception	87	12.0	tpm	58735
E-MTAB-6814	heart	12 week post conception	88	14.0	tpm	58735
E-MTAB-6814	heart	12 week post conception	89	16.0	tpm	58735
E-MTAB-6814	heart	12 week post conception	90	18.0	tpm	58735
E-MTAB-6814	heart	12 week post conception	91	20.0	tpm	58735
E-MTAB-6814	heart	12 week post conception	92	23.0	tpm	58735
E-MTAB-6814	heart	12 week post conception	93	26.0	tpm	58735
E-MTAB-6814	heart	12 week post conception	94	31.0	tpm	58735
E-MTAB-6814	heart	12 week post conception	95	37.0	tpm	58735
E-MTAB-6814	heart	12 week post conception	96	46.0	tpm	58735
E-MTAB-6814	heart	12 week post conception	97	60.0	tpm	58735
E-MTAB-6814	heart	12 week post conception	98	86.0	tpm	58735
E-MTAB-6814	heart	12 week post conception	99	167.66	tpm	58735
E-MTAB-6814	heart	12 week post conception	100	40280.0	tpm	58735
E-MTAB-6814	heart	13 week post conception	0	0.0	tpm	58735
E-MTAB-6814	heart	13 week post conception	1	0.0	tpm	58735
E-MTAB-6814	heart	13 week post conception	2	0.0	tpm	58735
E-MTAB-6814	heart	13 week post conception	3	0.0	tpm	58735
E-MTAB-6814	heart	13 week post conception	4	0.0	tpm	58735
E-MTAB-6814	heart	13 week post conception	5	0.0	tpm	58735
E-MTAB-6814	heart	13 week post conception	6	0.0	tpm	58735
E-MTAB-6814	heart	13 week post conception	7	0.0	tpm	58735
E-MTAB-6814	heart	13 week post conception	8	0.0	tpm	58735
E-MTAB-6814	heart	13 week post conception	9	0.0	tpm	58735
E-MTAB-6814	heart	13 week post conception	10	0.0	tpm	58735
E-MTAB-6814	heart	13 week post conception	11	0.0	tpm	58735
E-MTAB-6814	heart	13 week post conception	12	0.0	tpm	58735
E-MTAB-6814	heart	13 week post conception	13	0.0	tpm	58735
E-MTAB-6814	heart	13 week post conception	14	0.0	tpm	58735
E-MTAB-6814	heart	13 week post conception	15	0.0	tpm	58735
E-MTAB-6814	heart	13 week post conception	16	0.0	tpm	58735
E-MTAB-6814	heart	13 week post conception	17	0.0	tpm	58735
E-MTAB-6814	heart	13 week post conception	18	0.0	tpm	58735
E-MTAB-6814	heart	13 week post conception	19	0.0	tpm	58735
E-MTAB-6814	heart	13 week post conception	20	0.0	tpm	58735
E-MTAB-6814	heart	13 week post conception	21	0.0	tpm	58735
E-MTAB-6814	heart	13 week post conception	22	0.0	tpm	58735
E-MTAB-6814	heart	13 week post conception	23	0.0	tpm	58735
E-MTAB-6814	heart	13 week post conception	24	0.0	tpm	58735
E-MTAB-6814	heart	13 week post conception	25	0.0	tpm	58735
E-MTAB-6814	heart	13 week post conception	26	0.0	tpm	58735
E-MTAB-6814	heart	13 week post conception	27	0.0	tpm	58735
E-MTAB-6814	heart	13 week post conception	28	0.0	tpm	58735
E-MTAB-6814	heart	13 week post conception	29	0.0	tpm	58735
E-MTAB-6814	heart	13 week post conception	30	0.0	tpm	58735
E-MTAB-6814	heart	13 week post conception	31	0.0	tpm	58735
E-MTAB-6814	heart	13 week post conception	32	0.0	tpm	58735
E-MTAB-6814	heart	13 week post conception	33	0.0	tpm	58735
E-MTAB-6814	heart	13 week post conception	34	0.0	tpm	58735
E-MTAB-6814	heart	13 week post conception	35	0.0	tpm	58735
E-MTAB-6814	heart	13 week post conception	36	0.0	tpm	58735
E-MTAB-6814	heart	13 week post conception	37	0.0	tpm	58735
E-MTAB-6814	heart	13 week post conception	38	0.0	tpm	58735
E-MTAB-6814	heart	13 week post conception	39	0.0	tpm	58735
E-MTAB-6814	heart	13 week post conception	40	0.0	tpm	58735
E-MTAB-6814	heart	13 week post conception	41	0.0	tpm	58735
E-MTAB-6814	heart	13 week post conception	42	0.0	tpm	58735
E-MTAB-6814	heart	13 week post conception	43	0.0	tpm	58735
E-MTAB-6814	heart	13 week post conception	44	0.0	tpm	58735
E-MTAB-6814	heart	13 week post conception	45	0.0	tpm	58735
E-MTAB-6814	heart	13 week post conception	46	0.0	tpm	58735
E-MTAB-6814	heart	13 week post conception	47	0.0	tpm	58735
E-MTAB-6814	heart	13 week post conception	48	0.0	tpm	58735
E-MTAB-6814	heart	13 week post conception	49	0.0	tpm	58735
E-MTAB-6814	heart	13 week post conception	50	0.0	tpm	58735
E-MTAB-6814	heart	13 week post conception	51	0.0	tpm	58735
E-MTAB-6814	heart	13 week post conception	52	0.0	tpm	58735
E-MTAB-6814	heart	13 week post conception	53	0.0	tpm	58735
E-MTAB-6814	heart	13 week post conception	54	0.0	tpm	58735
E-MTAB-6814	heart	13 week post conception	55	0.0	tpm	58735
E-MTAB-6814	heart	13 week post conception	56	0.1	tpm	58735
E-MTAB-6814	heart	13 week post conception	57	0.1	tpm	58735
E-MTAB-6814	heart	13 week post conception	58	0.1	tpm	58735
E-MTAB-6814	heart	13 week post conception	59	0.2	tpm	58735
E-MTAB-6814	heart	13 week post conception	60	0.2	tpm	58735
E-MTAB-6814	heart	13 week post conception	61	0.2	tpm	58735
E-MTAB-6814	heart	13 week post conception	62	0.3	tpm	58735
E-MTAB-6814	heart	13 week post conception	63	0.4	tpm	58735
E-MTAB-6814	heart	13 week post conception	64	0.4	tpm	58735
E-MTAB-6814	heart	13 week post conception	65	0.5	tpm	58735
E-MTAB-6814	heart	13 week post conception	66	0.5	tpm	58735
E-MTAB-6814	heart	13 week post conception	67	0.6	tpm	58735
E-MTAB-6814	heart	13 week post conception	68	0.8	tpm	58735
E-MTAB-6814	heart	13 week post conception	69	0.9	tpm	58735
E-MTAB-6814	heart	13 week post conception	70	1.0	tpm	58735
E-MTAB-6814	heart	13 week post conception	71	1.0	tpm	58735
E-MTAB-6814	heart	13 week post conception	72	1.0	tpm	58735
E-MTAB-6814	heart	13 week post conception	73	2.0	tpm	58735
E-MTAB-6814	heart	13 week post conception	74	2.0	tpm	58735
E-MTAB-6814	heart	13 week post conception	75	2.0	tpm	58735
E-MTAB-6814	heart	13 week post conception	76	3.0	tpm	58735
E-MTAB-6814	heart	13 week post conception	77	3.0	tpm	58735
E-MTAB-6814	heart	13 week post conception	78	4.0	tpm	58735
E-MTAB-6814	heart	13 week post conception	79	4.0	tpm	58735
E-MTAB-6814	heart	13 week post conception	80	5.0	tpm	58735
E-MTAB-6814	heart	13 week post conception	81	6.0	tpm	58735
E-MTAB-6814	heart	13 week post conception	82	7.0	tpm	58735
E-MTAB-6814	heart	13 week post conception	83	8.0	tpm	58735
E-MTAB-6814	heart	13 week post conception	84	9.0	tpm	58735
E-MTAB-6814	heart	13 week post conception	85	10.0	tpm	58735
E-MTAB-6814	heart	13 week post conception	86	12.0	tpm	58735
E-MTAB-6814	heart	13 week post conception	87	14.0	tpm	58735
E-MTAB-6814	heart	13 week post conception	88	16.0	tpm	58735
E-MTAB-6814	heart	13 week post conception	89	18.0	tpm	58735
E-MTAB-6814	heart	13 week post conception	90	20.0	tpm	58735
E-MTAB-6814	heart	13 week post conception	91	23.0	tpm	58735
E-MTAB-6814	heart	13 week post conception	92	26.0	tpm	58735
E-MTAB-6814	heart	13 week post conception	93	30.0	tpm	58735
E-MTAB-6814	heart	13 week post conception	94	35.0	tpm	58735
E-MTAB-6814	heart	13 week post conception	95	41.0	tpm	58735
E-MTAB-6814	heart	13 week post conception	96	49.0	tpm	58735
E-MTAB-6814	heart	13 week post conception	97	64.0	tpm	58735
E-MTAB-6814	heart	13 week post conception	98	90.0	tpm	58735
E-MTAB-6814	heart	13 week post conception	99	163.0	tpm	58735
E-MTAB-6814	heart	13 week post conception	100	46961.0	tpm	58735
E-MTAB-6814	heart	16 week post conception	0	0.0	tpm	58735
E-MTAB-6814	heart	16 week post conception	1	0.0	tpm	58735
E-MTAB-6814	heart	16 week post conception	2	0.0	tpm	58735
E-MTAB-6814	heart	16 week post conception	3	0.0	tpm	58735
E-MTAB-6814	heart	16 week post conception	4	0.0	tpm	58735
E-MTAB-6814	heart	16 week post conception	5	0.0	tpm	58735
E-MTAB-6814	heart	16 week post conception	6	0.0	tpm	58735
E-MTAB-6814	heart	16 week post conception	7	0.0	tpm	58735
E-MTAB-6814	heart	16 week post conception	8	0.0	tpm	58735
E-MTAB-6814	heart	16 week post conception	9	0.0	tpm	58735
E-MTAB-6814	heart	16 week post conception	10	0.0	tpm	58735
E-MTAB-6814	heart	16 week post conception	11	0.0	tpm	58735
E-MTAB-6814	heart	16 week post conception	12	0.0	tpm	58735
E-MTAB-6814	heart	16 week post conception	13	0.0	tpm	58735
E-MTAB-6814	heart	16 week post conception	14	0.0	tpm	58735
E-MTAB-6814	heart	16 week post conception	15	0.0	tpm	58735
E-MTAB-6814	heart	16 week post conception	16	0.0	tpm	58735
E-MTAB-6814	heart	16 week post conception	17	0.0	tpm	58735
E-MTAB-6814	heart	16 week post conception	18	0.0	tpm	58735
E-MTAB-6814	heart	16 week post conception	19	0.0	tpm	58735
E-MTAB-6814	heart	16 week post conception	20	0.0	tpm	58735
E-MTAB-6814	heart	16 week post conception	21	0.0	tpm	58735
E-MTAB-6814	heart	16 week post conception	22	0.0	tpm	58735
E-MTAB-6814	heart	16 week post conception	23	0.0	tpm	58735
E-MTAB-6814	heart	16 week post conception	24	0.0	tpm	58735
E-MTAB-6814	heart	16 week post conception	25	0.0	tpm	58735
E-MTAB-6814	heart	16 week post conception	26	0.0	tpm	58735
E-MTAB-6814	heart	16 week post conception	27	0.0	tpm	58735
E-MTAB-6814	heart	16 week post conception	28	0.0	tpm	58735
E-MTAB-6814	heart	16 week post conception	29	0.0	tpm	58735
E-MTAB-6814	heart	16 week post conception	30	0.0	tpm	58735
E-MTAB-6814	heart	16 week post conception	31	0.0	tpm	58735
E-MTAB-6814	heart	16 week post conception	32	0.0	tpm	58735
E-MTAB-6814	heart	16 week post conception	33	0.0	tpm	58735
E-MTAB-6814	heart	16 week post conception	34	0.0	tpm	58735
E-MTAB-6814	heart	16 week post conception	35	0.0	tpm	58735
E-MTAB-6814	heart	16 week post conception	36	0.0	tpm	58735
E-MTAB-6814	heart	16 week post conception	37	0.0	tpm	58735
E-MTAB-6814	heart	16 week post conception	38	0.0	tpm	58735
E-MTAB-6814	heart	16 week post conception	39	0.0	tpm	58735
E-MTAB-6814	heart	16 week post conception	40	0.0	tpm	58735
E-MTAB-6814	heart	16 week post conception	41	0.0	tpm	58735
E-MTAB-6814	heart	16 week post conception	42	0.0	tpm	58735
E-MTAB-6814	heart	16 week post conception	43	0.0	tpm	58735
E-MTAB-6814	heart	16 week post conception	44	0.0	tpm	58735
E-MTAB-6814	heart	16 week post conception	45	0.0	tpm	58735
E-MTAB-6814	heart	16 week post conception	46	0.0	tpm	58735
E-MTAB-6814	heart	16 week post conception	47	0.0	tpm	58735
E-MTAB-6814	heart	16 week post conception	48	0.0	tpm	58735
E-MTAB-6814	heart	16 week post conception	49	0.0	tpm	58735
E-MTAB-6814	heart	16 week post conception	50	0.0	tpm	58735
E-MTAB-6814	heart	16 week post conception	51	0.0	tpm	58735
E-MTAB-6814	heart	16 week post conception	52	0.0	tpm	58735
E-MTAB-6814	heart	16 week post conception	53	0.0	tpm	58735
E-MTAB-6814	heart	16 week post conception	54	0.0	tpm	58735
E-MTAB-6814	heart	16 week post conception	55	0.1	tpm	58735
E-MTAB-6814	heart	16 week post conception	56	0.1	tpm	58735
E-MTAB-6814	heart	16 week post conception	57	0.2	tpm	58735
E-MTAB-6814	heart	16 week post conception	58	0.2	tpm	58735
E-MTAB-6814	heart	16 week post conception	59	0.2	tpm	58735
E-MTAB-6814	heart	16 week post conception	60	0.3	tpm	58735
E-MTAB-6814	heart	16 week post conception	61	0.3	tpm	58735
E-MTAB-6814	heart	16 week post conception	62	0.4	tpm	58735
E-MTAB-6814	heart	16 week post conception	63	0.4	tpm	58735
E-MTAB-6814	heart	16 week post conception	64	0.5	tpm	58735
E-MTAB-6814	heart	16 week post conception	65	0.6	tpm	58735
E-MTAB-6814	heart	16 week post conception	66	0.7	tpm	58735
E-MTAB-6814	heart	16 week post conception	67	0.8	tpm	58735
E-MTAB-6814	heart	16 week post conception	68	0.9	tpm	58735
E-MTAB-6814	heart	16 week post conception	69	1.0	tpm	58735
E-MTAB-6814	heart	16 week post conception	70	1.0	tpm	58735
E-MTAB-6814	heart	16 week post conception	71	1.0	tpm	58735
E-MTAB-6814	heart	16 week post conception	72	2.0	tpm	58735
E-MTAB-6814	heart	16 week post conception	73	2.0	tpm	58735
E-MTAB-6814	heart	16 week post conception	74	2.0	tpm	58735
E-MTAB-6814	heart	16 week post conception	75	2.0	tpm	58735
E-MTAB-6814	heart	16 week post conception	76	3.0	tpm	58735
E-MTAB-6814	heart	16 week post conception	77	3.0	tpm	58735
E-MTAB-6814	heart	16 week post conception	78	4.0	tpm	58735
E-MTAB-6814	heart	16 week post conception	79	4.0	tpm	58735
E-MTAB-6814	heart	16 week post conception	80	5.0	tpm	58735
E-MTAB-6814	heart	16 week post conception	81	6.0	tpm	58735
E-MTAB-6814	heart	16 week post conception	82	7.0	tpm	58735
E-MTAB-6814	heart	16 week post conception	83	8.0	tpm	58735
E-MTAB-6814	heart	16 week post conception	84	9.0	tpm	58735
E-MTAB-6814	heart	16 week post conception	85	11.0	tpm	58735
E-MTAB-6814	heart	16 week post conception	86	13.0	tpm	58735
E-MTAB-6814	heart	16 week post conception	87	14.0	tpm	58735
E-MTAB-6814	heart	16 week post conception	88	17.0	tpm	58735
E-MTAB-6814	heart	16 week post conception	89	19.0	tpm	58735
E-MTAB-6814	heart	16 week post conception	90	22.0	tpm	58735
E-MTAB-6814	heart	16 week post conception	91	25.0	tpm	58735
E-MTAB-6814	heart	16 week post conception	92	28.0	tpm	58735
E-MTAB-6814	heart	16 week post conception	93	33.0	tpm	58735
E-MTAB-6814	heart	16 week post conception	94	38.0	tpm	58735
E-MTAB-6814	heart	16 week post conception	95	45.0	tpm	58735
E-MTAB-6814	heart	16 week post conception	96	54.0	tpm	58735
E-MTAB-6814	heart	16 week post conception	97	69.0	tpm	58735
E-MTAB-6814	heart	16 week post conception	98	93.0	tpm	58735
E-MTAB-6814	heart	16 week post conception	99	158.0	tpm	58735
E-MTAB-6814	heart	16 week post conception	100	49716.0	tpm	58735
E-MTAB-6814	heart	18 week post conception	0	0.0	tpm	58735
E-MTAB-6814	heart	18 week post conception	1	0.0	tpm	58735
E-MTAB-6814	heart	18 week post conception	2	0.0	tpm	58735
E-MTAB-6814	heart	18 week post conception	3	0.0	tpm	58735
E-MTAB-6814	heart	18 week post conception	4	0.0	tpm	58735
E-MTAB-6814	heart	18 week post conception	5	0.0	tpm	58735
E-MTAB-6814	heart	18 week post conception	6	0.0	tpm	58735
E-MTAB-6814	heart	18 week post conception	7	0.0	tpm	58735
E-MTAB-6814	heart	18 week post conception	8	0.0	tpm	58735
E-MTAB-6814	heart	18 week post conception	9	0.0	tpm	58735
E-MTAB-6814	heart	18 week post conception	10	0.0	tpm	58735
E-MTAB-6814	heart	18 week post conception	11	0.0	tpm	58735
E-MTAB-6814	heart	18 week post conception	12	0.0	tpm	58735
E-MTAB-6814	heart	18 week post conception	13	0.0	tpm	58735
E-MTAB-6814	heart	18 week post conception	14	0.0	tpm	58735
E-MTAB-6814	heart	18 week post conception	15	0.0	tpm	58735
E-MTAB-6814	heart	18 week post conception	16	0.0	tpm	58735
E-MTAB-6814	heart	18 week post conception	17	0.0	tpm	58735
E-MTAB-6814	heart	18 week post conception	18	0.0	tpm	58735
E-MTAB-6814	heart	18 week post conception	19	0.0	tpm	58735
E-MTAB-6814	heart	18 week post conception	20	0.0	tpm	58735
E-MTAB-6814	heart	18 week post conception	21	0.0	tpm	58735
E-MTAB-6814	heart	18 week post conception	22	0.0	tpm	58735
E-MTAB-6814	heart	18 week post conception	23	0.0	tpm	58735
E-MTAB-6814	heart	18 week post conception	24	0.0	tpm	58735
E-MTAB-6814	heart	18 week post conception	25	0.0	tpm	58735
E-MTAB-6814	heart	18 week post conception	26	0.0	tpm	58735
E-MTAB-6814	heart	18 week post conception	27	0.0	tpm	58735
E-MTAB-6814	heart	18 week post conception	28	0.0	tpm	58735
E-MTAB-6814	heart	18 week post conception	29	0.0	tpm	58735
E-MTAB-6814	heart	18 week post conception	30	0.0	tpm	58735
E-MTAB-6814	heart	18 week post conception	31	0.0	tpm	58735
E-MTAB-6814	heart	18 week post conception	32	0.0	tpm	58735
E-MTAB-6814	heart	18 week post conception	33	0.0	tpm	58735
E-MTAB-6814	heart	18 week post conception	34	0.0	tpm	58735
E-MTAB-6814	heart	18 week post conception	35	0.0	tpm	58735
E-MTAB-6814	heart	18 week post conception	36	0.0	tpm	58735
E-MTAB-6814	heart	18 week post conception	37	0.0	tpm	58735
E-MTAB-6814	heart	18 week post conception	38	0.0	tpm	58735
E-MTAB-6814	heart	18 week post conception	39	0.0	tpm	58735
E-MTAB-6814	heart	18 week post conception	40	0.0	tpm	58735
E-MTAB-6814	heart	18 week post conception	41	0.0	tpm	58735
E-MTAB-6814	heart	18 week post conception	42	0.0	tpm	58735
E-MTAB-6814	heart	18 week post conception	43	0.0	tpm	58735
E-MTAB-6814	heart	18 week post conception	44	0.0	tpm	58735
E-MTAB-6814	heart	18 week post conception	45	0.0	tpm	58735
E-MTAB-6814	heart	18 week post conception	46	0.0	tpm	58735
E-MTAB-6814	heart	18 week post conception	47	0.0	tpm	58735
E-MTAB-6814	heart	18 week post conception	48	0.0	tpm	58735
E-MTAB-6814	heart	18 week post conception	49	0.0	tpm	58735
E-MTAB-6814	heart	18 week post conception	50	0.0	tpm	58735
E-MTAB-6814	heart	18 week post conception	51	0.1	tpm	58735
E-MTAB-6814	heart	18 week post conception	52	0.1	tpm	58735
E-MTAB-6814	heart	18 week post conception	53	0.1	tpm	58735
E-MTAB-6814	heart	18 week post conception	54	0.2	tpm	58735
E-MTAB-6814	heart	18 week post conception	55	0.2	tpm	58735
E-MTAB-6814	heart	18 week post conception	56	0.3	tpm	58735
E-MTAB-6814	heart	18 week post conception	57	0.3	tpm	58735
E-MTAB-6814	heart	18 week post conception	58	0.4	tpm	58735
E-MTAB-6814	heart	18 week post conception	59	0.4	tpm	58735
E-MTAB-6814	heart	18 week post conception	60	0.5	tpm	58735
E-MTAB-6814	heart	18 week post conception	61	0.6	tpm	58735
E-MTAB-6814	heart	18 week post conception	62	0.7	tpm	58735
E-MTAB-6814	heart	18 week post conception	63	0.7	tpm	58735
E-MTAB-6814	heart	18 week post conception	64	0.8	tpm	58735
E-MTAB-6814	heart	18 week post conception	65	0.9	tpm	58735
E-MTAB-6814	heart	18 week post conception	66	1.0	tpm	58735
E-MTAB-6814	heart	18 week post conception	67	1.0	tpm	58735
E-MTAB-6814	heart	18 week post conception	68	1.0	tpm	58735
E-MTAB-6814	heart	18 week post conception	69	2.0	tpm	58735
E-MTAB-6814	heart	18 week post conception	70	2.0	tpm	58735
E-MTAB-6814	heart	18 week post conception	71	2.0	tpm	58735
E-MTAB-6814	heart	18 week post conception	72	2.0	tpm	58735
E-MTAB-6814	heart	18 week post conception	73	3.0	tpm	58735
E-MTAB-6814	heart	18 week post conception	74	3.0	tpm	58735
E-MTAB-6814	heart	18 week post conception	75	3.0	tpm	58735
E-MTAB-6814	heart	18 week post conception	76	4.0	tpm	58735
E-MTAB-6814	heart	18 week post conception	77	4.0	tpm	58735
E-MTAB-6814	heart	18 week post conception	78	5.0	tpm	58735
E-MTAB-6814	heart	18 week post conception	79	6.0	tpm	58735
E-MTAB-6814	heart	18 week post conception	80	7.0	tpm	58735
E-MTAB-6814	heart	18 week post conception	81	8.0	tpm	58735
E-MTAB-6814	heart	18 week post conception	82	9.0	tpm	58735
E-MTAB-6814	heart	18 week post conception	83	10.0	tpm	58735
E-MTAB-6814	heart	18 week post conception	84	11.0	tpm	58735
E-MTAB-6814	heart	18 week post conception	85	13.0	tpm	58735
E-MTAB-6814	heart	18 week post conception	86	15.0	tpm	58735
E-MTAB-6814	heart	18 week post conception	87	16.0	tpm	58735
E-MTAB-6814	heart	18 week post conception	88	18.0	tpm	58735
E-MTAB-6814	heart	18 week post conception	89	21.0	tpm	58735
E-MTAB-6814	heart	18 week post conception	90	23.0	tpm	58735
E-MTAB-6814	heart	18 week post conception	91	26.0	tpm	58735
E-MTAB-6814	heart	18 week post conception	92	30.0	tpm	58735
E-MTAB-6814	heart	18 week post conception	93	34.0	tpm	58735
E-MTAB-6814	heart	18 week post conception	94	39.0	tpm	58735
E-MTAB-6814	heart	18 week post conception	95	46.0	tpm	58735
E-MTAB-6814	heart	18 week post conception	96	54.0	tpm	58735
E-MTAB-6814	heart	18 week post conception	97	69.0	tpm	58735
E-MTAB-6814	heart	18 week post conception	98	94.0	tpm	58735
E-MTAB-6814	heart	18 week post conception	99	166.0	tpm	58735
E-MTAB-6814	heart	18 week post conception	100	52571.0	tpm	58735
E-MTAB-6814	heart	19 week post conception	0	0.0	tpm	58735
E-MTAB-6814	heart	19 week post conception	1	0.0	tpm	58735
E-MTAB-6814	heart	19 week post conception	2	0.0	tpm	58735
E-MTAB-6814	heart	19 week post conception	3	0.0	tpm	58735
E-MTAB-6814	heart	19 week post conception	4	0.0	tpm	58735
E-MTAB-6814	heart	19 week post conception	5	0.0	tpm	58735
E-MTAB-6814	heart	19 week post conception	6	0.0	tpm	58735
E-MTAB-6814	heart	19 week post conception	7	0.0	tpm	58735
E-MTAB-6814	heart	19 week post conception	8	0.0	tpm	58735
E-MTAB-6814	heart	19 week post conception	9	0.0	tpm	58735
E-MTAB-6814	heart	19 week post conception	10	0.0	tpm	58735
E-MTAB-6814	heart	19 week post conception	11	0.0	tpm	58735
E-MTAB-6814	heart	19 week post conception	12	0.0	tpm	58735
E-MTAB-6814	heart	19 week post conception	13	0.0	tpm	58735
E-MTAB-6814	heart	19 week post conception	14	0.0	tpm	58735
E-MTAB-6814	heart	19 week post conception	15	0.0	tpm	58735
E-MTAB-6814	heart	19 week post conception	16	0.0	tpm	58735
E-MTAB-6814	heart	19 week post conception	17	0.0	tpm	58735
E-MTAB-6814	heart	19 week post conception	18	0.0	tpm	58735
E-MTAB-6814	heart	19 week post conception	19	0.0	tpm	58735
E-MTAB-6814	heart	19 week post conception	20	0.0	tpm	58735
E-MTAB-6814	heart	19 week post conception	21	0.0	tpm	58735
E-MTAB-6814	heart	19 week post conception	22	0.0	tpm	58735
E-MTAB-6814	heart	19 week post conception	23	0.0	tpm	58735
E-MTAB-6814	heart	19 week post conception	24	0.0	tpm	58735
E-MTAB-6814	heart	19 week post conception	25	0.0	tpm	58735
E-MTAB-6814	heart	19 week post conception	26	0.0	tpm	58735
E-MTAB-6814	heart	19 week post conception	27	0.0	tpm	58735
E-MTAB-6814	heart	19 week post conception	28	0.0	tpm	58735
E-MTAB-6814	heart	19 week post conception	29	0.0	tpm	58735
E-MTAB-6814	heart	19 week post conception	30	0.0	tpm	58735
E-MTAB-6814	heart	19 week post conception	31	0.0	tpm	58735
E-MTAB-6814	heart	19 week post conception	32	0.0	tpm	58735
E-MTAB-6814	heart	19 week post conception	33	0.0	tpm	58735
E-MTAB-6814	heart	19 week post conception	34	0.0	tpm	58735
E-MTAB-6814	heart	19 week post conception	35	0.0	tpm	58735
E-MTAB-6814	heart	19 week post conception	36	0.0	tpm	58735
E-MTAB-6814	heart	19 week post conception	37	0.0	tpm	58735
E-MTAB-6814	heart	19 week post conception	38	0.0	tpm	58735
E-MTAB-6814	heart	19 week post conception	39	0.0	tpm	58735
E-MTAB-6814	heart	19 week post conception	40	0.0	tpm	58735
E-MTAB-6814	heart	19 week post conception	41	0.0	tpm	58735
E-MTAB-6814	heart	19 week post conception	42	0.0	tpm	58735
E-MTAB-6814	heart	19 week post conception	43	0.0	tpm	58735
E-MTAB-6814	heart	19 week post conception	44	0.0	tpm	58735
E-MTAB-6814	heart	19 week post conception	45	0.0	tpm	58735
E-MTAB-6814	heart	19 week post conception	46	0.0	tpm	58735
E-MTAB-6814	heart	19 week post conception	47	0.0	tpm	58735
E-MTAB-6814	heart	19 week post conception	48	0.0	tpm	58735
E-MTAB-6814	heart	19 week post conception	49	0.0	tpm	58735
E-MTAB-6814	heart	19 week post conception	50	0.0	tpm	58735
E-MTAB-6814	heart	19 week post conception	51	0.0	tpm	58735
E-MTAB-6814	heart	19 week post conception	52	0.0	tpm	58735
E-MTAB-6814	heart	19 week post conception	53	0.0	tpm	58735
E-MTAB-6814	heart	19 week post conception	54	0.0	tpm	58735
E-MTAB-6814	heart	19 week post conception	55	0.0	tpm	58735
E-MTAB-6814	heart	19 week post conception	56	0.1	tpm	58735
E-MTAB-6814	heart	19 week post conception	57	0.1	tpm	58735
E-MTAB-6814	heart	19 week post conception	58	0.1	tpm	58735
E-MTAB-6814	heart	19 week post conception	59	0.1	tpm	58735
E-MTAB-6814	heart	19 week post conception	60	0.2	tpm	58735
E-MTAB-6814	heart	19 week post conception	61	0.2	tpm	58735
E-MTAB-6814	heart	19 week post conception	62	0.2	tpm	58735
E-MTAB-6814	heart	19 week post conception	63	0.3	tpm	58735
E-MTAB-6814	heart	19 week post conception	64	0.3	tpm	58735
E-MTAB-6814	heart	19 week post conception	65	0.3	tpm	58735
E-MTAB-6814	heart	19 week post conception	66	0.4	tpm	58735
E-MTAB-6814	heart	19 week post conception	67	0.4	tpm	58735
E-MTAB-6814	heart	19 week post conception	68	0.5	tpm	58735
E-MTAB-6814	heart	19 week post conception	69	0.6	tpm	58735
E-MTAB-6814	heart	19 week post conception	70	0.7	tpm	58735
E-MTAB-6814	heart	19 week post conception	71	0.8	tpm	58735
E-MTAB-6814	heart	19 week post conception	72	0.9	tpm	58735
E-MTAB-6814	heart	19 week post conception	73	1.0	tpm	58735
E-MTAB-6814	heart	19 week post conception	74	1.0	tpm	58735
E-MTAB-6814	heart	19 week post conception	75	1.0	tpm	58735
E-MTAB-6814	heart	19 week post conception	76	2.0	tpm	58735
E-MTAB-6814	heart	19 week post conception	77	2.0	tpm	58735
E-MTAB-6814	heart	19 week post conception	78	3.0	tpm	58735
E-MTAB-6814	heart	19 week post conception	79	3.0	tpm	58735
E-MTAB-6814	heart	19 week post conception	80	4.0	tpm	58735
E-MTAB-6814	heart	19 week post conception	81	4.0	tpm	58735
E-MTAB-6814	heart	19 week post conception	82	5.0	tpm	58735
E-MTAB-6814	heart	19 week post conception	83	6.0	tpm	58735
E-MTAB-6814	heart	19 week post conception	84	7.0	tpm	58735
E-MTAB-6814	heart	19 week post conception	85	8.0	tpm	58735
E-MTAB-6814	heart	19 week post conception	86	9.0	tpm	58735
E-MTAB-6814	heart	19 week post conception	87	10.0	tpm	58735
E-MTAB-6814	heart	19 week post conception	88	12.0	tpm	58735
E-MTAB-6814	heart	19 week post conception	89	13.0	tpm	58735
E-MTAB-6814	heart	19 week post conception	90	15.0	tpm	58735
E-MTAB-6814	heart	19 week post conception	91	17.0	tpm	58735
E-MTAB-6814	heart	19 week post conception	92	20.0	tpm	58735
E-MTAB-6814	heart	19 week post conception	93	23.0	tpm	58735
E-MTAB-6814	heart	19 week post conception	94	27.0	tpm	58735
E-MTAB-6814	heart	19 week post conception	95	32.0	tpm	58735
E-MTAB-6814	heart	19 week post conception	96	40.0	tpm	58735
E-MTAB-6814	heart	19 week post conception	97	52.0	tpm	58735
E-MTAB-6814	heart	19 week post conception	98	74.0	tpm	58735
E-MTAB-6814	heart	19 week post conception	99	135.0	tpm	58735
E-MTAB-6814	heart	19 week post conception	100	68473.0	tpm	58735
E-MTAB-6814	heart	4 week post conception	0	0.0	tpm	58735
E-MTAB-6814	heart	4 week post conception	1	0.0	tpm	58735
E-MTAB-6814	heart	4 week post conception	2	0.0	tpm	58735
E-MTAB-6814	heart	4 week post conception	3	0.0	tpm	58735
E-MTAB-6814	heart	4 week post conception	4	0.0	tpm	58735
E-MTAB-6814	heart	4 week post conception	5	0.0	tpm	58735
E-MTAB-6814	heart	4 week post conception	6	0.0	tpm	58735
E-MTAB-6814	heart	4 week post conception	7	0.0	tpm	58735
E-MTAB-6814	heart	4 week post conception	8	0.0	tpm	58735
E-MTAB-6814	heart	4 week post conception	9	0.0	tpm	58735
E-MTAB-6814	heart	4 week post conception	10	0.0	tpm	58735
E-MTAB-6814	heart	4 week post conception	11	0.0	tpm	58735
E-MTAB-6814	heart	4 week post conception	12	0.0	tpm	58735
E-MTAB-6814	heart	4 week post conception	13	0.0	tpm	58735
E-MTAB-6814	heart	4 week post conception	14	0.0	tpm	58735
E-MTAB-6814	heart	4 week post conception	15	0.0	tpm	58735
E-MTAB-6814	heart	4 week post conception	16	0.0	tpm	58735
E-MTAB-6814	heart	4 week post conception	17	0.0	tpm	58735
E-MTAB-6814	heart	4 week post conception	18	0.0	tpm	58735
E-MTAB-6814	heart	4 week post conception	19	0.0	tpm	58735
E-MTAB-6814	heart	4 week post conception	20	0.0	tpm	58735
E-MTAB-6814	heart	4 week post conception	21	0.0	tpm	58735
E-MTAB-6814	heart	4 week post conception	22	0.0	tpm	58735
E-MTAB-6814	heart	4 week post conception	23	0.0	tpm	58735
E-MTAB-6814	heart	4 week post conception	24	0.0	tpm	58735
E-MTAB-6814	heart	4 week post conception	25	0.0	tpm	58735
E-MTAB-6814	heart	4 week post conception	26	0.0	tpm	58735
E-MTAB-6814	heart	4 week post conception	27	0.0	tpm	58735
E-MTAB-6814	heart	4 week post conception	28	0.0	tpm	58735
E-MTAB-6814	heart	4 week post conception	29	0.0	tpm	58735
E-MTAB-6814	heart	4 week post conception	30	0.0	tpm	58735
E-MTAB-6814	heart	4 week post conception	31	0.0	tpm	58735
E-MTAB-6814	heart	4 week post conception	32	0.0	tpm	58735
E-MTAB-6814	heart	4 week post conception	33	0.0	tpm	58735
E-MTAB-6814	heart	4 week post conception	34	0.0	tpm	58735
E-MTAB-6814	heart	4 week post conception	35	0.0	tpm	58735
E-MTAB-6814	heart	4 week post conception	36	0.0	tpm	58735
E-MTAB-6814	heart	4 week post conception	37	0.0	tpm	58735
E-MTAB-6814	heart	4 week post conception	38	0.0	tpm	58735
E-MTAB-6814	heart	4 week post conception	39	0.0	tpm	58735
E-MTAB-6814	heart	4 week post conception	40	0.0	tpm	58735
E-MTAB-6814	heart	4 week post conception	41	0.0	tpm	58735
E-MTAB-6814	heart	4 week post conception	42	0.0	tpm	58735
E-MTAB-6814	heart	4 week post conception	43	0.0	tpm	58735
E-MTAB-6814	heart	4 week post conception	44	0.0	tpm	58735
E-MTAB-6814	heart	4 week post conception	45	0.0	tpm	58735
E-MTAB-6814	heart	4 week post conception	46	0.0	tpm	58735
E-MTAB-6814	heart	4 week post conception	47	0.1	tpm	58735
E-MTAB-6814	heart	4 week post conception	48	0.1	tpm	58735
E-MTAB-6814	heart	4 week post conception	49	0.1	tpm	58735
E-MTAB-6814	heart	4 week post conception	50	0.1	tpm	58735
E-MTAB-6814	heart	4 week post conception	51	0.2	tpm	58735
E-MTAB-6814	heart	4 week post conception	52	0.2	tpm	58735
E-MTAB-6814	heart	4 week post conception	53	0.2	tpm	58735
E-MTAB-6814	heart	4 week post conception	54	0.3	tpm	58735
E-MTAB-6814	heart	4 week post conception	55	0.3	tpm	58735
E-MTAB-6814	heart	4 week post conception	56	0.3	tpm	58735
E-MTAB-6814	heart	4 week post conception	57	0.4	tpm	58735
E-MTAB-6814	heart	4 week post conception	58	0.4	tpm	58735
E-MTAB-6814	heart	4 week post conception	59	0.5	tpm	58735
E-MTAB-6814	heart	4 week post conception	60	0.6	tpm	58735
E-MTAB-6814	heart	4 week post conception	61	0.6	tpm	58735
E-MTAB-6814	heart	4 week post conception	62	0.7	tpm	58735
E-MTAB-6814	heart	4 week post conception	63	0.8	tpm	58735
E-MTAB-6814	heart	4 week post conception	64	0.9	tpm	58735
E-MTAB-6814	heart	4 week post conception	65	1.0	tpm	58735
E-MTAB-6814	heart	4 week post conception	66	1.0	tpm	58735
E-MTAB-6814	heart	4 week post conception	67	1.0	tpm	58735
E-MTAB-6814	heart	4 week post conception	68	1.0	tpm	58735
E-MTAB-6814	heart	4 week post conception	69	2.0	tpm	58735
E-MTAB-6814	heart	4 week post conception	70	2.0	tpm	58735
E-MTAB-6814	heart	4 week post conception	71	2.0	tpm	58735
E-MTAB-6814	heart	4 week post conception	72	2.0	tpm	58735
E-MTAB-6814	heart	4 week post conception	73	3.0	tpm	58735
E-MTAB-6814	heart	4 week post conception	74	3.0	tpm	58735
E-MTAB-6814	heart	4 week post conception	75	3.0	tpm	58735
E-MTAB-6814	heart	4 week post conception	76	4.0	tpm	58735
E-MTAB-6814	heart	4 week post conception	77	4.0	tpm	58735
E-MTAB-6814	heart	4 week post conception	78	5.0	tpm	58735
E-MTAB-6814	heart	4 week post conception	79	6.0	tpm	58735
E-MTAB-6814	heart	4 week post conception	80	7.0	tpm	58735
E-MTAB-6814	heart	4 week post conception	81	8.0	tpm	58735
E-MTAB-6814	heart	4 week post conception	82	9.0	tpm	58735
E-MTAB-6814	heart	4 week post conception	83	11.0	tpm	58735
E-MTAB-6814	heart	4 week post conception	84	13.0	tpm	58735
E-MTAB-6814	heart	4 week post conception	85	15.0	tpm	58735
E-MTAB-6814	heart	4 week post conception	86	17.0	tpm	58735
E-MTAB-6814	heart	4 week post conception	87	19.0	tpm	58735
E-MTAB-6814	heart	4 week post conception	88	22.0	tpm	58735
E-MTAB-6814	heart	4 week post conception	89	25.0	tpm	58735
E-MTAB-6814	heart	4 week post conception	90	28.0	tpm	58735
E-MTAB-6814	heart	4 week post conception	91	32.0	tpm	58735
E-MTAB-6814	heart	4 week post conception	92	37.0	tpm	58735
E-MTAB-6814	heart	4 week post conception	93	42.0	tpm	58735
E-MTAB-6814	heart	4 week post conception	94	48.0	tpm	58735
E-MTAB-6814	heart	4 week post conception	95	57.0	tpm	58735
E-MTAB-6814	heart	4 week post conception	96	68.0	tpm	58735
E-MTAB-6814	heart	4 week post conception	97	86.0	tpm	58735
E-MTAB-6814	heart	4 week post conception	98	118.32	tpm	58735
E-MTAB-6814	heart	4 week post conception	99	205.66	tpm	58735
E-MTAB-6814	heart	4 week post conception	100	34090.0	tpm	58735
E-MTAB-6814	heart	5 week post conception	0	0.0	tpm	58735
E-MTAB-6814	heart	5 week post conception	1	0.0	tpm	58735
E-MTAB-6814	heart	5 week post conception	2	0.0	tpm	58735
E-MTAB-6814	heart	5 week post conception	3	0.0	tpm	58735
E-MTAB-6814	heart	5 week post conception	4	0.0	tpm	58735
E-MTAB-6814	heart	5 week post conception	5	0.0	tpm	58735
E-MTAB-6814	heart	5 week post conception	6	0.0	tpm	58735
E-MTAB-6814	heart	5 week post conception	7	0.0	tpm	58735
E-MTAB-6814	heart	5 week post conception	8	0.0	tpm	58735
E-MTAB-6814	heart	5 week post conception	9	0.0	tpm	58735
E-MTAB-6814	heart	5 week post conception	10	0.0	tpm	58735
E-MTAB-6814	heart	5 week post conception	11	0.0	tpm	58735
E-MTAB-6814	heart	5 week post conception	12	0.0	tpm	58735
E-MTAB-6814	heart	5 week post conception	13	0.0	tpm	58735
E-MTAB-6814	heart	5 week post conception	14	0.0	tpm	58735
E-MTAB-6814	heart	5 week post conception	15	0.0	tpm	58735
E-MTAB-6814	heart	5 week post conception	16	0.0	tpm	58735
E-MTAB-6814	heart	5 week post conception	17	0.0	tpm	58735
E-MTAB-6814	heart	5 week post conception	18	0.0	tpm	58735
E-MTAB-6814	heart	5 week post conception	19	0.0	tpm	58735
E-MTAB-6814	heart	5 week post conception	20	0.0	tpm	58735
E-MTAB-6814	heart	5 week post conception	21	0.0	tpm	58735
E-MTAB-6814	heart	5 week post conception	22	0.0	tpm	58735
E-MTAB-6814	heart	5 week post conception	23	0.0	tpm	58735
E-MTAB-6814	heart	5 week post conception	24	0.0	tpm	58735
E-MTAB-6814	heart	5 week post conception	25	0.0	tpm	58735
E-MTAB-6814	heart	5 week post conception	26	0.0	tpm	58735
E-MTAB-6814	heart	5 week post conception	27	0.0	tpm	58735
E-MTAB-6814	heart	5 week post conception	28	0.0	tpm	58735
E-MTAB-6814	heart	5 week post conception	29	0.0	tpm	58735
E-MTAB-6814	heart	5 week post conception	30	0.0	tpm	58735
E-MTAB-6814	heart	5 week post conception	31	0.0	tpm	58735
E-MTAB-6814	heart	5 week post conception	32	0.0	tpm	58735
E-MTAB-6814	heart	5 week post conception	33	0.0	tpm	58735
E-MTAB-6814	heart	5 week post conception	34	0.0	tpm	58735
E-MTAB-6814	heart	5 week post conception	35	0.0	tpm	58735
E-MTAB-6814	heart	5 week post conception	36	0.0	tpm	58735
E-MTAB-6814	heart	5 week post conception	37	0.0	tpm	58735
E-MTAB-6814	heart	5 week post conception	38	0.0	tpm	58735
E-MTAB-6814	heart	5 week post conception	39	0.0	tpm	58735
E-MTAB-6814	heart	5 week post conception	40	0.0	tpm	58735
E-MTAB-6814	heart	5 week post conception	41	0.0	tpm	58735
E-MTAB-6814	heart	5 week post conception	42	0.0	tpm	58735
E-MTAB-6814	heart	5 week post conception	43	0.0	tpm	58735
E-MTAB-6814	heart	5 week post conception	44	0.1	tpm	58735
E-MTAB-6814	heart	5 week post conception	45	0.1	tpm	58735
E-MTAB-6814	heart	5 week post conception	46	0.1	tpm	58735
E-MTAB-6814	heart	5 week post conception	47	0.1	tpm	58735
E-MTAB-6814	heart	5 week post conception	48	0.1	tpm	58735
E-MTAB-6814	heart	5 week post conception	49	0.1	tpm	58735
E-MTAB-6814	heart	5 week post conception	50	0.2	tpm	58735
E-MTAB-6814	heart	5 week post conception	51	0.2	tpm	58735
E-MTAB-6814	heart	5 week post conception	52	0.2	tpm	58735
E-MTAB-6814	heart	5 week post conception	53	0.2	tpm	58735
E-MTAB-6814	heart	5 week post conception	54	0.3	tpm	58735
E-MTAB-6814	heart	5 week post conception	55	0.3	tpm	58735
E-MTAB-6814	heart	5 week post conception	56	0.4	tpm	58735
E-MTAB-6814	heart	5 week post conception	57	0.4	tpm	58735
E-MTAB-6814	heart	5 week post conception	58	0.4	tpm	58735
E-MTAB-6814	heart	5 week post conception	59	0.5	tpm	58735
E-MTAB-6814	heart	5 week post conception	60	0.6	tpm	58735
E-MTAB-6814	heart	5 week post conception	61	0.6	tpm	58735
E-MTAB-6814	heart	5 week post conception	62	0.7	tpm	58735
E-MTAB-6814	heart	5 week post conception	63	0.8	tpm	58735
E-MTAB-6814	heart	5 week post conception	64	0.9	tpm	58735
E-MTAB-6814	heart	5 week post conception	65	1.0	tpm	58735
E-MTAB-6814	heart	5 week post conception	66	1.0	tpm	58735
E-MTAB-6814	heart	5 week post conception	67	1.0	tpm	58735
E-MTAB-6814	heart	5 week post conception	68	1.0	tpm	58735
E-MTAB-6814	heart	5 week post conception	69	2.0	tpm	58735
E-MTAB-6814	heart	5 week post conception	70	2.0	tpm	58735
E-MTAB-6814	heart	5 week post conception	71	2.0	tpm	58735
E-MTAB-6814	heart	5 week post conception	72	2.0	tpm	58735
E-MTAB-6814	heart	5 week post conception	73	3.0	tpm	58735
E-MTAB-6814	heart	5 week post conception	74	3.0	tpm	58735
E-MTAB-6814	heart	5 week post conception	75	4.0	tpm	58735
E-MTAB-6814	heart	5 week post conception	76	4.0	tpm	58735
E-MTAB-6814	heart	5 week post conception	77	5.0	tpm	58735
E-MTAB-6814	heart	5 week post conception	78	6.0	tpm	58735
E-MTAB-6814	heart	5 week post conception	79	7.0	tpm	58735
E-MTAB-6814	heart	5 week post conception	80	8.0	tpm	58735
E-MTAB-6814	heart	5 week post conception	81	9.0	tpm	58735
E-MTAB-6814	heart	5 week post conception	82	10.0	tpm	58735
E-MTAB-6814	heart	5 week post conception	83	12.0	tpm	58735
E-MTAB-6814	heart	5 week post conception	84	14.0	tpm	58735
E-MTAB-6814	heart	5 week post conception	85	16.0	tpm	58735
E-MTAB-6814	heart	5 week post conception	86	18.0	tpm	58735
E-MTAB-6814	heart	5 week post conception	87	20.0	tpm	58735
E-MTAB-6814	heart	5 week post conception	88	22.92	tpm	58735
E-MTAB-6814	heart	5 week post conception	89	25.0	tpm	58735
E-MTAB-6814	heart	5 week post conception	90	28.0	tpm	58735
E-MTAB-6814	heart	5 week post conception	91	32.0	tpm	58735
E-MTAB-6814	heart	5 week post conception	92	36.0	tpm	58735
E-MTAB-6814	heart	5 week post conception	93	41.0	tpm	58735
E-MTAB-6814	heart	5 week post conception	94	47.0	tpm	58735
E-MTAB-6814	heart	5 week post conception	95	55.0	tpm	58735
E-MTAB-6814	heart	5 week post conception	96	66.0	tpm	58735
E-MTAB-6814	heart	5 week post conception	97	81.0	tpm	58735
E-MTAB-6814	heart	5 week post conception	98	111.0	tpm	58735
E-MTAB-6814	heart	5 week post conception	99	191.0	tpm	58735
E-MTAB-6814	heart	5 week post conception	100	30778.0	tpm	58735
E-MTAB-6814	heart	6 week post conception	0	0.0	tpm	58735
E-MTAB-6814	heart	6 week post conception	1	0.0	tpm	58735
E-MTAB-6814	heart	6 week post conception	2	0.0	tpm	58735
E-MTAB-6814	heart	6 week post conception	3	0.0	tpm	58735
E-MTAB-6814	heart	6 week post conception	4	0.0	tpm	58735
E-MTAB-6814	heart	6 week post conception	5	0.0	tpm	58735
E-MTAB-6814	heart	6 week post conception	6	0.0	tpm	58735
E-MTAB-6814	heart	6 week post conception	7	0.0	tpm	58735
E-MTAB-6814	heart	6 week post conception	8	0.0	tpm	58735
E-MTAB-6814	heart	6 week post conception	9	0.0	tpm	58735
E-MTAB-6814	heart	6 week post conception	10	0.0	tpm	58735
E-MTAB-6814	heart	6 week post conception	11	0.0	tpm	58735
E-MTAB-6814	heart	6 week post conception	12	0.0	tpm	58735
E-MTAB-6814	heart	6 week post conception	13	0.0	tpm	58735
E-MTAB-6814	heart	6 week post conception	14	0.0	tpm	58735
E-MTAB-6814	heart	6 week post conception	15	0.0	tpm	58735
E-MTAB-6814	heart	6 week post conception	16	0.0	tpm	58735
E-MTAB-6814	heart	6 week post conception	17	0.0	tpm	58735
E-MTAB-6814	heart	6 week post conception	18	0.0	tpm	58735
E-MTAB-6814	heart	6 week post conception	19	0.0	tpm	58735
E-MTAB-6814	heart	6 week post conception	20	0.0	tpm	58735
E-MTAB-6814	heart	6 week post conception	21	0.0	tpm	58735
E-MTAB-6814	heart	6 week post conception	22	0.0	tpm	58735
E-MTAB-6814	heart	6 week post conception	23	0.0	tpm	58735
E-MTAB-6814	heart	6 week post conception	24	0.0	tpm	58735
E-MTAB-6814	heart	6 week post conception	25	0.0	tpm	58735
E-MTAB-6814	heart	6 week post conception	26	0.0	tpm	58735
E-MTAB-6814	heart	6 week post conception	27	0.0	tpm	58735
E-MTAB-6814	heart	6 week post conception	28	0.0	tpm	58735
E-MTAB-6814	heart	6 week post conception	29	0.0	tpm	58735
E-MTAB-6814	heart	6 week post conception	30	0.0	tpm	58735
E-MTAB-6814	heart	6 week post conception	31	0.0	tpm	58735
E-MTAB-6814	heart	6 week post conception	32	0.0	tpm	58735
E-MTAB-6814	heart	6 week post conception	33	0.0	tpm	58735
E-MTAB-6814	heart	6 week post conception	34	0.0	tpm	58735
E-MTAB-6814	heart	6 week post conception	35	0.0	tpm	58735
E-MTAB-6814	heart	6 week post conception	36	0.0	tpm	58735
E-MTAB-6814	heart	6 week post conception	37	0.0	tpm	58735
E-MTAB-6814	heart	6 week post conception	38	0.0	tpm	58735
E-MTAB-6814	heart	6 week post conception	39	0.0	tpm	58735
E-MTAB-6814	heart	6 week post conception	40	0.0	tpm	58735
E-MTAB-6814	heart	6 week post conception	41	0.0	tpm	58735
E-MTAB-6814	heart	6 week post conception	42	0.0	tpm	58735
E-MTAB-6814	heart	6 week post conception	43	0.0	tpm	58735
E-MTAB-6814	heart	6 week post conception	44	0.1	tpm	58735
E-MTAB-6814	heart	6 week post conception	45	0.1	tpm	58735
E-MTAB-6814	heart	6 week post conception	46	0.1	tpm	58735
E-MTAB-6814	heart	6 week post conception	47	0.1	tpm	58735
E-MTAB-6814	heart	6 week post conception	48	0.1	tpm	58735
E-MTAB-6814	heart	6 week post conception	49	0.2	tpm	58735
E-MTAB-6814	heart	6 week post conception	50	0.2	tpm	58735
E-MTAB-6814	heart	6 week post conception	51	0.2	tpm	58735
E-MTAB-6814	heart	6 week post conception	52	0.2	tpm	58735
E-MTAB-6814	heart	6 week post conception	53	0.3	tpm	58735
E-MTAB-6814	heart	6 week post conception	54	0.3	tpm	58735
E-MTAB-6814	heart	6 week post conception	55	0.4	tpm	58735
E-MTAB-6814	heart	6 week post conception	56	0.4	tpm	58735
E-MTAB-6814	heart	6 week post conception	57	0.5	tpm	58735
E-MTAB-6814	heart	6 week post conception	58	0.5	tpm	58735
E-MTAB-6814	heart	6 week post conception	59	0.6	tpm	58735
E-MTAB-6814	heart	6 week post conception	60	0.6	tpm	58735
E-MTAB-6814	heart	6 week post conception	61	0.7	tpm	58735
E-MTAB-6814	heart	6 week post conception	62	0.8	tpm	58735
E-MTAB-6814	heart	6 week post conception	63	0.9	tpm	58735
E-MTAB-6814	heart	6 week post conception	64	1.0	tpm	58735
E-MTAB-6814	heart	6 week post conception	65	1.0	tpm	58735
E-MTAB-6814	heart	6 week post conception	66	1.0	tpm	58735
E-MTAB-6814	heart	6 week post conception	67	1.0	tpm	58735
E-MTAB-6814	heart	6 week post conception	68	2.0	tpm	58735
E-MTAB-6814	heart	6 week post conception	69	2.0	tpm	58735
E-MTAB-6814	heart	6 week post conception	70	2.0	tpm	58735
E-MTAB-6814	heart	6 week post conception	71	2.0	tpm	58735
E-MTAB-6814	heart	6 week post conception	72	3.0	tpm	58735
E-MTAB-6814	heart	6 week post conception	73	3.0	tpm	58735
E-MTAB-6814	heart	6 week post conception	74	3.0	tpm	58735
E-MTAB-6814	heart	6 week post conception	75	4.0	tpm	58735
E-MTAB-6814	heart	6 week post conception	76	4.0	tpm	58735
E-MTAB-6814	heart	6 week post conception	77	5.0	tpm	58735
E-MTAB-6814	heart	6 week post conception	78	6.0	tpm	58735
E-MTAB-6814	heart	6 week post conception	79	7.0	tpm	58735
E-MTAB-6814	heart	6 week post conception	80	8.0	tpm	58735
E-MTAB-6814	heart	6 week post conception	81	9.0	tpm	58735
E-MTAB-6814	heart	6 week post conception	82	11.0	tpm	58735
E-MTAB-6814	heart	6 week post conception	83	12.0	tpm	58735
E-MTAB-6814	heart	6 week post conception	84	14.0	tpm	58735
E-MTAB-6814	heart	6 week post conception	85	16.0	tpm	58735
E-MTAB-6814	heart	6 week post conception	86	18.0	tpm	58735
E-MTAB-6814	heart	6 week post conception	87	20.0	tpm	58735
E-MTAB-6814	heart	6 week post conception	88	22.0	tpm	58735
E-MTAB-6814	heart	6 week post conception	89	25.0	tpm	58735
E-MTAB-6814	heart	6 week post conception	90	28.0	tpm	58735
E-MTAB-6814	heart	6 week post conception	91	31.0	tpm	58735
E-MTAB-6814	heart	6 week post conception	92	35.0	tpm	58735
E-MTAB-6814	heart	6 week post conception	93	40.0	tpm	58735
E-MTAB-6814	heart	6 week post conception	94	45.0	tpm	58735
E-MTAB-6814	heart	6 week post conception	95	52.0	tpm	58735
E-MTAB-6814	heart	6 week post conception	96	63.0	tpm	58735
E-MTAB-6814	heart	6 week post conception	97	77.0	tpm	58735
E-MTAB-6814	heart	6 week post conception	98	107.32	tpm	58735
E-MTAB-6814	heart	6 week post conception	99	187.0	tpm	58735
E-MTAB-6814	heart	6 week post conception	100	37123.0	tpm	58735
E-MTAB-6814	heart	7 week post conception	0	0.0	tpm	58735
E-MTAB-6814	heart	7 week post conception	1	0.0	tpm	58735
E-MTAB-6814	heart	7 week post conception	2	0.0	tpm	58735
E-MTAB-6814	heart	7 week post conception	3	0.0	tpm	58735
E-MTAB-6814	heart	7 week post conception	4	0.0	tpm	58735
E-MTAB-6814	heart	7 week post conception	5	0.0	tpm	58735
E-MTAB-6814	heart	7 week post conception	6	0.0	tpm	58735
E-MTAB-6814	heart	7 week post conception	7	0.0	tpm	58735
E-MTAB-6814	heart	7 week post conception	8	0.0	tpm	58735
E-MTAB-6814	heart	7 week post conception	9	0.0	tpm	58735
E-MTAB-6814	heart	7 week post conception	10	0.0	tpm	58735
E-MTAB-6814	heart	7 week post conception	11	0.0	tpm	58735
E-MTAB-6814	heart	7 week post conception	12	0.0	tpm	58735
E-MTAB-6814	heart	7 week post conception	13	0.0	tpm	58735
E-MTAB-6814	heart	7 week post conception	14	0.0	tpm	58735
E-MTAB-6814	heart	7 week post conception	15	0.0	tpm	58735
E-MTAB-6814	heart	7 week post conception	16	0.0	tpm	58735
E-MTAB-6814	heart	7 week post conception	17	0.0	tpm	58735
E-MTAB-6814	heart	7 week post conception	18	0.0	tpm	58735
E-MTAB-6814	heart	7 week post conception	19	0.0	tpm	58735
E-MTAB-6814	heart	7 week post conception	20	0.0	tpm	58735
E-MTAB-6814	heart	7 week post conception	21	0.0	tpm	58735
E-MTAB-6814	heart	7 week post conception	22	0.0	tpm	58735
E-MTAB-6814	heart	7 week post conception	23	0.0	tpm	58735
E-MTAB-6814	heart	7 week post conception	24	0.0	tpm	58735
E-MTAB-6814	heart	7 week post conception	25	0.0	tpm	58735
E-MTAB-6814	heart	7 week post conception	26	0.0	tpm	58735
E-MTAB-6814	heart	7 week post conception	27	0.0	tpm	58735
E-MTAB-6814	heart	7 week post conception	28	0.0	tpm	58735
E-MTAB-6814	heart	7 week post conception	29	0.0	tpm	58735
E-MTAB-6814	heart	7 week post conception	30	0.0	tpm	58735
E-MTAB-6814	heart	7 week post conception	31	0.0	tpm	58735
E-MTAB-6814	heart	7 week post conception	32	0.0	tpm	58735
E-MTAB-6814	heart	7 week post conception	33	0.0	tpm	58735
E-MTAB-6814	heart	7 week post conception	34	0.0	tpm	58735
E-MTAB-6814	heart	7 week post conception	35	0.0	tpm	58735
E-MTAB-6814	heart	7 week post conception	36	0.0	tpm	58735
E-MTAB-6814	heart	7 week post conception	37	0.0	tpm	58735
E-MTAB-6814	heart	7 week post conception	38	0.0	tpm	58735
E-MTAB-6814	heart	7 week post conception	39	0.0	tpm	58735
E-MTAB-6814	heart	7 week post conception	40	0.0	tpm	58735
E-MTAB-6814	heart	7 week post conception	41	0.0	tpm	58735
E-MTAB-6814	heart	7 week post conception	42	0.0	tpm	58735
E-MTAB-6814	heart	7 week post conception	43	0.0	tpm	58735
E-MTAB-6814	heart	7 week post conception	44	0.0	tpm	58735
E-MTAB-6814	heart	7 week post conception	45	0.0	tpm	58735
E-MTAB-6814	heart	7 week post conception	46	0.0	tpm	58735
E-MTAB-6814	heart	7 week post conception	47	0.0	tpm	58735
E-MTAB-6814	heart	7 week post conception	48	0.0	tpm	58735
E-MTAB-6814	heart	7 week post conception	49	0.0	tpm	58735
E-MTAB-6814	heart	7 week post conception	50	0.0	tpm	58735
E-MTAB-6814	heart	7 week post conception	51	0.0	tpm	58735
E-MTAB-6814	heart	7 week post conception	52	0.1	tpm	58735
E-MTAB-6814	heart	7 week post conception	53	0.1	tpm	58735
E-MTAB-6814	heart	7 week post conception	54	0.2	tpm	58735
E-MTAB-6814	heart	7 week post conception	55	0.2	tpm	58735
E-MTAB-6814	heart	7 week post conception	56	0.2	tpm	58735
E-MTAB-6814	heart	7 week post conception	57	0.3	tpm	58735
E-MTAB-6814	heart	7 week post conception	58	0.3	tpm	58735
E-MTAB-6814	heart	7 week post conception	59	0.4	tpm	58735
E-MTAB-6814	heart	7 week post conception	60	0.4	tpm	58735
E-MTAB-6814	heart	7 week post conception	61	0.5	tpm	58735
E-MTAB-6814	heart	7 week post conception	62	0.5	tpm	58735
E-MTAB-6814	heart	7 week post conception	63	0.6	tpm	58735
E-MTAB-6814	heart	7 week post conception	64	0.7	tpm	58735
E-MTAB-6814	heart	7 week post conception	65	0.8	tpm	58735
E-MTAB-6814	heart	7 week post conception	66	0.9	tpm	58735
E-MTAB-6814	heart	7 week post conception	67	1.0	tpm	58735
E-MTAB-6814	heart	7 week post conception	68	1.0	tpm	58735
E-MTAB-6814	heart	7 week post conception	69	1.0	tpm	58735
E-MTAB-6814	heart	7 week post conception	70	2.0	tpm	58735
E-MTAB-6814	heart	7 week post conception	71	2.0	tpm	58735
E-MTAB-6814	heart	7 week post conception	72	2.0	tpm	58735
E-MTAB-6814	heart	7 week post conception	73	2.0	tpm	58735
E-MTAB-6814	heart	7 week post conception	74	3.0	tpm	58735
E-MTAB-6814	heart	7 week post conception	75	3.0	tpm	58735
E-MTAB-6814	heart	7 week post conception	76	4.0	tpm	58735
E-MTAB-6814	heart	7 week post conception	77	4.0	tpm	58735
E-MTAB-6814	heart	7 week post conception	78	5.0	tpm	58735
E-MTAB-6814	heart	7 week post conception	79	6.0	tpm	58735
E-MTAB-6814	heart	7 week post conception	80	7.0	tpm	58735
E-MTAB-6814	heart	7 week post conception	81	8.0	tpm	58735
E-MTAB-6814	heart	7 week post conception	82	9.0	tpm	58735
E-MTAB-6814	heart	7 week post conception	83	11.0	tpm	58735
E-MTAB-6814	heart	7 week post conception	84	13.0	tpm	58735
E-MTAB-6814	heart	7 week post conception	85	14.0	tpm	58735
E-MTAB-6814	heart	7 week post conception	86	16.0	tpm	58735
E-MTAB-6814	heart	7 week post conception	87	18.0	tpm	58735
E-MTAB-6814	heart	7 week post conception	88	21.0	tpm	58735
E-MTAB-6814	heart	7 week post conception	89	24.0	tpm	58735
E-MTAB-6814	heart	7 week post conception	90	26.0	tpm	58735
E-MTAB-6814	heart	7 week post conception	91	30.0	tpm	58735
E-MTAB-6814	heart	7 week post conception	92	34.0	tpm	58735
E-MTAB-6814	heart	7 week post conception	93	38.0	tpm	58735
E-MTAB-6814	heart	7 week post conception	94	44.0	tpm	58735
E-MTAB-6814	heart	7 week post conception	95	51.0	tpm	58735
E-MTAB-6814	heart	7 week post conception	96	61.0	tpm	58735
E-MTAB-6814	heart	7 week post conception	97	76.0	tpm	58735
E-MTAB-6814	heart	7 week post conception	98	107.0	tpm	58735
E-MTAB-6814	heart	7 week post conception	99	181.0	tpm	58735
E-MTAB-6814	heart	7 week post conception	100	35372.0	tpm	58735
E-MTAB-6814	heart	8 week post conception	0	0.0	tpm	58735
E-MTAB-6814	heart	8 week post conception	1	0.0	tpm	58735
E-MTAB-6814	heart	8 week post conception	2	0.0	tpm	58735
E-MTAB-6814	heart	8 week post conception	3	0.0	tpm	58735
E-MTAB-6814	heart	8 week post conception	4	0.0	tpm	58735
E-MTAB-6814	heart	8 week post conception	5	0.0	tpm	58735
E-MTAB-6814	heart	8 week post conception	6	0.0	tpm	58735
E-MTAB-6814	heart	8 week post conception	7	0.0	tpm	58735
E-MTAB-6814	heart	8 week post conception	8	0.0	tpm	58735
E-MTAB-6814	heart	8 week post conception	9	0.0	tpm	58735
E-MTAB-6814	heart	8 week post conception	10	0.0	tpm	58735
E-MTAB-6814	heart	8 week post conception	11	0.0	tpm	58735
E-MTAB-6814	heart	8 week post conception	12	0.0	tpm	58735
E-MTAB-6814	heart	8 week post conception	13	0.0	tpm	58735
E-MTAB-6814	heart	8 week post conception	14	0.0	tpm	58735
E-MTAB-6814	heart	8 week post conception	15	0.0	tpm	58735
E-MTAB-6814	heart	8 week post conception	16	0.0	tpm	58735
E-MTAB-6814	heart	8 week post conception	17	0.0	tpm	58735
E-MTAB-6814	heart	8 week post conception	18	0.0	tpm	58735
E-MTAB-6814	heart	8 week post conception	19	0.0	tpm	58735
E-MTAB-6814	heart	8 week post conception	20	0.0	tpm	58735
E-MTAB-6814	heart	8 week post conception	21	0.0	tpm	58735
E-MTAB-6814	heart	8 week post conception	22	0.0	tpm	58735
E-MTAB-6814	heart	8 week post conception	23	0.0	tpm	58735
E-MTAB-6814	heart	8 week post conception	24	0.0	tpm	58735
E-MTAB-6814	heart	8 week post conception	25	0.0	tpm	58735
E-MTAB-6814	heart	8 week post conception	26	0.0	tpm	58735
E-MTAB-6814	heart	8 week post conception	27	0.0	tpm	58735
E-MTAB-6814	heart	8 week post conception	28	0.0	tpm	58735
E-MTAB-6814	heart	8 week post conception	29	0.0	tpm	58735
E-MTAB-6814	heart	8 week post conception	30	0.0	tpm	58735
E-MTAB-6814	heart	8 week post conception	31	0.0	tpm	58735
E-MTAB-6814	heart	8 week post conception	32	0.0	tpm	58735
E-MTAB-6814	heart	8 week post conception	33	0.0	tpm	58735
E-MTAB-6814	heart	8 week post conception	34	0.0	tpm	58735
E-MTAB-6814	heart	8 week post conception	35	0.0	tpm	58735
E-MTAB-6814	heart	8 week post conception	36	0.0	tpm	58735
E-MTAB-6814	heart	8 week post conception	37	0.0	tpm	58735
E-MTAB-6814	heart	8 week post conception	38	0.0	tpm	58735
E-MTAB-6814	heart	8 week post conception	39	0.0	tpm	58735
E-MTAB-6814	heart	8 week post conception	40	0.0	tpm	58735
E-MTAB-6814	heart	8 week post conception	41	0.0	tpm	58735
E-MTAB-6814	heart	8 week post conception	42	0.0	tpm	58735
E-MTAB-6814	heart	8 week post conception	43	0.0	tpm	58735
E-MTAB-6814	heart	8 week post conception	44	0.0	tpm	58735
E-MTAB-6814	heart	8 week post conception	45	0.0	tpm	58735
E-MTAB-6814	heart	8 week post conception	46	0.0	tpm	58735
E-MTAB-6814	heart	8 week post conception	47	0.0	tpm	58735
E-MTAB-6814	heart	8 week post conception	48	0.0	tpm	58735
E-MTAB-6814	heart	8 week post conception	49	0.0	tpm	58735
E-MTAB-6814	heart	8 week post conception	50	0.0	tpm	58735
E-MTAB-6814	heart	8 week post conception	51	0.0	tpm	58735
E-MTAB-6814	heart	8 week post conception	52	0.1	tpm	58735
E-MTAB-6814	heart	8 week post conception	53	0.1	tpm	58735
E-MTAB-6814	heart	8 week post conception	54	0.1	tpm	58735
E-MTAB-6814	heart	8 week post conception	55	0.2	tpm	58735
E-MTAB-6814	heart	8 week post conception	56	0.2	tpm	58735
E-MTAB-6814	heart	8 week post conception	57	0.2	tpm	58735
E-MTAB-6814	heart	8 week post conception	58	0.3	tpm	58735
E-MTAB-6814	heart	8 week post conception	59	0.3	tpm	58735
E-MTAB-6814	heart	8 week post conception	60	0.4	tpm	58735
E-MTAB-6814	heart	8 week post conception	61	0.4	tpm	58735
E-MTAB-6814	heart	8 week post conception	62	0.5	tpm	58735
E-MTAB-6814	heart	8 week post conception	63	0.5	tpm	58735
E-MTAB-6814	heart	8 week post conception	64	0.6	tpm	58735
E-MTAB-6814	heart	8 week post conception	65	0.7	tpm	58735
E-MTAB-6814	heart	8 week post conception	66	0.8	tpm	58735
E-MTAB-6814	heart	8 week post conception	67	0.9	tpm	58735
E-MTAB-6814	heart	8 week post conception	68	1.0	tpm	58735
E-MTAB-6814	heart	8 week post conception	69	1.0	tpm	58735
E-MTAB-6814	heart	8 week post conception	70	1.0	tpm	58735
E-MTAB-6814	heart	8 week post conception	71	2.0	tpm	58735
E-MTAB-6814	heart	8 week post conception	72	2.0	tpm	58735
E-MTAB-6814	heart	8 week post conception	73	2.0	tpm	58735
E-MTAB-6814	heart	8 week post conception	74	3.0	tpm	58735
E-MTAB-6814	heart	8 week post conception	75	3.0	tpm	58735
E-MTAB-6814	heart	8 week post conception	76	4.0	tpm	58735
E-MTAB-6814	heart	8 week post conception	77	4.0	tpm	58735
E-MTAB-6814	heart	8 week post conception	78	5.0	tpm	58735
E-MTAB-6814	heart	8 week post conception	79	6.0	tpm	58735
E-MTAB-6814	heart	8 week post conception	80	7.0	tpm	58735
E-MTAB-6814	heart	8 week post conception	81	8.0	tpm	58735
E-MTAB-6814	heart	8 week post conception	82	9.0	tpm	58735
E-MTAB-6814	heart	8 week post conception	83	10.0	tpm	58735
E-MTAB-6814	heart	8 week post conception	84	12.0	tpm	58735
E-MTAB-6814	heart	8 week post conception	85	13.0	tpm	58735
E-MTAB-6814	heart	8 week post conception	86	15.0	tpm	58735
E-MTAB-6814	heart	8 week post conception	87	17.0	tpm	58735
E-MTAB-6814	heart	8 week post conception	88	19.0	tpm	58735
E-MTAB-6814	heart	8 week post conception	89	21.0	tpm	58735
E-MTAB-6814	heart	8 week post conception	90	24.0	tpm	58735
E-MTAB-6814	heart	8 week post conception	91	27.0	tpm	58735
E-MTAB-6814	heart	8 week post conception	92	30.0	tpm	58735
E-MTAB-6814	heart	8 week post conception	93	35.0	tpm	58735
E-MTAB-6814	heart	8 week post conception	94	40.0	tpm	58735
E-MTAB-6814	heart	8 week post conception	95	47.0	tpm	58735
E-MTAB-6814	heart	8 week post conception	96	56.0	tpm	58735
E-MTAB-6814	heart	8 week post conception	97	71.0	tpm	58735
E-MTAB-6814	heart	8 week post conception	98	100.0	tpm	58735
E-MTAB-6814	heart	8 week post conception	99	176.0	tpm	58735
E-MTAB-6814	heart	8 week post conception	100	40948.0	tpm	58735
E-MTAB-6814	heart	9 week post conception	0	0.0	tpm	58735
E-MTAB-6814	heart	9 week post conception	1	0.0	tpm	58735
E-MTAB-6814	heart	9 week post conception	2	0.0	tpm	58735
E-MTAB-6814	heart	9 week post conception	3	0.0	tpm	58735
E-MTAB-6814	heart	9 week post conception	4	0.0	tpm	58735
E-MTAB-6814	heart	9 week post conception	5	0.0	tpm	58735
E-MTAB-6814	heart	9 week post conception	6	0.0	tpm	58735
E-MTAB-6814	heart	9 week post conception	7	0.0	tpm	58735
E-MTAB-6814	heart	9 week post conception	8	0.0	tpm	58735
E-MTAB-6814	heart	9 week post conception	9	0.0	tpm	58735
E-MTAB-6814	heart	9 week post conception	10	0.0	tpm	58735
E-MTAB-6814	heart	9 week post conception	11	0.0	tpm	58735
E-MTAB-6814	heart	9 week post conception	12	0.0	tpm	58735
E-MTAB-6814	heart	9 week post conception	13	0.0	tpm	58735
E-MTAB-6814	heart	9 week post conception	14	0.0	tpm	58735
E-MTAB-6814	heart	9 week post conception	15	0.0	tpm	58735
E-MTAB-6814	heart	9 week post conception	16	0.0	tpm	58735
E-MTAB-6814	heart	9 week post conception	17	0.0	tpm	58735
E-MTAB-6814	heart	9 week post conception	18	0.0	tpm	58735
E-MTAB-6814	heart	9 week post conception	19	0.0	tpm	58735
E-MTAB-6814	heart	9 week post conception	20	0.0	tpm	58735
E-MTAB-6814	heart	9 week post conception	21	0.0	tpm	58735
E-MTAB-6814	heart	9 week post conception	22	0.0	tpm	58735
E-MTAB-6814	heart	9 week post conception	23	0.0	tpm	58735
E-MTAB-6814	heart	9 week post conception	24	0.0	tpm	58735
E-MTAB-6814	heart	9 week post conception	25	0.0	tpm	58735
E-MTAB-6814	heart	9 week post conception	26	0.0	tpm	58735
E-MTAB-6814	heart	9 week post conception	27	0.0	tpm	58735
E-MTAB-6814	heart	9 week post conception	28	0.0	tpm	58735
E-MTAB-6814	heart	9 week post conception	29	0.0	tpm	58735
E-MTAB-6814	heart	9 week post conception	30	0.0	tpm	58735
E-MTAB-6814	heart	9 week post conception	31	0.0	tpm	58735
E-MTAB-6814	heart	9 week post conception	32	0.0	tpm	58735
E-MTAB-6814	heart	9 week post conception	33	0.0	tpm	58735
E-MTAB-6814	heart	9 week post conception	34	0.0	tpm	58735
E-MTAB-6814	heart	9 week post conception	35	0.0	tpm	58735
E-MTAB-6814	heart	9 week post conception	36	0.0	tpm	58735
E-MTAB-6814	heart	9 week post conception	37	0.0	tpm	58735
E-MTAB-6814	heart	9 week post conception	38	0.0	tpm	58735
E-MTAB-6814	heart	9 week post conception	39	0.0	tpm	58735
E-MTAB-6814	heart	9 week post conception	40	0.0	tpm	58735
E-MTAB-6814	heart	9 week post conception	41	0.0	tpm	58735
E-MTAB-6814	heart	9 week post conception	42	0.0	tpm	58735
E-MTAB-6814	heart	9 week post conception	43	0.0	tpm	58735
E-MTAB-6814	heart	9 week post conception	44	0.0	tpm	58735
E-MTAB-6814	heart	9 week post conception	45	0.0	tpm	58735
E-MTAB-6814	heart	9 week post conception	46	0.0	tpm	58735
E-MTAB-6814	heart	9 week post conception	47	0.0	tpm	58735
E-MTAB-6814	heart	9 week post conception	48	0.0	tpm	58735
E-MTAB-6814	heart	9 week post conception	49	0.0	tpm	58735
E-MTAB-6814	heart	9 week post conception	50	0.1	tpm	58735
E-MTAB-6814	heart	9 week post conception	51	0.1	tpm	58735
E-MTAB-6814	heart	9 week post conception	52	0.1	tpm	58735
E-MTAB-6814	heart	9 week post conception	53	0.1	tpm	58735
E-MTAB-6814	heart	9 week post conception	54	0.1	tpm	58735
E-MTAB-6814	heart	9 week post conception	55	0.2	tpm	58735
E-MTAB-6814	heart	9 week post conception	56	0.2	tpm	58735
E-MTAB-6814	heart	9 week post conception	57	0.2	tpm	58735
E-MTAB-6814	heart	9 week post conception	58	0.3	tpm	58735
E-MTAB-6814	heart	9 week post conception	59	0.3	tpm	58735
E-MTAB-6814	heart	9 week post conception	60	0.4	tpm	58735
E-MTAB-6814	heart	9 week post conception	61	0.4	tpm	58735
E-MTAB-6814	heart	9 week post conception	62	0.5	tpm	58735
E-MTAB-6814	heart	9 week post conception	63	0.5	tpm	58735
E-MTAB-6814	heart	9 week post conception	64	0.6	tpm	58735
E-MTAB-6814	heart	9 week post conception	65	0.7	tpm	58735
E-MTAB-6814	heart	9 week post conception	66	0.8	tpm	58735
E-MTAB-6814	heart	9 week post conception	67	0.9	tpm	58735
E-MTAB-6814	heart	9 week post conception	68	1.0	tpm	58735
E-MTAB-6814	heart	9 week post conception	69	1.0	tpm	58735
E-MTAB-6814	heart	9 week post conception	70	1.0	tpm	58735
E-MTAB-6814	heart	9 week post conception	71	2.0	tpm	58735
E-MTAB-6814	heart	9 week post conception	72	2.0	tpm	58735
E-MTAB-6814	heart	9 week post conception	73	2.0	tpm	58735
E-MTAB-6814	heart	9 week post conception	74	3.0	tpm	58735
E-MTAB-6814	heart	9 week post conception	75	3.0	tpm	58735
E-MTAB-6814	heart	9 week post conception	76	3.0	tpm	58735
E-MTAB-6814	heart	9 week post conception	77	4.0	tpm	58735
E-MTAB-6814	heart	9 week post conception	78	5.0	tpm	58735
E-MTAB-6814	heart	9 week post conception	79	6.0	tpm	58735
E-MTAB-6814	heart	9 week post conception	80	6.0	tpm	58735
E-MTAB-6814	heart	9 week post conception	81	7.0	tpm	58735
E-MTAB-6814	heart	9 week post conception	82	9.0	tpm	58735
E-MTAB-6814	heart	9 week post conception	83	10.0	tpm	58735
E-MTAB-6814	heart	9 week post conception	84	11.0	tpm	58735
E-MTAB-6814	heart	9 week post conception	85	13.0	tpm	58735
E-MTAB-6814	heart	9 week post conception	86	14.0	tpm	58735
E-MTAB-6814	heart	9 week post conception	87	16.0	tpm	58735
E-MTAB-6814	heart	9 week post conception	88	18.0	tpm	58735
E-MTAB-6814	heart	9 week post conception	89	21.0	tpm	58735
E-MTAB-6814	heart	9 week post conception	90	23.0	tpm	58735
E-MTAB-6814	heart	9 week post conception	91	26.0	tpm	58735
E-MTAB-6814	heart	9 week post conception	92	30.0	tpm	58735
E-MTAB-6814	heart	9 week post conception	93	34.0	tpm	58735
E-MTAB-6814	heart	9 week post conception	94	39.0	tpm	58735
E-MTAB-6814	heart	9 week post conception	95	46.0	tpm	58735
E-MTAB-6814	heart	9 week post conception	96	56.0	tpm	58735
E-MTAB-6814	heart	9 week post conception	97	70.0	tpm	58735
E-MTAB-6814	heart	9 week post conception	98	100.0	tpm	58735
E-MTAB-6814	heart	9 week post conception	99	176.0	tpm	58735
E-MTAB-6814	heart	9 week post conception	100	39309.0	tpm	58735
E-MTAB-6814	heart	adolescent	0	0.0	tpm	58735
E-MTAB-6814	heart	adolescent	1	0.0	tpm	58735
E-MTAB-6814	heart	adolescent	2	0.0	tpm	58735
E-MTAB-6814	heart	adolescent	3	0.0	tpm	58735
E-MTAB-6814	heart	adolescent	4	0.0	tpm	58735
E-MTAB-6814	heart	adolescent	5	0.0	tpm	58735
E-MTAB-6814	heart	adolescent	6	0.0	tpm	58735
E-MTAB-6814	heart	adolescent	7	0.0	tpm	58735
E-MTAB-6814	heart	adolescent	8	0.0	tpm	58735
E-MTAB-6814	heart	adolescent	9	0.0	tpm	58735
E-MTAB-6814	heart	adolescent	10	0.0	tpm	58735
E-MTAB-6814	heart	adolescent	11	0.0	tpm	58735
E-MTAB-6814	heart	adolescent	12	0.0	tpm	58735
E-MTAB-6814	heart	adolescent	13	0.0	tpm	58735
E-MTAB-6814	heart	adolescent	14	0.0	tpm	58735
E-MTAB-6814	heart	adolescent	15	0.0	tpm	58735
E-MTAB-6814	heart	adolescent	16	0.0	tpm	58735
E-MTAB-6814	heart	adolescent	17	0.0	tpm	58735
E-MTAB-6814	heart	adolescent	18	0.0	tpm	58735
E-MTAB-6814	heart	adolescent	19	0.0	tpm	58735
E-MTAB-6814	heart	adolescent	20	0.0	tpm	58735
E-MTAB-6814	heart	adolescent	21	0.0	tpm	58735
E-MTAB-6814	heart	adolescent	22	0.0	tpm	58735
E-MTAB-6814	heart	adolescent	23	0.0	tpm	58735
E-MTAB-6814	heart	adolescent	24	0.0	tpm	58735
E-MTAB-6814	heart	adolescent	25	0.0	tpm	58735
E-MTAB-6814	heart	adolescent	26	0.0	tpm	58735
E-MTAB-6814	heart	adolescent	27	0.0	tpm	58735
E-MTAB-6814	heart	adolescent	28	0.0	tpm	58735
E-MTAB-6814	heart	adolescent	29	0.0	tpm	58735
E-MTAB-6814	heart	adolescent	30	0.0	tpm	58735
E-MTAB-6814	heart	adolescent	31	0.0	tpm	58735
E-MTAB-6814	heart	adolescent	32	0.0	tpm	58735
E-MTAB-6814	heart	adolescent	33	0.0	tpm	58735
E-MTAB-6814	heart	adolescent	34	0.0	tpm	58735
E-MTAB-6814	heart	adolescent	35	0.0	tpm	58735
E-MTAB-6814	heart	adolescent	36	0.0	tpm	58735
E-MTAB-6814	heart	adolescent	37	0.0	tpm	58735
E-MTAB-6814	heart	adolescent	38	0.0	tpm	58735
E-MTAB-6814	heart	adolescent	39	0.0	tpm	58735
E-MTAB-6814	heart	adolescent	40	0.0	tpm	58735
E-MTAB-6814	heart	adolescent	41	0.0	tpm	58735
E-MTAB-6814	heart	adolescent	42	0.0	tpm	58735
E-MTAB-6814	heart	adolescent	43	0.0	tpm	58735
E-MTAB-6814	heart	adolescent	44	0.0	tpm	58735
E-MTAB-6814	heart	adolescent	45	0.0	tpm	58735
E-MTAB-6814	heart	adolescent	46	0.0	tpm	58735
E-MTAB-6814	heart	adolescent	47	0.0	tpm	58735
E-MTAB-6814	heart	adolescent	48	0.0	tpm	58735
E-MTAB-6814	heart	adolescent	49	0.0	tpm	58735
E-MTAB-6814	heart	adolescent	50	0.0	tpm	58735
E-MTAB-6814	heart	adolescent	51	0.0	tpm	58735
E-MTAB-6814	heart	adolescent	52	0.0	tpm	58735
E-MTAB-6814	heart	adolescent	53	0.0	tpm	58735
E-MTAB-6814	heart	adolescent	54	0.0	tpm	58735
E-MTAB-6814	heart	adolescent	55	0.0	tpm	58735
E-MTAB-6814	heart	adolescent	56	0.0	tpm	58735
E-MTAB-6814	heart	adolescent	57	0.0	tpm	58735
E-MTAB-6814	heart	adolescent	58	0.0	tpm	58735
E-MTAB-6814	heart	adolescent	59	0.0	tpm	58735
E-MTAB-6814	heart	adolescent	60	0.0	tpm	58735
E-MTAB-6814	heart	adolescent	61	0.0	tpm	58735
E-MTAB-6814	heart	adolescent	62	0.0	tpm	58735
E-MTAB-6814	heart	adolescent	63	0.0	tpm	58735
E-MTAB-6814	heart	adolescent	64	0.0	tpm	58735
E-MTAB-6814	heart	adolescent	65	0.1	tpm	58735
E-MTAB-6814	heart	adolescent	66	0.1	tpm	58735
E-MTAB-6814	heart	adolescent	67	0.1	tpm	58735
E-MTAB-6814	heart	adolescent	68	0.2	tpm	58735
E-MTAB-6814	heart	adolescent	69	0.2	tpm	58735
E-MTAB-6814	heart	adolescent	70	0.2	tpm	58735
E-MTAB-6814	heart	adolescent	71	0.3	tpm	58735
E-MTAB-6814	heart	adolescent	72	0.3	tpm	58735
E-MTAB-6814	heart	adolescent	73	0.4	tpm	58735
E-MTAB-6814	heart	adolescent	74	0.5	tpm	58735
E-MTAB-6814	heart	adolescent	75	0.6	tpm	58735
E-MTAB-6814	heart	adolescent	76	0.7	tpm	58735
E-MTAB-6814	heart	adolescent	77	0.8	tpm	58735
E-MTAB-6814	heart	adolescent	78	1.0	tpm	58735
E-MTAB-6814	heart	adolescent	79	1.0	tpm	58735
E-MTAB-6814	heart	adolescent	80	1.0	tpm	58735
E-MTAB-6814	heart	adolescent	81	2.0	tpm	58735
E-MTAB-6814	heart	adolescent	82	2.0	tpm	58735
E-MTAB-6814	heart	adolescent	83	2.0	tpm	58735
E-MTAB-6814	heart	adolescent	84	2.0	tpm	58735
E-MTAB-6814	heart	adolescent	85	3.0	tpm	58735
E-MTAB-6814	heart	adolescent	86	3.0	tpm	58735
E-MTAB-6814	heart	adolescent	87	4.0	tpm	58735
E-MTAB-6814	heart	adolescent	88	4.0	tpm	58735
E-MTAB-6814	heart	adolescent	89	5.0	tpm	58735
E-MTAB-6814	heart	adolescent	90	6.0	tpm	58735
E-MTAB-6814	heart	adolescent	91	7.0	tpm	58735
E-MTAB-6814	heart	adolescent	92	8.0	tpm	58735
E-MTAB-6814	heart	adolescent	93	10.0	tpm	58735
E-MTAB-6814	heart	adolescent	94	12.0	tpm	58735
E-MTAB-6814	heart	adolescent	95	15.0	tpm	58735
E-MTAB-6814	heart	adolescent	96	20.0	tpm	58735
E-MTAB-6814	heart	adolescent	97	27.0	tpm	58735
E-MTAB-6814	heart	adolescent	98	43.0	tpm	58735
E-MTAB-6814	heart	adolescent	99	93.0	tpm	58735
E-MTAB-6814	heart	adolescent	100	82755.0	tpm	58735
E-MTAB-6814	heart	infant	0	0.0	tpm	58735
E-MTAB-6814	heart	infant	1	0.0	tpm	58735
E-MTAB-6814	heart	infant	2	0.0	tpm	58735
E-MTAB-6814	heart	infant	3	0.0	tpm	58735
E-MTAB-6814	heart	infant	4	0.0	tpm	58735
E-MTAB-6814	heart	infant	5	0.0	tpm	58735
E-MTAB-6814	heart	infant	6	0.0	tpm	58735
E-MTAB-6814	heart	infant	7	0.0	tpm	58735
E-MTAB-6814	heart	infant	8	0.0	tpm	58735
E-MTAB-6814	heart	infant	9	0.0	tpm	58735
E-MTAB-6814	heart	infant	10	0.0	tpm	58735
E-MTAB-6814	heart	infant	11	0.0	tpm	58735
E-MTAB-6814	heart	infant	12	0.0	tpm	58735
E-MTAB-6814	heart	infant	13	0.0	tpm	58735
E-MTAB-6814	heart	infant	14	0.0	tpm	58735
E-MTAB-6814	heart	infant	15	0.0	tpm	58735
E-MTAB-6814	heart	infant	16	0.0	tpm	58735
E-MTAB-6814	heart	infant	17	0.0	tpm	58735
E-MTAB-6814	heart	infant	18	0.0	tpm	58735
E-MTAB-6814	heart	infant	19	0.0	tpm	58735
E-MTAB-6814	heart	infant	20	0.0	tpm	58735
E-MTAB-6814	heart	infant	21	0.0	tpm	58735
E-MTAB-6814	heart	infant	22	0.0	tpm	58735
E-MTAB-6814	heart	infant	23	0.0	tpm	58735
E-MTAB-6814	heart	infant	24	0.0	tpm	58735
E-MTAB-6814	heart	infant	25	0.0	tpm	58735
E-MTAB-6814	heart	infant	26	0.0	tpm	58735
E-MTAB-6814	heart	infant	27	0.0	tpm	58735
E-MTAB-6814	heart	infant	28	0.0	tpm	58735
E-MTAB-6814	heart	infant	29	0.0	tpm	58735
E-MTAB-6814	heart	infant	30	0.0	tpm	58735
E-MTAB-6814	heart	infant	31	0.0	tpm	58735
E-MTAB-6814	heart	infant	32	0.0	tpm	58735
E-MTAB-6814	heart	infant	33	0.0	tpm	58735
E-MTAB-6814	heart	infant	34	0.0	tpm	58735
E-MTAB-6814	heart	infant	35	0.0	tpm	58735
E-MTAB-6814	heart	infant	36	0.0	tpm	58735
E-MTAB-6814	heart	infant	37	0.0	tpm	58735
E-MTAB-6814	heart	infant	38	0.0	tpm	58735
E-MTAB-6814	heart	infant	39	0.0	tpm	58735
E-MTAB-6814	heart	infant	40	0.0	tpm	58735
E-MTAB-6814	heart	infant	41	0.0	tpm	58735
E-MTAB-6814	heart	infant	42	0.0	tpm	58735
E-MTAB-6814	heart	infant	43	0.0	tpm	58735
E-MTAB-6814	heart	infant	44	0.0	tpm	58735
E-MTAB-6814	heart	infant	45	0.0	tpm	58735
E-MTAB-6814	heart	infant	46	0.0	tpm	58735
E-MTAB-6814	heart	infant	47	0.0	tpm	58735
E-MTAB-6814	heart	infant	48	0.0	tpm	58735
E-MTAB-6814	heart	infant	49	0.0	tpm	58735
E-MTAB-6814	heart	infant	50	0.0	tpm	58735
E-MTAB-6814	heart	infant	51	0.0	tpm	58735
E-MTAB-6814	heart	infant	52	0.0	tpm	58735
E-MTAB-6814	heart	infant	53	0.0	tpm	58735
E-MTAB-6814	heart	infant	54	0.0	tpm	58735
E-MTAB-6814	heart	infant	55	0.0	tpm	58735
E-MTAB-6814	heart	infant	56	0.0	tpm	58735
E-MTAB-6814	heart	infant	57	0.0	tpm	58735
E-MTAB-6814	heart	infant	58	0.0	tpm	58735
E-MTAB-6814	heart	infant	59	0.0	tpm	58735
E-MTAB-6814	heart	infant	60	0.0	tpm	58735
E-MTAB-6814	heart	infant	61	0.0	tpm	58735
E-MTAB-6814	heart	infant	62	0.0	tpm	58735
E-MTAB-6814	heart	infant	63	0.0	tpm	58735
E-MTAB-6814	heart	infant	64	0.1	tpm	58735
E-MTAB-6814	heart	infant	65	0.1	tpm	58735
E-MTAB-6814	heart	infant	66	0.1	tpm	58735
E-MTAB-6814	heart	infant	67	0.1	tpm	58735
E-MTAB-6814	heart	infant	68	0.2	tpm	58735
E-MTAB-6814	heart	infant	69	0.2	tpm	58735
E-MTAB-6814	heart	infant	70	0.2	tpm	58735
E-MTAB-6814	heart	infant	71	0.3	tpm	58735
E-MTAB-6814	heart	infant	72	0.4	tpm	58735
E-MTAB-6814	heart	infant	73	0.4	tpm	58735
E-MTAB-6814	heart	infant	74	0.5	tpm	58735
E-MTAB-6814	heart	infant	75	0.6	tpm	58735
E-MTAB-6814	heart	infant	76	0.8	tpm	58735
E-MTAB-6814	heart	infant	77	0.9	tpm	58735
E-MTAB-6814	heart	infant	78	1.0	tpm	58735
E-MTAB-6814	heart	infant	79	1.0	tpm	58735
E-MTAB-6814	heart	infant	80	2.0	tpm	58735
E-MTAB-6814	heart	infant	81	2.0	tpm	58735
E-MTAB-6814	heart	infant	82	2.0	tpm	58735
E-MTAB-6814	heart	infant	83	3.0	tpm	58735
E-MTAB-6814	heart	infant	84	3.0	tpm	58735
E-MTAB-6814	heart	infant	85	4.0	tpm	58735
E-MTAB-6814	heart	infant	86	5.0	tpm	58735
E-MTAB-6814	heart	infant	87	5.0	tpm	58735
E-MTAB-6814	heart	infant	88	6.0	tpm	58735
E-MTAB-6814	heart	infant	89	7.0	tpm	58735
E-MTAB-6814	heart	infant	90	8.0	tpm	58735
E-MTAB-6814	heart	infant	91	10.0	tpm	58735
E-MTAB-6814	heart	infant	92	12.0	tpm	58735
E-MTAB-6814	heart	infant	93	14.0	tpm	58735
E-MTAB-6814	heart	infant	94	17.0	tpm	58735
E-MTAB-6814	heart	infant	95	20.0	tpm	58735
E-MTAB-6814	heart	infant	96	26.0	tpm	58735
E-MTAB-6814	heart	infant	97	35.0	tpm	58735
E-MTAB-6814	heart	infant	98	53.0	tpm	58735
E-MTAB-6814	heart	infant	99	101.66	tpm	58735
E-MTAB-6814	heart	infant	100	78766.0	tpm	58735
E-MTAB-6814	heart	middle adult	0	0.0	tpm	58735
E-MTAB-6814	heart	middle adult	1	0.0	tpm	58735
E-MTAB-6814	heart	middle adult	2	0.0	tpm	58735
E-MTAB-6814	heart	middle adult	3	0.0	tpm	58735
E-MTAB-6814	heart	middle adult	4	0.0	tpm	58735
E-MTAB-6814	heart	middle adult	5	0.0	tpm	58735
E-MTAB-6814	heart	middle adult	6	0.0	tpm	58735
E-MTAB-6814	heart	middle adult	7	0.0	tpm	58735
E-MTAB-6814	heart	middle adult	8	0.0	tpm	58735
E-MTAB-6814	heart	middle adult	9	0.0	tpm	58735
E-MTAB-6814	heart	middle adult	10	0.0	tpm	58735
E-MTAB-6814	heart	middle adult	11	0.0	tpm	58735
E-MTAB-6814	heart	middle adult	12	0.0	tpm	58735
E-MTAB-6814	heart	middle adult	13	0.0	tpm	58735
E-MTAB-6814	heart	middle adult	14	0.0	tpm	58735
E-MTAB-6814	heart	middle adult	15	0.0	tpm	58735
E-MTAB-6814	heart	middle adult	16	0.0	tpm	58735
E-MTAB-6814	heart	middle adult	17	0.0	tpm	58735
E-MTAB-6814	heart	middle adult	18	0.0	tpm	58735
E-MTAB-6814	heart	middle adult	19	0.0	tpm	58735
E-MTAB-6814	heart	middle adult	20	0.0	tpm	58735
E-MTAB-6814	heart	middle adult	21	0.0	tpm	58735
E-MTAB-6814	heart	middle adult	22	0.0	tpm	58735
E-MTAB-6814	heart	middle adult	23	0.0	tpm	58735
E-MTAB-6814	heart	middle adult	24	0.0	tpm	58735
E-MTAB-6814	heart	middle adult	25	0.0	tpm	58735
E-MTAB-6814	heart	middle adult	26	0.0	tpm	58735
E-MTAB-6814	heart	middle adult	27	0.0	tpm	58735
E-MTAB-6814	heart	middle adult	28	0.0	tpm	58735
E-MTAB-6814	heart	middle adult	29	0.0	tpm	58735
E-MTAB-6814	heart	middle adult	30	0.0	tpm	58735
E-MTAB-6814	heart	middle adult	31	0.0	tpm	58735
E-MTAB-6814	heart	middle adult	32	0.0	tpm	58735
E-MTAB-6814	heart	middle adult	33	0.0	tpm	58735
E-MTAB-6814	heart	middle adult	34	0.0	tpm	58735
E-MTAB-6814	heart	middle adult	35	0.0	tpm	58735
E-MTAB-6814	heart	middle adult	36	0.0	tpm	58735
E-MTAB-6814	heart	middle adult	37	0.0	tpm	58735
E-MTAB-6814	heart	middle adult	38	0.0	tpm	58735
E-MTAB-6814	heart	middle adult	39	0.0	tpm	58735
E-MTAB-6814	heart	middle adult	40	0.0	tpm	58735
E-MTAB-6814	heart	middle adult	41	0.0	tpm	58735
E-MTAB-6814	heart	middle adult	42	0.0	tpm	58735
E-MTAB-6814	heart	middle adult	43	0.0	tpm	58735
E-MTAB-6814	heart	middle adult	44	0.0	tpm	58735
E-MTAB-6814	heart	middle adult	45	0.0	tpm	58735
E-MTAB-6814	heart	middle adult	46	0.0	tpm	58735
E-MTAB-6814	heart	middle adult	47	0.0	tpm	58735
E-MTAB-6814	heart	middle adult	48	0.0	tpm	58735
E-MTAB-6814	heart	middle adult	49	0.0	tpm	58735
E-MTAB-6814	heart	middle adult	50	0.0	tpm	58735
E-MTAB-6814	heart	middle adult	51	0.0	tpm	58735
E-MTAB-6814	heart	middle adult	52	0.0	tpm	58735
E-MTAB-6814	heart	middle adult	53	0.0	tpm	58735
E-MTAB-6814	heart	middle adult	54	0.0	tpm	58735
E-MTAB-6814	heart	middle adult	55	0.0	tpm	58735
E-MTAB-6814	heart	middle adult	56	0.0	tpm	58735
E-MTAB-6814	heart	middle adult	57	0.1	tpm	58735
E-MTAB-6814	heart	middle adult	58	0.1	tpm	58735
E-MTAB-6814	heart	middle adult	59	0.1	tpm	58735
E-MTAB-6814	heart	middle adult	60	0.1	tpm	58735
E-MTAB-6814	heart	middle adult	61	0.1	tpm	58735
E-MTAB-6814	heart	middle adult	62	0.1	tpm	58735
E-MTAB-6814	heart	middle adult	63	0.2	tpm	58735
E-MTAB-6814	heart	middle adult	64	0.2	tpm	58735
E-MTAB-6814	heart	middle adult	65	0.2	tpm	58735
E-MTAB-6814	heart	middle adult	66	0.2	tpm	58735
E-MTAB-6814	heart	middle adult	67	0.3	tpm	58735
E-MTAB-6814	heart	middle adult	68	0.3	tpm	58735
E-MTAB-6814	heart	middle adult	69	0.3	tpm	58735
E-MTAB-6814	heart	middle adult	70	0.4	tpm	58735
E-MTAB-6814	heart	middle adult	71	0.4	tpm	58735
E-MTAB-6814	heart	middle adult	72	0.5	tpm	58735
E-MTAB-6814	heart	middle adult	73	0.6	tpm	58735
E-MTAB-6814	heart	middle adult	74	0.7	tpm	58735
E-MTAB-6814	heart	middle adult	75	0.8	tpm	58735
E-MTAB-6814	heart	middle adult	76	0.9	tpm	58735
E-MTAB-6814	heart	middle adult	77	1.0	tpm	58735
E-MTAB-6814	heart	middle adult	78	1.0	tpm	58735
E-MTAB-6814	heart	middle adult	79	1.0	tpm	58735
E-MTAB-6814	heart	middle adult	80	2.0	tpm	58735
E-MTAB-6814	heart	middle adult	81	2.0	tpm	58735
E-MTAB-6814	heart	middle adult	82	2.0	tpm	58735
E-MTAB-6814	heart	middle adult	83	2.0	tpm	58735
E-MTAB-6814	heart	middle adult	84	3.0	tpm	58735
E-MTAB-6814	heart	middle adult	85	3.0	tpm	58735
E-MTAB-6814	heart	middle adult	86	3.0	tpm	58735
E-MTAB-6814	heart	middle adult	87	4.0	tpm	58735
E-MTAB-6814	heart	middle adult	88	4.0	tpm	58735
E-MTAB-6814	heart	middle adult	89	5.0	tpm	58735
E-MTAB-6814	heart	middle adult	90	5.0	tpm	58735
E-MTAB-6814	heart	middle adult	91	6.0	tpm	58735
E-MTAB-6814	heart	middle adult	92	7.0	tpm	58735
E-MTAB-6814	heart	middle adult	93	8.0	tpm	58735
E-MTAB-6814	heart	middle adult	94	10.0	tpm	58735
E-MTAB-6814	heart	middle adult	95	12.0	tpm	58735
E-MTAB-6814	heart	middle adult	96	14.0	tpm	58735
E-MTAB-6814	heart	middle adult	97	19.0	tpm	58735
E-MTAB-6814	heart	middle adult	98	28.0	tpm	58735
E-MTAB-6814	heart	middle adult	99	52.0	tpm	58735
E-MTAB-6814	heart	middle adult	100	123158.0	tpm	58735
E-MTAB-6814	heart	neonate	0	0.0	tpm	58735
E-MTAB-6814	heart	neonate	1	0.0	tpm	58735
E-MTAB-6814	heart	neonate	2	0.0	tpm	58735
E-MTAB-6814	heart	neonate	3	0.0	tpm	58735
E-MTAB-6814	heart	neonate	4	0.0	tpm	58735
E-MTAB-6814	heart	neonate	5	0.0	tpm	58735
E-MTAB-6814	heart	neonate	6	0.0	tpm	58735
E-MTAB-6814	heart	neonate	7	0.0	tpm	58735
E-MTAB-6814	heart	neonate	8	0.0	tpm	58735
E-MTAB-6814	heart	neonate	9	0.0	tpm	58735
E-MTAB-6814	heart	neonate	10	0.0	tpm	58735
E-MTAB-6814	heart	neonate	11	0.0	tpm	58735
E-MTAB-6814	heart	neonate	12	0.0	tpm	58735
E-MTAB-6814	heart	neonate	13	0.0	tpm	58735
E-MTAB-6814	heart	neonate	14	0.0	tpm	58735
E-MTAB-6814	heart	neonate	15	0.0	tpm	58735
E-MTAB-6814	heart	neonate	16	0.0	tpm	58735
E-MTAB-6814	heart	neonate	17	0.0	tpm	58735
E-MTAB-6814	heart	neonate	18	0.0	tpm	58735
E-MTAB-6814	heart	neonate	19	0.0	tpm	58735
E-MTAB-6814	heart	neonate	20	0.0	tpm	58735
E-MTAB-6814	heart	neonate	21	0.0	tpm	58735
E-MTAB-6814	heart	neonate	22	0.0	tpm	58735
E-MTAB-6814	heart	neonate	23	0.0	tpm	58735
E-MTAB-6814	heart	neonate	24	0.0	tpm	58735
E-MTAB-6814	heart	neonate	25	0.0	tpm	58735
E-MTAB-6814	heart	neonate	26	0.0	tpm	58735
E-MTAB-6814	heart	neonate	27	0.0	tpm	58735
E-MTAB-6814	heart	neonate	28	0.0	tpm	58735
E-MTAB-6814	heart	neonate	29	0.0	tpm	58735
E-MTAB-6814	heart	neonate	30	0.0	tpm	58735
E-MTAB-6814	heart	neonate	31	0.0	tpm	58735
E-MTAB-6814	heart	neonate	32	0.0	tpm	58735
E-MTAB-6814	heart	neonate	33	0.0	tpm	58735
E-MTAB-6814	heart	neonate	34	0.0	tpm	58735
E-MTAB-6814	heart	neonate	35	0.0	tpm	58735
E-MTAB-6814	heart	neonate	36	0.0	tpm	58735
E-MTAB-6814	heart	neonate	37	0.0	tpm	58735
E-MTAB-6814	heart	neonate	38	0.0	tpm	58735
E-MTAB-6814	heart	neonate	39	0.0	tpm	58735
E-MTAB-6814	heart	neonate	40	0.0	tpm	58735
E-MTAB-6814	heart	neonate	41	0.0	tpm	58735
E-MTAB-6814	heart	neonate	42	0.0	tpm	58735
E-MTAB-6814	heart	neonate	43	0.0	tpm	58735
E-MTAB-6814	heart	neonate	44	0.0	tpm	58735
E-MTAB-6814	heart	neonate	45	0.0	tpm	58735
E-MTAB-6814	heart	neonate	46	0.0	tpm	58735
E-MTAB-6814	heart	neonate	47	0.0	tpm	58735
E-MTAB-6814	heart	neonate	48	0.0	tpm	58735
E-MTAB-6814	heart	neonate	49	0.0	tpm	58735
E-MTAB-6814	heart	neonate	50	0.0	tpm	58735
E-MTAB-6814	heart	neonate	51	0.0	tpm	58735
E-MTAB-6814	heart	neonate	52	0.0	tpm	58735
E-MTAB-6814	heart	neonate	53	0.0	tpm	58735
E-MTAB-6814	heart	neonate	54	0.0	tpm	58735
E-MTAB-6814	heart	neonate	55	0.0	tpm	58735
E-MTAB-6814	heart	neonate	56	0.0	tpm	58735
E-MTAB-6814	heart	neonate	57	0.0	tpm	58735
E-MTAB-6814	heart	neonate	58	0.0	tpm	58735
E-MTAB-6814	heart	neonate	59	0.0	tpm	58735
E-MTAB-6814	heart	neonate	60	0.0	tpm	58735
E-MTAB-6814	heart	neonate	61	0.0	tpm	58735
E-MTAB-6814	heart	neonate	62	0.0	tpm	58735
E-MTAB-6814	heart	neonate	63	0.1	tpm	58735
E-MTAB-6814	heart	neonate	64	0.1	tpm	58735
E-MTAB-6814	heart	neonate	65	0.1	tpm	58735
E-MTAB-6814	heart	neonate	66	0.2	tpm	58735
E-MTAB-6814	heart	neonate	67	0.2	tpm	58735
E-MTAB-6814	heart	neonate	68	0.2	tpm	58735
E-MTAB-6814	heart	neonate	69	0.3	tpm	58735
E-MTAB-6814	heart	neonate	70	0.3	tpm	58735
E-MTAB-6814	heart	neonate	71	0.4	tpm	58735
E-MTAB-6814	heart	neonate	72	0.5	tpm	58735
E-MTAB-6814	heart	neonate	73	0.6	tpm	58735
E-MTAB-6814	heart	neonate	74	0.7	tpm	58735
E-MTAB-6814	heart	neonate	75	0.8	tpm	58735
E-MTAB-6814	heart	neonate	76	1.0	tpm	58735
E-MTAB-6814	heart	neonate	77	1.0	tpm	58735
E-MTAB-6814	heart	neonate	78	1.0	tpm	58735
E-MTAB-6814	heart	neonate	79	2.0	tpm	58735
E-MTAB-6814	heart	neonate	80	2.0	tpm	58735
E-MTAB-6814	heart	neonate	81	2.0	tpm	58735
E-MTAB-6814	heart	neonate	82	3.0	tpm	58735
E-MTAB-6814	heart	neonate	83	3.0	tpm	58735
E-MTAB-6814	heart	neonate	84	4.0	tpm	58735
E-MTAB-6814	heart	neonate	85	5.0	tpm	58735
E-MTAB-6814	heart	neonate	86	5.0	tpm	58735
E-MTAB-6814	heart	neonate	87	6.0	tpm	58735
E-MTAB-6814	heart	neonate	88	7.0	tpm	58735
E-MTAB-6814	heart	neonate	89	8.0	tpm	58735
E-MTAB-6814	heart	neonate	90	9.0	tpm	58735
E-MTAB-6814	heart	neonate	91	11.0	tpm	58735
E-MTAB-6814	heart	neonate	92	12.28	tpm	58735
E-MTAB-6814	heart	neonate	93	15.0	tpm	58735
E-MTAB-6814	heart	neonate	94	17.0	tpm	58735
E-MTAB-6814	heart	neonate	95	21.0	tpm	58735
E-MTAB-6814	heart	neonate	96	27.0	tpm	58735
E-MTAB-6814	heart	neonate	97	36.0	tpm	58735
E-MTAB-6814	heart	neonate	98	52.0	tpm	58735
E-MTAB-6814	heart	neonate	99	103.0	tpm	58735
E-MTAB-6814	heart	neonate	100	84071.0	tpm	58735
E-MTAB-6814	heart	toddler	0	0.0	tpm	58735
E-MTAB-6814	heart	toddler	1	0.0	tpm	58735
E-MTAB-6814	heart	toddler	2	0.0	tpm	58735
E-MTAB-6814	heart	toddler	3	0.0	tpm	58735
E-MTAB-6814	heart	toddler	4	0.0	tpm	58735
E-MTAB-6814	heart	toddler	5	0.0	tpm	58735
E-MTAB-6814	heart	toddler	6	0.0	tpm	58735
E-MTAB-6814	heart	toddler	7	0.0	tpm	58735
E-MTAB-6814	heart	toddler	8	0.0	tpm	58735
E-MTAB-6814	heart	toddler	9	0.0	tpm	58735
E-MTAB-6814	heart	toddler	10	0.0	tpm	58735
E-MTAB-6814	heart	toddler	11	0.0	tpm	58735
E-MTAB-6814	heart	toddler	12	0.0	tpm	58735
E-MTAB-6814	heart	toddler	13	0.0	tpm	58735
E-MTAB-6814	heart	toddler	14	0.0	tpm	58735
E-MTAB-6814	heart	toddler	15	0.0	tpm	58735
E-MTAB-6814	heart	toddler	16	0.0	tpm	58735
E-MTAB-6814	heart	toddler	17	0.0	tpm	58735
E-MTAB-6814	heart	toddler	18	0.0	tpm	58735
E-MTAB-6814	heart	toddler	19	0.0	tpm	58735
E-MTAB-6814	heart	toddler	20	0.0	tpm	58735
E-MTAB-6814	heart	toddler	21	0.0	tpm	58735
E-MTAB-6814	heart	toddler	22	0.0	tpm	58735
E-MTAB-6814	heart	toddler	23	0.0	tpm	58735
E-MTAB-6814	heart	toddler	24	0.0	tpm	58735
E-MTAB-6814	heart	toddler	25	0.0	tpm	58735
E-MTAB-6814	heart	toddler	26	0.0	tpm	58735
E-MTAB-6814	heart	toddler	27	0.0	tpm	58735
E-MTAB-6814	heart	toddler	28	0.0	tpm	58735
E-MTAB-6814	heart	toddler	29	0.0	tpm	58735
E-MTAB-6814	heart	toddler	30	0.0	tpm	58735
E-MTAB-6814	heart	toddler	31	0.0	tpm	58735
E-MTAB-6814	heart	toddler	32	0.0	tpm	58735
E-MTAB-6814	heart	toddler	33	0.0	tpm	58735
E-MTAB-6814	heart	toddler	34	0.0	tpm	58735
E-MTAB-6814	heart	toddler	35	0.0	tpm	58735
E-MTAB-6814	heart	toddler	36	0.0	tpm	58735
E-MTAB-6814	heart	toddler	37	0.0	tpm	58735
E-MTAB-6814	heart	toddler	38	0.0	tpm	58735
E-MTAB-6814	heart	toddler	39	0.0	tpm	58735
E-MTAB-6814	heart	toddler	40	0.0	tpm	58735
E-MTAB-6814	heart	toddler	41	0.0	tpm	58735
E-MTAB-6814	heart	toddler	42	0.0	tpm	58735
E-MTAB-6814	heart	toddler	43	0.0	tpm	58735
E-MTAB-6814	heart	toddler	44	0.0	tpm	58735
E-MTAB-6814	heart	toddler	45	0.0	tpm	58735
E-MTAB-6814	heart	toddler	46	0.0	tpm	58735
E-MTAB-6814	heart	toddler	47	0.0	tpm	58735
E-MTAB-6814	heart	toddler	48	0.0	tpm	58735
E-MTAB-6814	heart	toddler	49	0.0	tpm	58735
E-MTAB-6814	heart	toddler	50	0.0	tpm	58735
E-MTAB-6814	heart	toddler	51	0.0	tpm	58735
E-MTAB-6814	heart	toddler	52	0.0	tpm	58735
E-MTAB-6814	heart	toddler	53	0.0	tpm	58735
E-MTAB-6814	heart	toddler	54	0.0	tpm	58735
E-MTAB-6814	heart	toddler	55	0.0	tpm	58735
E-MTAB-6814	heart	toddler	56	0.0	tpm	58735
E-MTAB-6814	heart	toddler	57	0.0	tpm	58735
E-MTAB-6814	heart	toddler	58	0.0	tpm	58735
E-MTAB-6814	heart	toddler	59	0.0	tpm	58735
E-MTAB-6814	heart	toddler	60	0.0	tpm	58735
E-MTAB-6814	heart	toddler	61	0.0	tpm	58735
E-MTAB-6814	heart	toddler	62	0.0	tpm	58735
E-MTAB-6814	heart	toddler	63	0.1	tpm	58735
E-MTAB-6814	heart	toddler	64	0.1	tpm	58735
E-MTAB-6814	heart	toddler	65	0.1	tpm	58735
E-MTAB-6814	heart	toddler	66	0.1	tpm	58735
E-MTAB-6814	heart	toddler	67	0.2	tpm	58735
E-MTAB-6814	heart	toddler	68	0.2	tpm	58735
E-MTAB-6814	heart	toddler	69	0.3	tpm	58735
E-MTAB-6814	heart	toddler	70	0.3	tpm	58735
E-MTAB-6814	heart	toddler	71	0.4	tpm	58735
E-MTAB-6814	heart	toddler	72	0.4	tpm	58735
E-MTAB-6814	heart	toddler	73	0.5	tpm	58735
E-MTAB-6814	heart	toddler	74	0.6	tpm	58735
E-MTAB-6814	heart	toddler	75	0.7	tpm	58735
E-MTAB-6814	heart	toddler	76	0.9	tpm	58735
E-MTAB-6814	heart	toddler	77	1.0	tpm	58735
E-MTAB-6814	heart	toddler	78	1.0	tpm	58735
E-MTAB-6814	heart	toddler	79	2.0	tpm	58735
E-MTAB-6814	heart	toddler	80	2.0	tpm	58735
E-MTAB-6814	heart	toddler	81	2.0	tpm	58735
E-MTAB-6814	heart	toddler	82	2.0	tpm	58735
E-MTAB-6814	heart	toddler	83	3.0	tpm	58735
E-MTAB-6814	heart	toddler	84	3.0	tpm	58735
E-MTAB-6814	heart	toddler	85	4.0	tpm	58735
E-MTAB-6814	heart	toddler	86	4.0	tpm	58735
E-MTAB-6814	heart	toddler	87	5.0	tpm	58735
E-MTAB-6814	heart	toddler	88	6.0	tpm	58735
E-MTAB-6814	heart	toddler	89	7.0	tpm	58735
E-MTAB-6814	heart	toddler	90	8.0	tpm	58735
E-MTAB-6814	heart	toddler	91	9.0	tpm	58735
E-MTAB-6814	heart	toddler	92	11.0	tpm	58735
E-MTAB-6814	heart	toddler	93	13.0	tpm	58735
E-MTAB-6814	heart	toddler	94	16.0	tpm	58735
E-MTAB-6814	heart	toddler	95	20.0	tpm	58735
E-MTAB-6814	heart	toddler	96	26.0	tpm	58735
E-MTAB-6814	heart	toddler	97	36.0	tpm	58735
E-MTAB-6814	heart	toddler	98	55.0	tpm	58735
E-MTAB-6814	heart	toddler	99	113.0	tpm	58735
E-MTAB-6814	heart	toddler	100	88796.0	tpm	58735
E-MTAB-6814	heart	young adult	0	0.0	tpm	58735
E-MTAB-6814	heart	young adult	1	0.0	tpm	58735
E-MTAB-6814	heart	young adult	2	0.0	tpm	58735
E-MTAB-6814	heart	young adult	3	0.0	tpm	58735
E-MTAB-6814	heart	young adult	4	0.0	tpm	58735
E-MTAB-6814	heart	young adult	5	0.0	tpm	58735
E-MTAB-6814	heart	young adult	6	0.0	tpm	58735
E-MTAB-6814	heart	young adult	7	0.0	tpm	58735
E-MTAB-6814	heart	young adult	8	0.0	tpm	58735
E-MTAB-6814	heart	young adult	9	0.0	tpm	58735
E-MTAB-6814	heart	young adult	10	0.0	tpm	58735
E-MTAB-6814	heart	young adult	11	0.0	tpm	58735
E-MTAB-6814	heart	young adult	12	0.0	tpm	58735
E-MTAB-6814	heart	young adult	13	0.0	tpm	58735
E-MTAB-6814	heart	young adult	14	0.0	tpm	58735
E-MTAB-6814	heart	young adult	15	0.0	tpm	58735
E-MTAB-6814	heart	young adult	16	0.0	tpm	58735
E-MTAB-6814	heart	young adult	17	0.0	tpm	58735
E-MTAB-6814	heart	young adult	18	0.0	tpm	58735
E-MTAB-6814	heart	young adult	19	0.0	tpm	58735
E-MTAB-6814	heart	young adult	20	0.0	tpm	58735
E-MTAB-6814	heart	young adult	21	0.0	tpm	58735
E-MTAB-6814	heart	young adult	22	0.0	tpm	58735
E-MTAB-6814	heart	young adult	23	0.0	tpm	58735
E-MTAB-6814	heart	young adult	24	0.0	tpm	58735
E-MTAB-6814	heart	young adult	25	0.0	tpm	58735
E-MTAB-6814	heart	young adult	26	0.0	tpm	58735
E-MTAB-6814	heart	young adult	27	0.0	tpm	58735
E-MTAB-6814	heart	young adult	28	0.0	tpm	58735
E-MTAB-6814	heart	young adult	29	0.0	tpm	58735
E-MTAB-6814	heart	young adult	30	0.0	tpm	58735
E-MTAB-6814	heart	young adult	31	0.0	tpm	58735
E-MTAB-6814	heart	young adult	32	0.0	tpm	58735
E-MTAB-6814	heart	young adult	33	0.0	tpm	58735
E-MTAB-6814	heart	young adult	34	0.0	tpm	58735
E-MTAB-6814	heart	young adult	35	0.0	tpm	58735
E-MTAB-6814	heart	young adult	36	0.0	tpm	58735
E-MTAB-6814	heart	young adult	37	0.0	tpm	58735
E-MTAB-6814	heart	young adult	38	0.0	tpm	58735
E-MTAB-6814	heart	young adult	39	0.0	tpm	58735
E-MTAB-6814	heart	young adult	40	0.0	tpm	58735
E-MTAB-6814	heart	young adult	41	0.0	tpm	58735
E-MTAB-6814	heart	young adult	42	0.0	tpm	58735
E-MTAB-6814	heart	young adult	43	0.0	tpm	58735
E-MTAB-6814	heart	young adult	44	0.0	tpm	58735
E-MTAB-6814	heart	young adult	45	0.0	tpm	58735
E-MTAB-6814	heart	young adult	46	0.0	tpm	58735
E-MTAB-6814	heart	young adult	47	0.0	tpm	58735
E-MTAB-6814	heart	young adult	48	0.0	tpm	58735
E-MTAB-6814	heart	young adult	49	0.0	tpm	58735
E-MTAB-6814	heart	young adult	50	0.0	tpm	58735
E-MTAB-6814	heart	young adult	51	0.0	tpm	58735
E-MTAB-6814	heart	young adult	52	0.0	tpm	58735
E-MTAB-6814	heart	young adult	53	0.0	tpm	58735
E-MTAB-6814	heart	young adult	54	0.0	tpm	58735
E-MTAB-6814	heart	young adult	55	0.0	tpm	58735
E-MTAB-6814	heart	young adult	56	0.0	tpm	58735
E-MTAB-6814	heart	young adult	57	0.0	tpm	58735
E-MTAB-6814	heart	young adult	58	0.0	tpm	58735
E-MTAB-6814	heart	young adult	59	0.0	tpm	58735
E-MTAB-6814	heart	young adult	60	0.0	tpm	58735
E-MTAB-6814	heart	young adult	61	0.0	tpm	58735
E-MTAB-6814	heart	young adult	62	0.0	tpm	58735
E-MTAB-6814	heart	young adult	63	0.0	tpm	58735
E-MTAB-6814	heart	young adult	64	0.1	tpm	58735
E-MTAB-6814	heart	young adult	65	0.1	tpm	58735
E-MTAB-6814	heart	young adult	66	0.1	tpm	58735
E-MTAB-6814	heart	young adult	67	0.1	tpm	58735
E-MTAB-6814	heart	young adult	68	0.1	tpm	58735
E-MTAB-6814	heart	young adult	69	0.1	tpm	58735
E-MTAB-6814	heart	young adult	70	0.2	tpm	58735
E-MTAB-6814	heart	young adult	71	0.2	tpm	58735
E-MTAB-6814	heart	young adult	72	0.2	tpm	58735
E-MTAB-6814	heart	young adult	73	0.3	tpm	58735
E-MTAB-6814	heart	young adult	74	0.3	tpm	58735
E-MTAB-6814	heart	young adult	75	0.4	tpm	58735
E-MTAB-6814	heart	young adult	76	0.4	tpm	58735
E-MTAB-6814	heart	young adult	77	0.5	tpm	58735
E-MTAB-6814	heart	young adult	78	0.6	tpm	58735
E-MTAB-6814	heart	young adult	79	0.7	tpm	58735
E-MTAB-6814	heart	young adult	80	0.8	tpm	58735
E-MTAB-6814	heart	young adult	81	0.9	tpm	58735
E-MTAB-6814	heart	young adult	82	1.0	tpm	58735
E-MTAB-6814	heart	young adult	83	1.0	tpm	58735
E-MTAB-6814	heart	young adult	84	1.0	tpm	58735
E-MTAB-6814	heart	young adult	85	2.0	tpm	58735
E-MTAB-6814	heart	young adult	86	2.0	tpm	58735
E-MTAB-6814	heart	young adult	87	2.0	tpm	58735
E-MTAB-6814	heart	young adult	88	3.0	tpm	58735
E-MTAB-6814	heart	young adult	89	3.0	tpm	58735
E-MTAB-6814	heart	young adult	90	4.0	tpm	58735
E-MTAB-6814	heart	young adult	91	4.0	tpm	58735
E-MTAB-6814	heart	young adult	92	5.0	tpm	58735
E-MTAB-6814	heart	young adult	93	6.0	tpm	58735
E-MTAB-6814	heart	young adult	94	7.0	tpm	58735
E-MTAB-6814	heart	young adult	95	9.0	tpm	58735
E-MTAB-6814	heart	young adult	96	12.0	tpm	58735
E-MTAB-6814	heart	young adult	97	16.0	tpm	58735
E-MTAB-6814	heart	young adult	98	25.0	tpm	58735
E-MTAB-6814	heart	young adult	99	52.0	tpm	58735
E-MTAB-6814	heart	young adult	100	124466.0	tpm	58735
E-MTAB-6814	hindbrain	10 week post conception	0	0.0	tpm	58735
E-MTAB-6814	hindbrain	10 week post conception	1	0.0	tpm	58735
E-MTAB-6814	hindbrain	10 week post conception	2	0.0	tpm	58735
E-MTAB-6814	hindbrain	10 week post conception	3	0.0	tpm	58735
E-MTAB-6814	hindbrain	10 week post conception	4	0.0	tpm	58735
E-MTAB-6814	hindbrain	10 week post conception	5	0.0	tpm	58735
E-MTAB-6814	hindbrain	10 week post conception	6	0.0	tpm	58735
E-MTAB-6814	hindbrain	10 week post conception	7	0.0	tpm	58735
E-MTAB-6814	hindbrain	10 week post conception	8	0.0	tpm	58735
E-MTAB-6814	hindbrain	10 week post conception	9	0.0	tpm	58735
E-MTAB-6814	hindbrain	10 week post conception	10	0.0	tpm	58735
E-MTAB-6814	hindbrain	10 week post conception	11	0.0	tpm	58735
E-MTAB-6814	hindbrain	10 week post conception	12	0.0	tpm	58735
E-MTAB-6814	hindbrain	10 week post conception	13	0.0	tpm	58735
E-MTAB-6814	hindbrain	10 week post conception	14	0.0	tpm	58735
E-MTAB-6814	hindbrain	10 week post conception	15	0.0	tpm	58735
E-MTAB-6814	hindbrain	10 week post conception	16	0.0	tpm	58735
E-MTAB-6814	hindbrain	10 week post conception	17	0.0	tpm	58735
E-MTAB-6814	hindbrain	10 week post conception	18	0.0	tpm	58735
E-MTAB-6814	hindbrain	10 week post conception	19	0.0	tpm	58735
E-MTAB-6814	hindbrain	10 week post conception	20	0.0	tpm	58735
E-MTAB-6814	hindbrain	10 week post conception	21	0.0	tpm	58735
E-MTAB-6814	hindbrain	10 week post conception	22	0.0	tpm	58735
E-MTAB-6814	hindbrain	10 week post conception	23	0.0	tpm	58735
E-MTAB-6814	hindbrain	10 week post conception	24	0.0	tpm	58735
E-MTAB-6814	hindbrain	10 week post conception	25	0.0	tpm	58735
E-MTAB-6814	hindbrain	10 week post conception	26	0.0	tpm	58735
E-MTAB-6814	hindbrain	10 week post conception	27	0.0	tpm	58735
E-MTAB-6814	hindbrain	10 week post conception	28	0.0	tpm	58735
E-MTAB-6814	hindbrain	10 week post conception	29	0.0	tpm	58735
E-MTAB-6814	hindbrain	10 week post conception	30	0.0	tpm	58735
E-MTAB-6814	hindbrain	10 week post conception	31	0.0	tpm	58735
E-MTAB-6814	hindbrain	10 week post conception	32	0.0	tpm	58735
E-MTAB-6814	hindbrain	10 week post conception	33	0.0	tpm	58735
E-MTAB-6814	hindbrain	10 week post conception	34	0.0	tpm	58735
E-MTAB-6814	hindbrain	10 week post conception	35	0.1	tpm	58735
E-MTAB-6814	hindbrain	10 week post conception	36	0.1	tpm	58735
E-MTAB-6814	hindbrain	10 week post conception	37	0.1	tpm	58735
E-MTAB-6814	hindbrain	10 week post conception	38	0.2	tpm	58735
E-MTAB-6814	hindbrain	10 week post conception	39	0.2	tpm	58735
E-MTAB-6814	hindbrain	10 week post conception	40	0.2	tpm	58735
E-MTAB-6814	hindbrain	10 week post conception	41	0.3	tpm	58735
E-MTAB-6814	hindbrain	10 week post conception	42	0.3	tpm	58735
E-MTAB-6814	hindbrain	10 week post conception	43	0.3	tpm	58735
E-MTAB-6814	hindbrain	10 week post conception	44	0.4	tpm	58735
E-MTAB-6814	hindbrain	10 week post conception	45	0.4	tpm	58735
E-MTAB-6814	hindbrain	10 week post conception	46	0.5	tpm	58735
E-MTAB-6814	hindbrain	10 week post conception	47	0.5	tpm	58735
E-MTAB-6814	hindbrain	10 week post conception	48	0.6	tpm	58735
E-MTAB-6814	hindbrain	10 week post conception	49	0.6	tpm	58735
E-MTAB-6814	hindbrain	10 week post conception	50	0.7	tpm	58735
E-MTAB-6814	hindbrain	10 week post conception	51	0.7	tpm	58735
E-MTAB-6814	hindbrain	10 week post conception	52	0.8	tpm	58735
E-MTAB-6814	hindbrain	10 week post conception	53	0.9	tpm	58735
E-MTAB-6814	hindbrain	10 week post conception	54	1.0	tpm	58735
E-MTAB-6814	hindbrain	10 week post conception	55	1.0	tpm	58735
E-MTAB-6814	hindbrain	10 week post conception	56	1.0	tpm	58735
E-MTAB-6814	hindbrain	10 week post conception	57	1.0	tpm	58735
E-MTAB-6814	hindbrain	10 week post conception	58	1.0	tpm	58735
E-MTAB-6814	hindbrain	10 week post conception	59	1.0	tpm	58735
E-MTAB-6814	hindbrain	10 week post conception	60	2.0	tpm	58735
E-MTAB-6814	hindbrain	10 week post conception	61	2.0	tpm	58735
E-MTAB-6814	hindbrain	10 week post conception	62	2.0	tpm	58735
E-MTAB-6814	hindbrain	10 week post conception	63	2.0	tpm	58735
E-MTAB-6814	hindbrain	10 week post conception	64	2.0	tpm	58735
E-MTAB-6814	hindbrain	10 week post conception	65	2.0	tpm	58735
E-MTAB-6814	hindbrain	10 week post conception	66	3.0	tpm	58735
E-MTAB-6814	hindbrain	10 week post conception	67	3.0	tpm	58735
E-MTAB-6814	hindbrain	10 week post conception	68	3.0	tpm	58735
E-MTAB-6814	hindbrain	10 week post conception	69	4.0	tpm	58735
E-MTAB-6814	hindbrain	10 week post conception	70	4.0	tpm	58735
E-MTAB-6814	hindbrain	10 week post conception	71	4.0	tpm	58735
E-MTAB-6814	hindbrain	10 week post conception	72	5.0	tpm	58735
E-MTAB-6814	hindbrain	10 week post conception	73	5.0	tpm	58735
E-MTAB-6814	hindbrain	10 week post conception	74	6.0	tpm	58735
E-MTAB-6814	hindbrain	10 week post conception	75	7.0	tpm	58735
E-MTAB-6814	hindbrain	10 week post conception	76	7.0	tpm	58735
E-MTAB-6814	hindbrain	10 week post conception	77	8.0	tpm	58735
E-MTAB-6814	hindbrain	10 week post conception	78	9.0	tpm	58735
E-MTAB-6814	hindbrain	10 week post conception	79	11.0	tpm	58735
E-MTAB-6814	hindbrain	10 week post conception	80	12.0	tpm	58735
E-MTAB-6814	hindbrain	10 week post conception	81	13.0	tpm	58735
E-MTAB-6814	hindbrain	10 week post conception	82	15.0	tpm	58735
E-MTAB-6814	hindbrain	10 week post conception	83	17.0	tpm	58735
E-MTAB-6814	hindbrain	10 week post conception	84	19.0	tpm	58735
E-MTAB-6814	hindbrain	10 week post conception	85	21.0	tpm	58735
E-MTAB-6814	hindbrain	10 week post conception	86	23.0	tpm	58735
E-MTAB-6814	hindbrain	10 week post conception	87	26.0	tpm	58735
E-MTAB-6814	hindbrain	10 week post conception	88	28.0	tpm	58735
E-MTAB-6814	hindbrain	10 week post conception	89	31.0	tpm	58735
E-MTAB-6814	hindbrain	10 week post conception	90	35.0	tpm	58735
E-MTAB-6814	hindbrain	10 week post conception	91	39.0	tpm	58735
E-MTAB-6814	hindbrain	10 week post conception	92	43.0	tpm	58735
E-MTAB-6814	hindbrain	10 week post conception	93	49.0	tpm	58735
E-MTAB-6814	hindbrain	10 week post conception	94	56.0	tpm	58735
E-MTAB-6814	hindbrain	10 week post conception	95	65.0	tpm	58735
E-MTAB-6814	hindbrain	10 week post conception	96	77.0	tpm	58735
E-MTAB-6814	hindbrain	10 week post conception	97	95.0	tpm	58735
E-MTAB-6814	hindbrain	10 week post conception	98	125.32	tpm	58735
E-MTAB-6814	hindbrain	10 week post conception	99	194.66	tpm	58735
E-MTAB-6814	hindbrain	10 week post conception	100	22572.0	tpm	58735
E-MTAB-6814	hindbrain	11 week post conception	0	0.0	tpm	58735
E-MTAB-6814	hindbrain	11 week post conception	1	0.0	tpm	58735
E-MTAB-6814	hindbrain	11 week post conception	2	0.0	tpm	58735
E-MTAB-6814	hindbrain	11 week post conception	3	0.0	tpm	58735
E-MTAB-6814	hindbrain	11 week post conception	4	0.0	tpm	58735
E-MTAB-6814	hindbrain	11 week post conception	5	0.0	tpm	58735
E-MTAB-6814	hindbrain	11 week post conception	6	0.0	tpm	58735
E-MTAB-6814	hindbrain	11 week post conception	7	0.0	tpm	58735
E-MTAB-6814	hindbrain	11 week post conception	8	0.0	tpm	58735
E-MTAB-6814	hindbrain	11 week post conception	9	0.0	tpm	58735
E-MTAB-6814	hindbrain	11 week post conception	10	0.0	tpm	58735
E-MTAB-6814	hindbrain	11 week post conception	11	0.0	tpm	58735
E-MTAB-6814	hindbrain	11 week post conception	12	0.0	tpm	58735
E-MTAB-6814	hindbrain	11 week post conception	13	0.0	tpm	58735
E-MTAB-6814	hindbrain	11 week post conception	14	0.0	tpm	58735
E-MTAB-6814	hindbrain	11 week post conception	15	0.0	tpm	58735
E-MTAB-6814	hindbrain	11 week post conception	16	0.0	tpm	58735
E-MTAB-6814	hindbrain	11 week post conception	17	0.0	tpm	58735
E-MTAB-6814	hindbrain	11 week post conception	18	0.0	tpm	58735
E-MTAB-6814	hindbrain	11 week post conception	19	0.0	tpm	58735
E-MTAB-6814	hindbrain	11 week post conception	20	0.0	tpm	58735
E-MTAB-6814	hindbrain	11 week post conception	21	0.0	tpm	58735
E-MTAB-6814	hindbrain	11 week post conception	22	0.0	tpm	58735
E-MTAB-6814	hindbrain	11 week post conception	23	0.0	tpm	58735
E-MTAB-6814	hindbrain	11 week post conception	24	0.0	tpm	58735
E-MTAB-6814	hindbrain	11 week post conception	25	0.0	tpm	58735
E-MTAB-6814	hindbrain	11 week post conception	26	0.0	tpm	58735
E-MTAB-6814	hindbrain	11 week post conception	27	0.0	tpm	58735
E-MTAB-6814	hindbrain	11 week post conception	28	0.0	tpm	58735
E-MTAB-6814	hindbrain	11 week post conception	29	0.0	tpm	58735
E-MTAB-6814	hindbrain	11 week post conception	30	0.0	tpm	58735
E-MTAB-6814	hindbrain	11 week post conception	31	0.0	tpm	58735
E-MTAB-6814	hindbrain	11 week post conception	32	0.0	tpm	58735
E-MTAB-6814	hindbrain	11 week post conception	33	0.0	tpm	58735
E-MTAB-6814	hindbrain	11 week post conception	34	0.0	tpm	58735
E-MTAB-6814	hindbrain	11 week post conception	35	0.0	tpm	58735
E-MTAB-6814	hindbrain	11 week post conception	36	0.0	tpm	58735
E-MTAB-6814	hindbrain	11 week post conception	37	0.0	tpm	58735
E-MTAB-6814	hindbrain	11 week post conception	38	0.0	tpm	58735
E-MTAB-6814	hindbrain	11 week post conception	39	0.0	tpm	58735
E-MTAB-6814	hindbrain	11 week post conception	40	0.0	tpm	58735
E-MTAB-6814	hindbrain	11 week post conception	41	0.0	tpm	58735
E-MTAB-6814	hindbrain	11 week post conception	42	0.0	tpm	58735
E-MTAB-6814	hindbrain	11 week post conception	43	0.0	tpm	58735
E-MTAB-6814	hindbrain	11 week post conception	44	0.0	tpm	58735
E-MTAB-6814	hindbrain	11 week post conception	45	0.0	tpm	58735
E-MTAB-6814	hindbrain	11 week post conception	46	0.1	tpm	58735
E-MTAB-6814	hindbrain	11 week post conception	47	0.1	tpm	58735
E-MTAB-6814	hindbrain	11 week post conception	48	0.1	tpm	58735
E-MTAB-6814	hindbrain	11 week post conception	49	0.1	tpm	58735
E-MTAB-6814	hindbrain	11 week post conception	50	0.2	tpm	58735
E-MTAB-6814	hindbrain	11 week post conception	51	0.2	tpm	58735
E-MTAB-6814	hindbrain	11 week post conception	52	0.2	tpm	58735
E-MTAB-6814	hindbrain	11 week post conception	53	0.2	tpm	58735
E-MTAB-6814	hindbrain	11 week post conception	54	0.3	tpm	58735
E-MTAB-6814	hindbrain	11 week post conception	55	0.3	tpm	58735
E-MTAB-6814	hindbrain	11 week post conception	56	0.4	tpm	58735
E-MTAB-6814	hindbrain	11 week post conception	57	0.4	tpm	58735
E-MTAB-6814	hindbrain	11 week post conception	58	0.5	tpm	58735
E-MTAB-6814	hindbrain	11 week post conception	59	0.6	tpm	58735
E-MTAB-6814	hindbrain	11 week post conception	60	0.7	tpm	58735
E-MTAB-6814	hindbrain	11 week post conception	61	0.8	tpm	58735
E-MTAB-6814	hindbrain	11 week post conception	62	0.9	tpm	58735
E-MTAB-6814	hindbrain	11 week post conception	63	1.0	tpm	58735
E-MTAB-6814	hindbrain	11 week post conception	64	1.0	tpm	58735
E-MTAB-6814	hindbrain	11 week post conception	65	1.0	tpm	58735
E-MTAB-6814	hindbrain	11 week post conception	66	1.0	tpm	58735
E-MTAB-6814	hindbrain	11 week post conception	67	2.0	tpm	58735
E-MTAB-6814	hindbrain	11 week post conception	68	2.0	tpm	58735
E-MTAB-6814	hindbrain	11 week post conception	69	2.0	tpm	58735
E-MTAB-6814	hindbrain	11 week post conception	70	2.0	tpm	58735
E-MTAB-6814	hindbrain	11 week post conception	71	3.0	tpm	58735
E-MTAB-6814	hindbrain	11 week post conception	72	3.0	tpm	58735
E-MTAB-6814	hindbrain	11 week post conception	73	4.0	tpm	58735
E-MTAB-6814	hindbrain	11 week post conception	74	4.0	tpm	58735
E-MTAB-6814	hindbrain	11 week post conception	75	5.0	tpm	58735
E-MTAB-6814	hindbrain	11 week post conception	76	6.0	tpm	58735
E-MTAB-6814	hindbrain	11 week post conception	77	7.0	tpm	58735
E-MTAB-6814	hindbrain	11 week post conception	78	8.0	tpm	58735
E-MTAB-6814	hindbrain	11 week post conception	79	9.0	tpm	58735
E-MTAB-6814	hindbrain	11 week post conception	80	10.0	tpm	58735
E-MTAB-6814	hindbrain	11 week post conception	81	12.0	tpm	58735
E-MTAB-6814	hindbrain	11 week post conception	82	13.0	tpm	58735
E-MTAB-6814	hindbrain	11 week post conception	83	15.0	tpm	58735
E-MTAB-6814	hindbrain	11 week post conception	84	17.0	tpm	58735
E-MTAB-6814	hindbrain	11 week post conception	85	19.0	tpm	58735
E-MTAB-6814	hindbrain	11 week post conception	86	22.0	tpm	58735
E-MTAB-6814	hindbrain	11 week post conception	87	24.0	tpm	58735
E-MTAB-6814	hindbrain	11 week post conception	88	27.0	tpm	58735
E-MTAB-6814	hindbrain	11 week post conception	89	30.0	tpm	58735
E-MTAB-6814	hindbrain	11 week post conception	90	34.0	tpm	58735
E-MTAB-6814	hindbrain	11 week post conception	91	38.0	tpm	58735
E-MTAB-6814	hindbrain	11 week post conception	92	43.0	tpm	58735
E-MTAB-6814	hindbrain	11 week post conception	93	49.0	tpm	58735
E-MTAB-6814	hindbrain	11 week post conception	94	56.0	tpm	58735
E-MTAB-6814	hindbrain	11 week post conception	95	66.0	tpm	58735
E-MTAB-6814	hindbrain	11 week post conception	96	78.0	tpm	58735
E-MTAB-6814	hindbrain	11 week post conception	97	97.0	tpm	58735
E-MTAB-6814	hindbrain	11 week post conception	98	128.32	tpm	58735
E-MTAB-6814	hindbrain	11 week post conception	99	212.66	tpm	58735
E-MTAB-6814	hindbrain	11 week post conception	100	20258.0	tpm	58735
E-MTAB-6814	hindbrain	12 week post conception	0	0.0	tpm	58735
E-MTAB-6814	hindbrain	12 week post conception	1	0.0	tpm	58735
E-MTAB-6814	hindbrain	12 week post conception	2	0.0	tpm	58735
E-MTAB-6814	hindbrain	12 week post conception	3	0.0	tpm	58735
E-MTAB-6814	hindbrain	12 week post conception	4	0.0	tpm	58735
E-MTAB-6814	hindbrain	12 week post conception	5	0.0	tpm	58735
E-MTAB-6814	hindbrain	12 week post conception	6	0.0	tpm	58735
E-MTAB-6814	hindbrain	12 week post conception	7	0.0	tpm	58735
E-MTAB-6814	hindbrain	12 week post conception	8	0.0	tpm	58735
E-MTAB-6814	hindbrain	12 week post conception	9	0.0	tpm	58735
E-MTAB-6814	hindbrain	12 week post conception	10	0.0	tpm	58735
E-MTAB-6814	hindbrain	12 week post conception	11	0.0	tpm	58735
E-MTAB-6814	hindbrain	12 week post conception	12	0.0	tpm	58735
E-MTAB-6814	hindbrain	12 week post conception	13	0.0	tpm	58735
E-MTAB-6814	hindbrain	12 week post conception	14	0.0	tpm	58735
E-MTAB-6814	hindbrain	12 week post conception	15	0.0	tpm	58735
E-MTAB-6814	hindbrain	12 week post conception	16	0.0	tpm	58735
E-MTAB-6814	hindbrain	12 week post conception	17	0.0	tpm	58735
E-MTAB-6814	hindbrain	12 week post conception	18	0.0	tpm	58735
E-MTAB-6814	hindbrain	12 week post conception	19	0.0	tpm	58735
E-MTAB-6814	hindbrain	12 week post conception	20	0.0	tpm	58735
E-MTAB-6814	hindbrain	12 week post conception	21	0.0	tpm	58735
E-MTAB-6814	hindbrain	12 week post conception	22	0.0	tpm	58735
E-MTAB-6814	hindbrain	12 week post conception	23	0.0	tpm	58735
E-MTAB-6814	hindbrain	12 week post conception	24	0.0	tpm	58735
E-MTAB-6814	hindbrain	12 week post conception	25	0.0	tpm	58735
E-MTAB-6814	hindbrain	12 week post conception	26	0.0	tpm	58735
E-MTAB-6814	hindbrain	12 week post conception	27	0.0	tpm	58735
E-MTAB-6814	hindbrain	12 week post conception	28	0.0	tpm	58735
E-MTAB-6814	hindbrain	12 week post conception	29	0.0	tpm	58735
E-MTAB-6814	hindbrain	12 week post conception	30	0.0	tpm	58735
E-MTAB-6814	hindbrain	12 week post conception	31	0.0	tpm	58735
E-MTAB-6814	hindbrain	12 week post conception	32	0.0	tpm	58735
E-MTAB-6814	hindbrain	12 week post conception	33	0.0	tpm	58735
E-MTAB-6814	hindbrain	12 week post conception	34	0.0	tpm	58735
E-MTAB-6814	hindbrain	12 week post conception	35	0.0	tpm	58735
E-MTAB-6814	hindbrain	12 week post conception	36	0.0	tpm	58735
E-MTAB-6814	hindbrain	12 week post conception	37	0.0	tpm	58735
E-MTAB-6814	hindbrain	12 week post conception	38	0.0	tpm	58735
E-MTAB-6814	hindbrain	12 week post conception	39	0.0	tpm	58735
E-MTAB-6814	hindbrain	12 week post conception	40	0.0	tpm	58735
E-MTAB-6814	hindbrain	12 week post conception	41	0.0	tpm	58735
E-MTAB-6814	hindbrain	12 week post conception	42	0.0	tpm	58735
E-MTAB-6814	hindbrain	12 week post conception	43	0.0	tpm	58735
E-MTAB-6814	hindbrain	12 week post conception	44	0.0	tpm	58735
E-MTAB-6814	hindbrain	12 week post conception	45	0.0	tpm	58735
E-MTAB-6814	hindbrain	12 week post conception	46	0.0	tpm	58735
E-MTAB-6814	hindbrain	12 week post conception	47	0.1	tpm	58735
E-MTAB-6814	hindbrain	12 week post conception	48	0.1	tpm	58735
E-MTAB-6814	hindbrain	12 week post conception	49	0.1	tpm	58735
E-MTAB-6814	hindbrain	12 week post conception	50	0.2	tpm	58735
E-MTAB-6814	hindbrain	12 week post conception	51	0.2	tpm	58735
E-MTAB-6814	hindbrain	12 week post conception	52	0.2	tpm	58735
E-MTAB-6814	hindbrain	12 week post conception	53	0.3	tpm	58735
E-MTAB-6814	hindbrain	12 week post conception	54	0.3	tpm	58735
E-MTAB-6814	hindbrain	12 week post conception	55	0.4	tpm	58735
E-MTAB-6814	hindbrain	12 week post conception	56	0.4	tpm	58735
E-MTAB-6814	hindbrain	12 week post conception	57	0.5	tpm	58735
E-MTAB-6814	hindbrain	12 week post conception	58	0.6	tpm	58735
E-MTAB-6814	hindbrain	12 week post conception	59	0.6	tpm	58735
E-MTAB-6814	hindbrain	12 week post conception	60	0.7	tpm	58735
E-MTAB-6814	hindbrain	12 week post conception	61	0.8	tpm	58735
E-MTAB-6814	hindbrain	12 week post conception	62	0.9	tpm	58735
E-MTAB-6814	hindbrain	12 week post conception	63	1.0	tpm	58735
E-MTAB-6814	hindbrain	12 week post conception	64	1.0	tpm	58735
E-MTAB-6814	hindbrain	12 week post conception	65	1.0	tpm	58735
E-MTAB-6814	hindbrain	12 week post conception	66	1.0	tpm	58735
E-MTAB-6814	hindbrain	12 week post conception	67	2.0	tpm	58735
E-MTAB-6814	hindbrain	12 week post conception	68	2.0	tpm	58735
E-MTAB-6814	hindbrain	12 week post conception	69	2.0	tpm	58735
E-MTAB-6814	hindbrain	12 week post conception	70	2.0	tpm	58735
E-MTAB-6814	hindbrain	12 week post conception	71	3.0	tpm	58735
E-MTAB-6814	hindbrain	12 week post conception	72	3.0	tpm	58735
E-MTAB-6814	hindbrain	12 week post conception	73	3.0	tpm	58735
E-MTAB-6814	hindbrain	12 week post conception	74	4.0	tpm	58735
E-MTAB-6814	hindbrain	12 week post conception	75	4.0	tpm	58735
E-MTAB-6814	hindbrain	12 week post conception	76	5.0	tpm	58735
E-MTAB-6814	hindbrain	12 week post conception	77	6.0	tpm	58735
E-MTAB-6814	hindbrain	12 week post conception	78	7.0	tpm	58735
E-MTAB-6814	hindbrain	12 week post conception	79	8.0	tpm	58735
E-MTAB-6814	hindbrain	12 week post conception	80	9.0	tpm	58735
E-MTAB-6814	hindbrain	12 week post conception	81	11.0	tpm	58735
E-MTAB-6814	hindbrain	12 week post conception	82	12.0	tpm	58735
E-MTAB-6814	hindbrain	12 week post conception	83	14.0	tpm	58735
E-MTAB-6814	hindbrain	12 week post conception	84	16.0	tpm	58735
E-MTAB-6814	hindbrain	12 week post conception	85	18.0	tpm	58735
E-MTAB-6814	hindbrain	12 week post conception	86	20.0	tpm	58735
E-MTAB-6814	hindbrain	12 week post conception	87	23.0	tpm	58735
E-MTAB-6814	hindbrain	12 week post conception	88	25.0	tpm	58735
E-MTAB-6814	hindbrain	12 week post conception	89	29.0	tpm	58735
E-MTAB-6814	hindbrain	12 week post conception	90	32.0	tpm	58735
E-MTAB-6814	hindbrain	12 week post conception	91	36.0	tpm	58735
E-MTAB-6814	hindbrain	12 week post conception	92	41.0	tpm	58735
E-MTAB-6814	hindbrain	12 week post conception	93	47.0	tpm	58735
E-MTAB-6814	hindbrain	12 week post conception	94	54.0	tpm	58735
E-MTAB-6814	hindbrain	12 week post conception	95	64.0	tpm	58735
E-MTAB-6814	hindbrain	12 week post conception	96	77.0	tpm	58735
E-MTAB-6814	hindbrain	12 week post conception	97	95.0	tpm	58735
E-MTAB-6814	hindbrain	12 week post conception	98	128.32	tpm	58735
E-MTAB-6814	hindbrain	12 week post conception	99	204.0	tpm	58735
E-MTAB-6814	hindbrain	12 week post conception	100	23388.0	tpm	58735
E-MTAB-6814	hindbrain	13 week post conception	0	0.0	tpm	58735
E-MTAB-6814	hindbrain	13 week post conception	1	0.0	tpm	58735
E-MTAB-6814	hindbrain	13 week post conception	2	0.0	tpm	58735
E-MTAB-6814	hindbrain	13 week post conception	3	0.0	tpm	58735
E-MTAB-6814	hindbrain	13 week post conception	4	0.0	tpm	58735
E-MTAB-6814	hindbrain	13 week post conception	5	0.0	tpm	58735
E-MTAB-6814	hindbrain	13 week post conception	6	0.0	tpm	58735
E-MTAB-6814	hindbrain	13 week post conception	7	0.0	tpm	58735
E-MTAB-6814	hindbrain	13 week post conception	8	0.0	tpm	58735
E-MTAB-6814	hindbrain	13 week post conception	9	0.0	tpm	58735
E-MTAB-6814	hindbrain	13 week post conception	10	0.0	tpm	58735
E-MTAB-6814	hindbrain	13 week post conception	11	0.0	tpm	58735
E-MTAB-6814	hindbrain	13 week post conception	12	0.0	tpm	58735
E-MTAB-6814	hindbrain	13 week post conception	13	0.0	tpm	58735
E-MTAB-6814	hindbrain	13 week post conception	14	0.0	tpm	58735
E-MTAB-6814	hindbrain	13 week post conception	15	0.0	tpm	58735
E-MTAB-6814	hindbrain	13 week post conception	16	0.0	tpm	58735
E-MTAB-6814	hindbrain	13 week post conception	17	0.0	tpm	58735
E-MTAB-6814	hindbrain	13 week post conception	18	0.0	tpm	58735
E-MTAB-6814	hindbrain	13 week post conception	19	0.0	tpm	58735
E-MTAB-6814	hindbrain	13 week post conception	20	0.0	tpm	58735
E-MTAB-6814	hindbrain	13 week post conception	21	0.0	tpm	58735
E-MTAB-6814	hindbrain	13 week post conception	22	0.0	tpm	58735
E-MTAB-6814	hindbrain	13 week post conception	23	0.0	tpm	58735
E-MTAB-6814	hindbrain	13 week post conception	24	0.0	tpm	58735
E-MTAB-6814	hindbrain	13 week post conception	25	0.0	tpm	58735
E-MTAB-6814	hindbrain	13 week post conception	26	0.0	tpm	58735
E-MTAB-6814	hindbrain	13 week post conception	27	0.0	tpm	58735
E-MTAB-6814	hindbrain	13 week post conception	28	0.0	tpm	58735
E-MTAB-6814	hindbrain	13 week post conception	29	0.0	tpm	58735
E-MTAB-6814	hindbrain	13 week post conception	30	0.0	tpm	58735
E-MTAB-6814	hindbrain	13 week post conception	31	0.0	tpm	58735
E-MTAB-6814	hindbrain	13 week post conception	32	0.0	tpm	58735
E-MTAB-6814	hindbrain	13 week post conception	33	0.0	tpm	58735
E-MTAB-6814	hindbrain	13 week post conception	34	0.0	tpm	58735
E-MTAB-6814	hindbrain	13 week post conception	35	0.0	tpm	58735
E-MTAB-6814	hindbrain	13 week post conception	36	0.0	tpm	58735
E-MTAB-6814	hindbrain	13 week post conception	37	0.0	tpm	58735
E-MTAB-6814	hindbrain	13 week post conception	38	0.0	tpm	58735
E-MTAB-6814	hindbrain	13 week post conception	39	0.0	tpm	58735
E-MTAB-6814	hindbrain	13 week post conception	40	0.0	tpm	58735
E-MTAB-6814	hindbrain	13 week post conception	41	0.0	tpm	58735
E-MTAB-6814	hindbrain	13 week post conception	42	0.0	tpm	58735
E-MTAB-6814	hindbrain	13 week post conception	43	0.0	tpm	58735
E-MTAB-6814	hindbrain	13 week post conception	44	0.0	tpm	58735
E-MTAB-6814	hindbrain	13 week post conception	45	0.0	tpm	58735
E-MTAB-6814	hindbrain	13 week post conception	46	0.0	tpm	58735
E-MTAB-6814	hindbrain	13 week post conception	47	0.0	tpm	58735
E-MTAB-6814	hindbrain	13 week post conception	48	0.0	tpm	58735
E-MTAB-6814	hindbrain	13 week post conception	49	0.0	tpm	58735
E-MTAB-6814	hindbrain	13 week post conception	50	0.0	tpm	58735
E-MTAB-6814	hindbrain	13 week post conception	51	0.1	tpm	58735
E-MTAB-6814	hindbrain	13 week post conception	52	0.1	tpm	58735
E-MTAB-6814	hindbrain	13 week post conception	53	0.2	tpm	58735
E-MTAB-6814	hindbrain	13 week post conception	54	0.2	tpm	58735
E-MTAB-6814	hindbrain	13 week post conception	55	0.3	tpm	58735
E-MTAB-6814	hindbrain	13 week post conception	56	0.3	tpm	58735
E-MTAB-6814	hindbrain	13 week post conception	57	0.4	tpm	58735
E-MTAB-6814	hindbrain	13 week post conception	58	0.5	tpm	58735
E-MTAB-6814	hindbrain	13 week post conception	59	0.5	tpm	58735
E-MTAB-6814	hindbrain	13 week post conception	60	0.6	tpm	58735
E-MTAB-6814	hindbrain	13 week post conception	61	0.7	tpm	58735
E-MTAB-6814	hindbrain	13 week post conception	62	0.8	tpm	58735
E-MTAB-6814	hindbrain	13 week post conception	63	0.9	tpm	58735
E-MTAB-6814	hindbrain	13 week post conception	64	1.0	tpm	58735
E-MTAB-6814	hindbrain	13 week post conception	65	1.0	tpm	58735
E-MTAB-6814	hindbrain	13 week post conception	66	1.0	tpm	58735
E-MTAB-6814	hindbrain	13 week post conception	67	1.0	tpm	58735
E-MTAB-6814	hindbrain	13 week post conception	68	2.0	tpm	58735
E-MTAB-6814	hindbrain	13 week post conception	69	2.0	tpm	58735
E-MTAB-6814	hindbrain	13 week post conception	70	2.0	tpm	58735
E-MTAB-6814	hindbrain	13 week post conception	71	3.0	tpm	58735
E-MTAB-6814	hindbrain	13 week post conception	72	3.0	tpm	58735
E-MTAB-6814	hindbrain	13 week post conception	73	3.0	tpm	58735
E-MTAB-6814	hindbrain	13 week post conception	74	4.0	tpm	58735
E-MTAB-6814	hindbrain	13 week post conception	75	4.0	tpm	58735
E-MTAB-6814	hindbrain	13 week post conception	76	5.0	tpm	58735
E-MTAB-6814	hindbrain	13 week post conception	77	6.0	tpm	58735
E-MTAB-6814	hindbrain	13 week post conception	78	7.0	tpm	58735
E-MTAB-6814	hindbrain	13 week post conception	79	8.0	tpm	58735
E-MTAB-6814	hindbrain	13 week post conception	80	9.0	tpm	58735
E-MTAB-6814	hindbrain	13 week post conception	81	11.0	tpm	58735
E-MTAB-6814	hindbrain	13 week post conception	82	12.0	tpm	58735
E-MTAB-6814	hindbrain	13 week post conception	83	14.0	tpm	58735
E-MTAB-6814	hindbrain	13 week post conception	84	16.0	tpm	58735
E-MTAB-6814	hindbrain	13 week post conception	85	17.0	tpm	58735
E-MTAB-6814	hindbrain	13 week post conception	86	20.0	tpm	58735
E-MTAB-6814	hindbrain	13 week post conception	87	22.0	tpm	58735
E-MTAB-6814	hindbrain	13 week post conception	88	25.0	tpm	58735
E-MTAB-6814	hindbrain	13 week post conception	89	28.0	tpm	58735
E-MTAB-6814	hindbrain	13 week post conception	90	31.0	tpm	58735
E-MTAB-6814	hindbrain	13 week post conception	91	35.0	tpm	58735
E-MTAB-6814	hindbrain	13 week post conception	92	39.0	tpm	58735
E-MTAB-6814	hindbrain	13 week post conception	93	45.0	tpm	58735
E-MTAB-6814	hindbrain	13 week post conception	94	52.0	tpm	58735
E-MTAB-6814	hindbrain	13 week post conception	95	61.0	tpm	58735
E-MTAB-6814	hindbrain	13 week post conception	96	73.0	tpm	58735
E-MTAB-6814	hindbrain	13 week post conception	97	91.0	tpm	58735
E-MTAB-6814	hindbrain	13 week post conception	98	124.0	tpm	58735
E-MTAB-6814	hindbrain	13 week post conception	99	205.0	tpm	58735
E-MTAB-6814	hindbrain	13 week post conception	100	23814.0	tpm	58735
E-MTAB-6814	hindbrain	16 week post conception	0	0.0	tpm	58735
E-MTAB-6814	hindbrain	16 week post conception	1	0.0	tpm	58735
E-MTAB-6814	hindbrain	16 week post conception	2	0.0	tpm	58735
E-MTAB-6814	hindbrain	16 week post conception	3	0.0	tpm	58735
E-MTAB-6814	hindbrain	16 week post conception	4	0.0	tpm	58735
E-MTAB-6814	hindbrain	16 week post conception	5	0.0	tpm	58735
E-MTAB-6814	hindbrain	16 week post conception	6	0.0	tpm	58735
E-MTAB-6814	hindbrain	16 week post conception	7	0.0	tpm	58735
E-MTAB-6814	hindbrain	16 week post conception	8	0.0	tpm	58735
E-MTAB-6814	hindbrain	16 week post conception	9	0.0	tpm	58735
E-MTAB-6814	hindbrain	16 week post conception	10	0.0	tpm	58735
E-MTAB-6814	hindbrain	16 week post conception	11	0.0	tpm	58735
E-MTAB-6814	hindbrain	16 week post conception	12	0.0	tpm	58735
E-MTAB-6814	hindbrain	16 week post conception	13	0.0	tpm	58735
E-MTAB-6814	hindbrain	16 week post conception	14	0.0	tpm	58735
E-MTAB-6814	hindbrain	16 week post conception	15	0.0	tpm	58735
E-MTAB-6814	hindbrain	16 week post conception	16	0.0	tpm	58735
E-MTAB-6814	hindbrain	16 week post conception	17	0.0	tpm	58735
E-MTAB-6814	hindbrain	16 week post conception	18	0.0	tpm	58735
E-MTAB-6814	hindbrain	16 week post conception	19	0.0	tpm	58735
E-MTAB-6814	hindbrain	16 week post conception	20	0.0	tpm	58735
E-MTAB-6814	hindbrain	16 week post conception	21	0.0	tpm	58735
E-MTAB-6814	hindbrain	16 week post conception	22	0.0	tpm	58735
E-MTAB-6814	hindbrain	16 week post conception	23	0.0	tpm	58735
E-MTAB-6814	hindbrain	16 week post conception	24	0.0	tpm	58735
E-MTAB-6814	hindbrain	16 week post conception	25	0.0	tpm	58735
E-MTAB-6814	hindbrain	16 week post conception	26	0.0	tpm	58735
E-MTAB-6814	hindbrain	16 week post conception	27	0.0	tpm	58735
E-MTAB-6814	hindbrain	16 week post conception	28	0.0	tpm	58735
E-MTAB-6814	hindbrain	16 week post conception	29	0.0	tpm	58735
E-MTAB-6814	hindbrain	16 week post conception	30	0.0	tpm	58735
E-MTAB-6814	hindbrain	16 week post conception	31	0.0	tpm	58735
E-MTAB-6814	hindbrain	16 week post conception	32	0.0	tpm	58735
E-MTAB-6814	hindbrain	16 week post conception	33	0.0	tpm	58735
E-MTAB-6814	hindbrain	16 week post conception	34	0.0	tpm	58735
E-MTAB-6814	hindbrain	16 week post conception	35	0.0	tpm	58735
E-MTAB-6814	hindbrain	16 week post conception	36	0.0	tpm	58735
E-MTAB-6814	hindbrain	16 week post conception	37	0.0	tpm	58735
E-MTAB-6814	hindbrain	16 week post conception	38	0.0	tpm	58735
E-MTAB-6814	hindbrain	16 week post conception	39	0.0	tpm	58735
E-MTAB-6814	hindbrain	16 week post conception	40	0.0	tpm	58735
E-MTAB-6814	hindbrain	16 week post conception	41	0.0	tpm	58735
E-MTAB-6814	hindbrain	16 week post conception	42	0.0	tpm	58735
E-MTAB-6814	hindbrain	16 week post conception	43	0.0	tpm	58735
E-MTAB-6814	hindbrain	16 week post conception	44	0.0	tpm	58735
E-MTAB-6814	hindbrain	16 week post conception	45	0.0	tpm	58735
E-MTAB-6814	hindbrain	16 week post conception	46	0.0	tpm	58735
E-MTAB-6814	hindbrain	16 week post conception	47	0.0	tpm	58735
E-MTAB-6814	hindbrain	16 week post conception	48	0.1	tpm	58735
E-MTAB-6814	hindbrain	16 week post conception	49	0.1	tpm	58735
E-MTAB-6814	hindbrain	16 week post conception	50	0.1	tpm	58735
E-MTAB-6814	hindbrain	16 week post conception	51	0.2	tpm	58735
E-MTAB-6814	hindbrain	16 week post conception	52	0.2	tpm	58735
E-MTAB-6814	hindbrain	16 week post conception	53	0.2	tpm	58735
E-MTAB-6814	hindbrain	16 week post conception	54	0.3	tpm	58735
E-MTAB-6814	hindbrain	16 week post conception	55	0.3	tpm	58735
E-MTAB-6814	hindbrain	16 week post conception	56	0.4	tpm	58735
E-MTAB-6814	hindbrain	16 week post conception	57	0.4	tpm	58735
E-MTAB-6814	hindbrain	16 week post conception	58	0.5	tpm	58735
E-MTAB-6814	hindbrain	16 week post conception	59	0.6	tpm	58735
E-MTAB-6814	hindbrain	16 week post conception	60	0.7	tpm	58735
E-MTAB-6814	hindbrain	16 week post conception	61	0.8	tpm	58735
E-MTAB-6814	hindbrain	16 week post conception	62	0.9	tpm	58735
E-MTAB-6814	hindbrain	16 week post conception	63	1.0	tpm	58735
E-MTAB-6814	hindbrain	16 week post conception	64	1.0	tpm	58735
E-MTAB-6814	hindbrain	16 week post conception	65	1.0	tpm	58735
E-MTAB-6814	hindbrain	16 week post conception	66	1.0	tpm	58735
E-MTAB-6814	hindbrain	16 week post conception	67	2.0	tpm	58735
E-MTAB-6814	hindbrain	16 week post conception	68	2.0	tpm	58735
E-MTAB-6814	hindbrain	16 week post conception	69	2.0	tpm	58735
E-MTAB-6814	hindbrain	16 week post conception	70	2.0	tpm	58735
E-MTAB-6814	hindbrain	16 week post conception	71	3.0	tpm	58735
E-MTAB-6814	hindbrain	16 week post conception	72	3.0	tpm	58735
E-MTAB-6814	hindbrain	16 week post conception	73	4.0	tpm	58735
E-MTAB-6814	hindbrain	16 week post conception	74	4.0	tpm	58735
E-MTAB-6814	hindbrain	16 week post conception	75	5.0	tpm	58735
E-MTAB-6814	hindbrain	16 week post conception	76	5.0	tpm	58735
E-MTAB-6814	hindbrain	16 week post conception	77	6.0	tpm	58735
E-MTAB-6814	hindbrain	16 week post conception	78	7.0	tpm	58735
E-MTAB-6814	hindbrain	16 week post conception	79	8.0	tpm	58735
E-MTAB-6814	hindbrain	16 week post conception	80	10.0	tpm	58735
E-MTAB-6814	hindbrain	16 week post conception	81	11.0	tpm	58735
E-MTAB-6814	hindbrain	16 week post conception	82	12.0	tpm	58735
E-MTAB-6814	hindbrain	16 week post conception	83	14.0	tpm	58735
E-MTAB-6814	hindbrain	16 week post conception	84	16.0	tpm	58735
E-MTAB-6814	hindbrain	16 week post conception	85	18.0	tpm	58735
E-MTAB-6814	hindbrain	16 week post conception	86	20.0	tpm	58735
E-MTAB-6814	hindbrain	16 week post conception	87	22.0	tpm	58735
E-MTAB-6814	hindbrain	16 week post conception	88	25.0	tpm	58735
E-MTAB-6814	hindbrain	16 week post conception	89	28.0	tpm	58735
E-MTAB-6814	hindbrain	16 week post conception	90	31.0	tpm	58735
E-MTAB-6814	hindbrain	16 week post conception	91	35.0	tpm	58735
E-MTAB-6814	hindbrain	16 week post conception	92	40.0	tpm	58735
E-MTAB-6814	hindbrain	16 week post conception	93	45.0	tpm	58735
E-MTAB-6814	hindbrain	16 week post conception	94	53.0	tpm	58735
E-MTAB-6814	hindbrain	16 week post conception	95	62.0	tpm	58735
E-MTAB-6814	hindbrain	16 week post conception	96	75.0	tpm	58735
E-MTAB-6814	hindbrain	16 week post conception	97	94.0	tpm	58735
E-MTAB-6814	hindbrain	16 week post conception	98	128.0	tpm	58735
E-MTAB-6814	hindbrain	16 week post conception	99	212.0	tpm	58735
E-MTAB-6814	hindbrain	16 week post conception	100	22336.0	tpm	58735
E-MTAB-6814	hindbrain	4 week post conception	0	0.0	tpm	58735
E-MTAB-6814	hindbrain	4 week post conception	1	0.0	tpm	58735
E-MTAB-6814	hindbrain	4 week post conception	2	0.0	tpm	58735
E-MTAB-6814	hindbrain	4 week post conception	3	0.0	tpm	58735
E-MTAB-6814	hindbrain	4 week post conception	4	0.0	tpm	58735
E-MTAB-6814	hindbrain	4 week post conception	5	0.0	tpm	58735
E-MTAB-6814	hindbrain	4 week post conception	6	0.0	tpm	58735
E-MTAB-6814	hindbrain	4 week post conception	7	0.0	tpm	58735
E-MTAB-6814	hindbrain	4 week post conception	8	0.0	tpm	58735
E-MTAB-6814	hindbrain	4 week post conception	9	0.0	tpm	58735
E-MTAB-6814	hindbrain	4 week post conception	10	0.0	tpm	58735
E-MTAB-6814	hindbrain	4 week post conception	11	0.0	tpm	58735
E-MTAB-6814	hindbrain	4 week post conception	12	0.0	tpm	58735
E-MTAB-6814	hindbrain	4 week post conception	13	0.0	tpm	58735
E-MTAB-6814	hindbrain	4 week post conception	14	0.0	tpm	58735
E-MTAB-6814	hindbrain	4 week post conception	15	0.0	tpm	58735
E-MTAB-6814	hindbrain	4 week post conception	16	0.0	tpm	58735
E-MTAB-6814	hindbrain	4 week post conception	17	0.0	tpm	58735
E-MTAB-6814	hindbrain	4 week post conception	18	0.0	tpm	58735
E-MTAB-6814	hindbrain	4 week post conception	19	0.0	tpm	58735
E-MTAB-6814	hindbrain	4 week post conception	20	0.0	tpm	58735
E-MTAB-6814	hindbrain	4 week post conception	21	0.0	tpm	58735
E-MTAB-6814	hindbrain	4 week post conception	22	0.0	tpm	58735
E-MTAB-6814	hindbrain	4 week post conception	23	0.0	tpm	58735
E-MTAB-6814	hindbrain	4 week post conception	24	0.0	tpm	58735
E-MTAB-6814	hindbrain	4 week post conception	25	0.0	tpm	58735
E-MTAB-6814	hindbrain	4 week post conception	26	0.0	tpm	58735
E-MTAB-6814	hindbrain	4 week post conception	27	0.0	tpm	58735
E-MTAB-6814	hindbrain	4 week post conception	28	0.0	tpm	58735
E-MTAB-6814	hindbrain	4 week post conception	29	0.0	tpm	58735
E-MTAB-6814	hindbrain	4 week post conception	30	0.0	tpm	58735
E-MTAB-6814	hindbrain	4 week post conception	31	0.0	tpm	58735
E-MTAB-6814	hindbrain	4 week post conception	32	0.0	tpm	58735
E-MTAB-6814	hindbrain	4 week post conception	33	0.0	tpm	58735
E-MTAB-6814	hindbrain	4 week post conception	34	0.0	tpm	58735
E-MTAB-6814	hindbrain	4 week post conception	35	0.0	tpm	58735
E-MTAB-6814	hindbrain	4 week post conception	36	0.0	tpm	58735
E-MTAB-6814	hindbrain	4 week post conception	37	0.0	tpm	58735
E-MTAB-6814	hindbrain	4 week post conception	38	0.0	tpm	58735
E-MTAB-6814	hindbrain	4 week post conception	39	0.0	tpm	58735
E-MTAB-6814	hindbrain	4 week post conception	40	0.0	tpm	58735
E-MTAB-6814	hindbrain	4 week post conception	41	0.0	tpm	58735
E-MTAB-6814	hindbrain	4 week post conception	42	0.0	tpm	58735
E-MTAB-6814	hindbrain	4 week post conception	43	0.0	tpm	58735
E-MTAB-6814	hindbrain	4 week post conception	44	0.0	tpm	58735
E-MTAB-6814	hindbrain	4 week post conception	45	0.0	tpm	58735
E-MTAB-6814	hindbrain	4 week post conception	46	0.0	tpm	58735
E-MTAB-6814	hindbrain	4 week post conception	47	0.0	tpm	58735
E-MTAB-6814	hindbrain	4 week post conception	48	0.0	tpm	58735
E-MTAB-6814	hindbrain	4 week post conception	49	0.0	tpm	58735
E-MTAB-6814	hindbrain	4 week post conception	50	0.1	tpm	58735
E-MTAB-6814	hindbrain	4 week post conception	51	0.1	tpm	58735
E-MTAB-6814	hindbrain	4 week post conception	52	0.2	tpm	58735
E-MTAB-6814	hindbrain	4 week post conception	53	0.2	tpm	58735
E-MTAB-6814	hindbrain	4 week post conception	54	0.2	tpm	58735
E-MTAB-6814	hindbrain	4 week post conception	55	0.3	tpm	58735
E-MTAB-6814	hindbrain	4 week post conception	56	0.3	tpm	58735
E-MTAB-6814	hindbrain	4 week post conception	57	0.4	tpm	58735
E-MTAB-6814	hindbrain	4 week post conception	58	0.4	tpm	58735
E-MTAB-6814	hindbrain	4 week post conception	59	0.5	tpm	58735
E-MTAB-6814	hindbrain	4 week post conception	60	0.5	tpm	58735
E-MTAB-6814	hindbrain	4 week post conception	61	0.6	tpm	58735
E-MTAB-6814	hindbrain	4 week post conception	62	0.7	tpm	58735
E-MTAB-6814	hindbrain	4 week post conception	63	0.8	tpm	58735
E-MTAB-6814	hindbrain	4 week post conception	64	0.9	tpm	58735
E-MTAB-6814	hindbrain	4 week post conception	65	1.0	tpm	58735
E-MTAB-6814	hindbrain	4 week post conception	66	1.0	tpm	58735
E-MTAB-6814	hindbrain	4 week post conception	67	1.0	tpm	58735
E-MTAB-6814	hindbrain	4 week post conception	68	1.0	tpm	58735
E-MTAB-6814	hindbrain	4 week post conception	69	2.0	tpm	58735
E-MTAB-6814	hindbrain	4 week post conception	70	2.0	tpm	58735
E-MTAB-6814	hindbrain	4 week post conception	71	2.0	tpm	58735
E-MTAB-6814	hindbrain	4 week post conception	72	2.0	tpm	58735
E-MTAB-6814	hindbrain	4 week post conception	73	3.0	tpm	58735
E-MTAB-6814	hindbrain	4 week post conception	74	3.0	tpm	58735
E-MTAB-6814	hindbrain	4 week post conception	75	4.0	tpm	58735
E-MTAB-6814	hindbrain	4 week post conception	76	4.0	tpm	58735
E-MTAB-6814	hindbrain	4 week post conception	77	5.0	tpm	58735
E-MTAB-6814	hindbrain	4 week post conception	78	6.0	tpm	58735
E-MTAB-6814	hindbrain	4 week post conception	79	7.0	tpm	58735
E-MTAB-6814	hindbrain	4 week post conception	80	8.0	tpm	58735
E-MTAB-6814	hindbrain	4 week post conception	81	9.0	tpm	58735
E-MTAB-6814	hindbrain	4 week post conception	82	11.0	tpm	58735
E-MTAB-6814	hindbrain	4 week post conception	83	13.0	tpm	58735
E-MTAB-6814	hindbrain	4 week post conception	84	15.0	tpm	58735
E-MTAB-6814	hindbrain	4 week post conception	85	17.0	tpm	58735
E-MTAB-6814	hindbrain	4 week post conception	86	19.0	tpm	58735
E-MTAB-6814	hindbrain	4 week post conception	87	22.0	tpm	58735
E-MTAB-6814	hindbrain	4 week post conception	88	25.0	tpm	58735
E-MTAB-6814	hindbrain	4 week post conception	89	28.26	tpm	58735
E-MTAB-6814	hindbrain	4 week post conception	90	32.0	tpm	58735
E-MTAB-6814	hindbrain	4 week post conception	91	36.0	tpm	58735
E-MTAB-6814	hindbrain	4 week post conception	92	41.0	tpm	58735
E-MTAB-6814	hindbrain	4 week post conception	93	47.0	tpm	58735
E-MTAB-6814	hindbrain	4 week post conception	94	54.0	tpm	58735
E-MTAB-6814	hindbrain	4 week post conception	95	63.0	tpm	58735
E-MTAB-6814	hindbrain	4 week post conception	96	75.0	tpm	58735
E-MTAB-6814	hindbrain	4 week post conception	97	92.0	tpm	58735
E-MTAB-6814	hindbrain	4 week post conception	98	124.0	tpm	58735
E-MTAB-6814	hindbrain	4 week post conception	99	209.66	tpm	58735
E-MTAB-6814	hindbrain	4 week post conception	100	29822.0	tpm	58735
E-MTAB-6814	hindbrain	5 week post conception	0	0.0	tpm	58735
E-MTAB-6814	hindbrain	5 week post conception	1	0.0	tpm	58735
E-MTAB-6814	hindbrain	5 week post conception	2	0.0	tpm	58735
E-MTAB-6814	hindbrain	5 week post conception	3	0.0	tpm	58735
E-MTAB-6814	hindbrain	5 week post conception	4	0.0	tpm	58735
E-MTAB-6814	hindbrain	5 week post conception	5	0.0	tpm	58735
E-MTAB-6814	hindbrain	5 week post conception	6	0.0	tpm	58735
E-MTAB-6814	hindbrain	5 week post conception	7	0.0	tpm	58735
E-MTAB-6814	hindbrain	5 week post conception	8	0.0	tpm	58735
E-MTAB-6814	hindbrain	5 week post conception	9	0.0	tpm	58735
E-MTAB-6814	hindbrain	5 week post conception	10	0.0	tpm	58735
E-MTAB-6814	hindbrain	5 week post conception	11	0.0	tpm	58735
E-MTAB-6814	hindbrain	5 week post conception	12	0.0	tpm	58735
E-MTAB-6814	hindbrain	5 week post conception	13	0.0	tpm	58735
E-MTAB-6814	hindbrain	5 week post conception	14	0.0	tpm	58735
E-MTAB-6814	hindbrain	5 week post conception	15	0.0	tpm	58735
E-MTAB-6814	hindbrain	5 week post conception	16	0.0	tpm	58735
E-MTAB-6814	hindbrain	5 week post conception	17	0.0	tpm	58735
E-MTAB-6814	hindbrain	5 week post conception	18	0.0	tpm	58735
E-MTAB-6814	hindbrain	5 week post conception	19	0.0	tpm	58735
E-MTAB-6814	hindbrain	5 week post conception	20	0.0	tpm	58735
E-MTAB-6814	hindbrain	5 week post conception	21	0.0	tpm	58735
E-MTAB-6814	hindbrain	5 week post conception	22	0.0	tpm	58735
E-MTAB-6814	hindbrain	5 week post conception	23	0.0	tpm	58735
E-MTAB-6814	hindbrain	5 week post conception	24	0.0	tpm	58735
E-MTAB-6814	hindbrain	5 week post conception	25	0.0	tpm	58735
E-MTAB-6814	hindbrain	5 week post conception	26	0.0	tpm	58735
E-MTAB-6814	hindbrain	5 week post conception	27	0.0	tpm	58735
E-MTAB-6814	hindbrain	5 week post conception	28	0.0	tpm	58735
E-MTAB-6814	hindbrain	5 week post conception	29	0.0	tpm	58735
E-MTAB-6814	hindbrain	5 week post conception	30	0.0	tpm	58735
E-MTAB-6814	hindbrain	5 week post conception	31	0.0	tpm	58735
E-MTAB-6814	hindbrain	5 week post conception	32	0.0	tpm	58735
E-MTAB-6814	hindbrain	5 week post conception	33	0.0	tpm	58735
E-MTAB-6814	hindbrain	5 week post conception	34	0.0	tpm	58735
E-MTAB-6814	hindbrain	5 week post conception	35	0.0	tpm	58735
E-MTAB-6814	hindbrain	5 week post conception	36	0.0	tpm	58735
E-MTAB-6814	hindbrain	5 week post conception	37	0.0	tpm	58735
E-MTAB-6814	hindbrain	5 week post conception	38	0.0	tpm	58735
E-MTAB-6814	hindbrain	5 week post conception	39	0.0	tpm	58735
E-MTAB-6814	hindbrain	5 week post conception	40	0.0	tpm	58735
E-MTAB-6814	hindbrain	5 week post conception	41	0.0	tpm	58735
E-MTAB-6814	hindbrain	5 week post conception	42	0.0	tpm	58735
E-MTAB-6814	hindbrain	5 week post conception	43	0.1	tpm	58735
E-MTAB-6814	hindbrain	5 week post conception	44	0.1	tpm	58735
E-MTAB-6814	hindbrain	5 week post conception	45	0.1	tpm	58735
E-MTAB-6814	hindbrain	5 week post conception	46	0.1	tpm	58735
E-MTAB-6814	hindbrain	5 week post conception	47	0.1	tpm	58735
E-MTAB-6814	hindbrain	5 week post conception	48	0.2	tpm	58735
E-MTAB-6814	hindbrain	5 week post conception	49	0.2	tpm	58735
E-MTAB-6814	hindbrain	5 week post conception	50	0.2	tpm	58735
E-MTAB-6814	hindbrain	5 week post conception	51	0.3	tpm	58735
E-MTAB-6814	hindbrain	5 week post conception	52	0.3	tpm	58735
E-MTAB-6814	hindbrain	5 week post conception	53	0.3	tpm	58735
E-MTAB-6814	hindbrain	5 week post conception	54	0.4	tpm	58735
E-MTAB-6814	hindbrain	5 week post conception	55	0.4	tpm	58735
E-MTAB-6814	hindbrain	5 week post conception	56	0.5	tpm	58735
E-MTAB-6814	hindbrain	5 week post conception	57	0.5	tpm	58735
E-MTAB-6814	hindbrain	5 week post conception	58	0.6	tpm	58735
E-MTAB-6814	hindbrain	5 week post conception	59	0.7	tpm	58735
E-MTAB-6814	hindbrain	5 week post conception	60	0.7	tpm	58735
E-MTAB-6814	hindbrain	5 week post conception	61	0.8	tpm	58735
E-MTAB-6814	hindbrain	5 week post conception	62	0.9	tpm	58735
E-MTAB-6814	hindbrain	5 week post conception	63	1.0	tpm	58735
E-MTAB-6814	hindbrain	5 week post conception	64	1.0	tpm	58735
E-MTAB-6814	hindbrain	5 week post conception	65	1.0	tpm	58735
E-MTAB-6814	hindbrain	5 week post conception	66	1.0	tpm	58735
E-MTAB-6814	hindbrain	5 week post conception	67	2.0	tpm	58735
E-MTAB-6814	hindbrain	5 week post conception	68	2.0	tpm	58735
E-MTAB-6814	hindbrain	5 week post conception	69	2.0	tpm	58735
E-MTAB-6814	hindbrain	5 week post conception	70	2.0	tpm	58735
E-MTAB-6814	hindbrain	5 week post conception	71	3.0	tpm	58735
E-MTAB-6814	hindbrain	5 week post conception	72	3.0	tpm	58735
E-MTAB-6814	hindbrain	5 week post conception	73	3.0	tpm	58735
E-MTAB-6814	hindbrain	5 week post conception	74	4.0	tpm	58735
E-MTAB-6814	hindbrain	5 week post conception	75	4.0	tpm	58735
E-MTAB-6814	hindbrain	5 week post conception	76	5.0	tpm	58735
E-MTAB-6814	hindbrain	5 week post conception	77	6.0	tpm	58735
E-MTAB-6814	hindbrain	5 week post conception	78	7.0	tpm	58735
E-MTAB-6814	hindbrain	5 week post conception	79	8.0	tpm	58735
E-MTAB-6814	hindbrain	5 week post conception	80	9.0	tpm	58735
E-MTAB-6814	hindbrain	5 week post conception	81	11.0	tpm	58735
E-MTAB-6814	hindbrain	5 week post conception	82	12.0	tpm	58735
E-MTAB-6814	hindbrain	5 week post conception	83	14.0	tpm	58735
E-MTAB-6814	hindbrain	5 week post conception	84	16.0	tpm	58735
E-MTAB-6814	hindbrain	5 week post conception	85	19.0	tpm	58735
E-MTAB-6814	hindbrain	5 week post conception	86	21.0	tpm	58735
E-MTAB-6814	hindbrain	5 week post conception	87	24.0	tpm	58735
E-MTAB-6814	hindbrain	5 week post conception	88	27.0	tpm	58735
E-MTAB-6814	hindbrain	5 week post conception	89	30.0	tpm	58735
E-MTAB-6814	hindbrain	5 week post conception	90	34.0	tpm	58735
E-MTAB-6814	hindbrain	5 week post conception	91	39.0	tpm	58735
E-MTAB-6814	hindbrain	5 week post conception	92	44.0	tpm	58735
E-MTAB-6814	hindbrain	5 week post conception	93	49.0	tpm	58735
E-MTAB-6814	hindbrain	5 week post conception	94	56.0	tpm	58735
E-MTAB-6814	hindbrain	5 week post conception	95	66.0	tpm	58735
E-MTAB-6814	hindbrain	5 week post conception	96	78.0	tpm	58735
E-MTAB-6814	hindbrain	5 week post conception	97	95.0	tpm	58735
E-MTAB-6814	hindbrain	5 week post conception	98	128.0	tpm	58735
E-MTAB-6814	hindbrain	5 week post conception	99	217.0	tpm	58735
E-MTAB-6814	hindbrain	5 week post conception	100	21608.0	tpm	58735
E-MTAB-6814	hindbrain	6 week post conception	0	0.0	tpm	58735
E-MTAB-6814	hindbrain	6 week post conception	1	0.0	tpm	58735
E-MTAB-6814	hindbrain	6 week post conception	2	0.0	tpm	58735
E-MTAB-6814	hindbrain	6 week post conception	3	0.0	tpm	58735
E-MTAB-6814	hindbrain	6 week post conception	4	0.0	tpm	58735
E-MTAB-6814	hindbrain	6 week post conception	5	0.0	tpm	58735
E-MTAB-6814	hindbrain	6 week post conception	6	0.0	tpm	58735
E-MTAB-6814	hindbrain	6 week post conception	7	0.0	tpm	58735
E-MTAB-6814	hindbrain	6 week post conception	8	0.0	tpm	58735
E-MTAB-6814	hindbrain	6 week post conception	9	0.0	tpm	58735
E-MTAB-6814	hindbrain	6 week post conception	10	0.0	tpm	58735
E-MTAB-6814	hindbrain	6 week post conception	11	0.0	tpm	58735
E-MTAB-6814	hindbrain	6 week post conception	12	0.0	tpm	58735
E-MTAB-6814	hindbrain	6 week post conception	13	0.0	tpm	58735
E-MTAB-6814	hindbrain	6 week post conception	14	0.0	tpm	58735
E-MTAB-6814	hindbrain	6 week post conception	15	0.0	tpm	58735
E-MTAB-6814	hindbrain	6 week post conception	16	0.0	tpm	58735
E-MTAB-6814	hindbrain	6 week post conception	17	0.0	tpm	58735
E-MTAB-6814	hindbrain	6 week post conception	18	0.0	tpm	58735
E-MTAB-6814	hindbrain	6 week post conception	19	0.0	tpm	58735
E-MTAB-6814	hindbrain	6 week post conception	20	0.0	tpm	58735
E-MTAB-6814	hindbrain	6 week post conception	21	0.0	tpm	58735
E-MTAB-6814	hindbrain	6 week post conception	22	0.0	tpm	58735
E-MTAB-6814	hindbrain	6 week post conception	23	0.0	tpm	58735
E-MTAB-6814	hindbrain	6 week post conception	24	0.0	tpm	58735
E-MTAB-6814	hindbrain	6 week post conception	25	0.0	tpm	58735
E-MTAB-6814	hindbrain	6 week post conception	26	0.0	tpm	58735
E-MTAB-6814	hindbrain	6 week post conception	27	0.0	tpm	58735
E-MTAB-6814	hindbrain	6 week post conception	28	0.0	tpm	58735
E-MTAB-6814	hindbrain	6 week post conception	29	0.0	tpm	58735
E-MTAB-6814	hindbrain	6 week post conception	30	0.0	tpm	58735
E-MTAB-6814	hindbrain	6 week post conception	31	0.0	tpm	58735
E-MTAB-6814	hindbrain	6 week post conception	32	0.0	tpm	58735
E-MTAB-6814	hindbrain	6 week post conception	33	0.0	tpm	58735
E-MTAB-6814	hindbrain	6 week post conception	34	0.0	tpm	58735
E-MTAB-6814	hindbrain	6 week post conception	35	0.0	tpm	58735
E-MTAB-6814	hindbrain	6 week post conception	36	0.0	tpm	58735
E-MTAB-6814	hindbrain	6 week post conception	37	0.0	tpm	58735
E-MTAB-6814	hindbrain	6 week post conception	38	0.0	tpm	58735
E-MTAB-6814	hindbrain	6 week post conception	39	0.0	tpm	58735
E-MTAB-6814	hindbrain	6 week post conception	40	0.0	tpm	58735
E-MTAB-6814	hindbrain	6 week post conception	41	0.0	tpm	58735
E-MTAB-6814	hindbrain	6 week post conception	42	0.0	tpm	58735
E-MTAB-6814	hindbrain	6 week post conception	43	0.0	tpm	58735
E-MTAB-6814	hindbrain	6 week post conception	44	0.0	tpm	58735
E-MTAB-6814	hindbrain	6 week post conception	45	0.0	tpm	58735
E-MTAB-6814	hindbrain	6 week post conception	46	0.0	tpm	58735
E-MTAB-6814	hindbrain	6 week post conception	47	0.1	tpm	58735
E-MTAB-6814	hindbrain	6 week post conception	48	0.1	tpm	58735
E-MTAB-6814	hindbrain	6 week post conception	49	0.1	tpm	58735
E-MTAB-6814	hindbrain	6 week post conception	50	0.1	tpm	58735
E-MTAB-6814	hindbrain	6 week post conception	51	0.2	tpm	58735
E-MTAB-6814	hindbrain	6 week post conception	52	0.2	tpm	58735
E-MTAB-6814	hindbrain	6 week post conception	53	0.2	tpm	58735
E-MTAB-6814	hindbrain	6 week post conception	54	0.3	tpm	58735
E-MTAB-6814	hindbrain	6 week post conception	55	0.3	tpm	58735
E-MTAB-6814	hindbrain	6 week post conception	56	0.4	tpm	58735
E-MTAB-6814	hindbrain	6 week post conception	57	0.4	tpm	58735
E-MTAB-6814	hindbrain	6 week post conception	58	0.5	tpm	58735
E-MTAB-6814	hindbrain	6 week post conception	59	0.6	tpm	58735
E-MTAB-6814	hindbrain	6 week post conception	60	0.6	tpm	58735
E-MTAB-6814	hindbrain	6 week post conception	61	0.7	tpm	58735
E-MTAB-6814	hindbrain	6 week post conception	62	0.8	tpm	58735
E-MTAB-6814	hindbrain	6 week post conception	63	0.9	tpm	58735
E-MTAB-6814	hindbrain	6 week post conception	64	1.0	tpm	58735
E-MTAB-6814	hindbrain	6 week post conception	65	1.0	tpm	58735
E-MTAB-6814	hindbrain	6 week post conception	66	1.0	tpm	58735
E-MTAB-6814	hindbrain	6 week post conception	67	1.0	tpm	58735
E-MTAB-6814	hindbrain	6 week post conception	68	2.0	tpm	58735
E-MTAB-6814	hindbrain	6 week post conception	69	2.0	tpm	58735
E-MTAB-6814	hindbrain	6 week post conception	70	2.0	tpm	58735
E-MTAB-6814	hindbrain	6 week post conception	71	2.0	tpm	58735
E-MTAB-6814	hindbrain	6 week post conception	72	3.0	tpm	58735
E-MTAB-6814	hindbrain	6 week post conception	73	3.0	tpm	58735
E-MTAB-6814	hindbrain	6 week post conception	74	4.0	tpm	58735
E-MTAB-6814	hindbrain	6 week post conception	75	4.0	tpm	58735
E-MTAB-6814	hindbrain	6 week post conception	76	5.0	tpm	58735
E-MTAB-6814	hindbrain	6 week post conception	77	6.0	tpm	58735
E-MTAB-6814	hindbrain	6 week post conception	78	7.0	tpm	58735
E-MTAB-6814	hindbrain	6 week post conception	79	8.0	tpm	58735
E-MTAB-6814	hindbrain	6 week post conception	80	9.0	tpm	58735
E-MTAB-6814	hindbrain	6 week post conception	81	11.0	tpm	58735
E-MTAB-6814	hindbrain	6 week post conception	82	13.0	tpm	58735
E-MTAB-6814	hindbrain	6 week post conception	83	15.0	tpm	58735
E-MTAB-6814	hindbrain	6 week post conception	84	17.0	tpm	58735
E-MTAB-6814	hindbrain	6 week post conception	85	20.0	tpm	58735
E-MTAB-6814	hindbrain	6 week post conception	86	22.0	tpm	58735
E-MTAB-6814	hindbrain	6 week post conception	87	25.0	tpm	58735
E-MTAB-6814	hindbrain	6 week post conception	88	28.92	tpm	58735
E-MTAB-6814	hindbrain	6 week post conception	89	32.0	tpm	58735
E-MTAB-6814	hindbrain	6 week post conception	90	36.0	tpm	58735
E-MTAB-6814	hindbrain	6 week post conception	91	41.0	tpm	58735
E-MTAB-6814	hindbrain	6 week post conception	92	46.0	tpm	58735
E-MTAB-6814	hindbrain	6 week post conception	93	53.0	tpm	58735
E-MTAB-6814	hindbrain	6 week post conception	94	60.0	tpm	58735
E-MTAB-6814	hindbrain	6 week post conception	95	70.0	tpm	58735
E-MTAB-6814	hindbrain	6 week post conception	96	83.0	tpm	58735
E-MTAB-6814	hindbrain	6 week post conception	97	103.0	tpm	58735
E-MTAB-6814	hindbrain	6 week post conception	98	137.0	tpm	58735
E-MTAB-6814	hindbrain	6 week post conception	99	228.0	tpm	58735
E-MTAB-6814	hindbrain	6 week post conception	100	13573.0	tpm	58735
E-MTAB-6814	hindbrain	7 week post conception	0	0.0	tpm	58735
E-MTAB-6814	hindbrain	7 week post conception	1	0.0	tpm	58735
E-MTAB-6814	hindbrain	7 week post conception	2	0.0	tpm	58735
E-MTAB-6814	hindbrain	7 week post conception	3	0.0	tpm	58735
E-MTAB-6814	hindbrain	7 week post conception	4	0.0	tpm	58735
E-MTAB-6814	hindbrain	7 week post conception	5	0.0	tpm	58735
E-MTAB-6814	hindbrain	7 week post conception	6	0.0	tpm	58735
E-MTAB-6814	hindbrain	7 week post conception	7	0.0	tpm	58735
E-MTAB-6814	hindbrain	7 week post conception	8	0.0	tpm	58735
E-MTAB-6814	hindbrain	7 week post conception	9	0.0	tpm	58735
E-MTAB-6814	hindbrain	7 week post conception	10	0.0	tpm	58735
E-MTAB-6814	hindbrain	7 week post conception	11	0.0	tpm	58735
E-MTAB-6814	hindbrain	7 week post conception	12	0.0	tpm	58735
E-MTAB-6814	hindbrain	7 week post conception	13	0.0	tpm	58735
E-MTAB-6814	hindbrain	7 week post conception	14	0.0	tpm	58735
E-MTAB-6814	hindbrain	7 week post conception	15	0.0	tpm	58735
E-MTAB-6814	hindbrain	7 week post conception	16	0.0	tpm	58735
E-MTAB-6814	hindbrain	7 week post conception	17	0.0	tpm	58735
E-MTAB-6814	hindbrain	7 week post conception	18	0.0	tpm	58735
E-MTAB-6814	hindbrain	7 week post conception	19	0.0	tpm	58735
E-MTAB-6814	hindbrain	7 week post conception	20	0.0	tpm	58735
E-MTAB-6814	hindbrain	7 week post conception	21	0.0	tpm	58735
E-MTAB-6814	hindbrain	7 week post conception	22	0.0	tpm	58735
E-MTAB-6814	hindbrain	7 week post conception	23	0.0	tpm	58735
E-MTAB-6814	hindbrain	7 week post conception	24	0.0	tpm	58735
E-MTAB-6814	hindbrain	7 week post conception	25	0.0	tpm	58735
E-MTAB-6814	hindbrain	7 week post conception	26	0.0	tpm	58735
E-MTAB-6814	hindbrain	7 week post conception	27	0.0	tpm	58735
E-MTAB-6814	hindbrain	7 week post conception	28	0.0	tpm	58735
E-MTAB-6814	hindbrain	7 week post conception	29	0.0	tpm	58735
E-MTAB-6814	hindbrain	7 week post conception	30	0.0	tpm	58735
E-MTAB-6814	hindbrain	7 week post conception	31	0.0	tpm	58735
E-MTAB-6814	hindbrain	7 week post conception	32	0.0	tpm	58735
E-MTAB-6814	hindbrain	7 week post conception	33	0.0	tpm	58735
E-MTAB-6814	hindbrain	7 week post conception	34	0.0	tpm	58735
E-MTAB-6814	hindbrain	7 week post conception	35	0.0	tpm	58735
E-MTAB-6814	hindbrain	7 week post conception	36	0.0	tpm	58735
E-MTAB-6814	hindbrain	7 week post conception	37	0.0	tpm	58735
E-MTAB-6814	hindbrain	7 week post conception	38	0.0	tpm	58735
E-MTAB-6814	hindbrain	7 week post conception	39	0.0	tpm	58735
E-MTAB-6814	hindbrain	7 week post conception	40	0.0	tpm	58735
E-MTAB-6814	hindbrain	7 week post conception	41	0.0	tpm	58735
E-MTAB-6814	hindbrain	7 week post conception	42	0.0	tpm	58735
E-MTAB-6814	hindbrain	7 week post conception	43	0.0	tpm	58735
E-MTAB-6814	hindbrain	7 week post conception	44	0.0	tpm	58735
E-MTAB-6814	hindbrain	7 week post conception	45	0.0	tpm	58735
E-MTAB-6814	hindbrain	7 week post conception	46	0.0	tpm	58735
E-MTAB-6814	hindbrain	7 week post conception	47	0.0	tpm	58735
E-MTAB-6814	hindbrain	7 week post conception	48	0.0	tpm	58735
E-MTAB-6814	hindbrain	7 week post conception	49	0.1	tpm	58735
E-MTAB-6814	hindbrain	7 week post conception	50	0.1	tpm	58735
E-MTAB-6814	hindbrain	7 week post conception	51	0.1	tpm	58735
E-MTAB-6814	hindbrain	7 week post conception	52	0.2	tpm	58735
E-MTAB-6814	hindbrain	7 week post conception	53	0.2	tpm	58735
E-MTAB-6814	hindbrain	7 week post conception	54	0.2	tpm	58735
E-MTAB-6814	hindbrain	7 week post conception	55	0.2	tpm	58735
E-MTAB-6814	hindbrain	7 week post conception	56	0.3	tpm	58735
E-MTAB-6814	hindbrain	7 week post conception	57	0.3	tpm	58735
E-MTAB-6814	hindbrain	7 week post conception	58	0.4	tpm	58735
E-MTAB-6814	hindbrain	7 week post conception	59	0.4	tpm	58735
E-MTAB-6814	hindbrain	7 week post conception	60	0.5	tpm	58735
E-MTAB-6814	hindbrain	7 week post conception	61	0.6	tpm	58735
E-MTAB-6814	hindbrain	7 week post conception	62	0.6	tpm	58735
E-MTAB-6814	hindbrain	7 week post conception	63	0.7	tpm	58735
E-MTAB-6814	hindbrain	7 week post conception	64	0.8	tpm	58735
E-MTAB-6814	hindbrain	7 week post conception	65	0.9	tpm	58735
E-MTAB-6814	hindbrain	7 week post conception	66	1.0	tpm	58735
E-MTAB-6814	hindbrain	7 week post conception	67	1.0	tpm	58735
E-MTAB-6814	hindbrain	7 week post conception	68	1.0	tpm	58735
E-MTAB-6814	hindbrain	7 week post conception	69	2.0	tpm	58735
E-MTAB-6814	hindbrain	7 week post conception	70	2.0	tpm	58735
E-MTAB-6814	hindbrain	7 week post conception	71	2.0	tpm	58735
E-MTAB-6814	hindbrain	7 week post conception	72	2.0	tpm	58735
E-MTAB-6814	hindbrain	7 week post conception	73	3.0	tpm	58735
E-MTAB-6814	hindbrain	7 week post conception	74	3.0	tpm	58735
E-MTAB-6814	hindbrain	7 week post conception	75	4.0	tpm	58735
E-MTAB-6814	hindbrain	7 week post conception	76	4.0	tpm	58735
E-MTAB-6814	hindbrain	7 week post conception	77	5.0	tpm	58735
E-MTAB-6814	hindbrain	7 week post conception	78	6.0	tpm	58735
E-MTAB-6814	hindbrain	7 week post conception	79	7.0	tpm	58735
E-MTAB-6814	hindbrain	7 week post conception	80	8.0	tpm	58735
E-MTAB-6814	hindbrain	7 week post conception	81	10.0	tpm	58735
E-MTAB-6814	hindbrain	7 week post conception	82	12.0	tpm	58735
E-MTAB-6814	hindbrain	7 week post conception	83	14.0	tpm	58735
E-MTAB-6814	hindbrain	7 week post conception	84	16.0	tpm	58735
E-MTAB-6814	hindbrain	7 week post conception	85	18.0	tpm	58735
E-MTAB-6814	hindbrain	7 week post conception	86	20.24	tpm	58735
E-MTAB-6814	hindbrain	7 week post conception	87	23.0	tpm	58735
E-MTAB-6814	hindbrain	7 week post conception	88	26.92	tpm	58735
E-MTAB-6814	hindbrain	7 week post conception	89	30.0	tpm	58735
E-MTAB-6814	hindbrain	7 week post conception	90	34.0	tpm	58735
E-MTAB-6814	hindbrain	7 week post conception	91	38.0	tpm	58735
E-MTAB-6814	hindbrain	7 week post conception	92	44.0	tpm	58735
E-MTAB-6814	hindbrain	7 week post conception	93	50.0	tpm	58735
E-MTAB-6814	hindbrain	7 week post conception	94	58.0	tpm	58735
E-MTAB-6814	hindbrain	7 week post conception	95	68.0	tpm	58735
E-MTAB-6814	hindbrain	7 week post conception	96	82.0	tpm	58735
E-MTAB-6814	hindbrain	7 week post conception	97	101.98	tpm	58735
E-MTAB-6814	hindbrain	7 week post conception	98	137.0	tpm	58735
E-MTAB-6814	hindbrain	7 week post conception	99	226.0	tpm	58735
E-MTAB-6814	hindbrain	7 week post conception	100	17952.0	tpm	58735
E-MTAB-6814	hindbrain	8 week post conception	0	0.0	tpm	58735
E-MTAB-6814	hindbrain	8 week post conception	1	0.0	tpm	58735
E-MTAB-6814	hindbrain	8 week post conception	2	0.0	tpm	58735
E-MTAB-6814	hindbrain	8 week post conception	3	0.0	tpm	58735
E-MTAB-6814	hindbrain	8 week post conception	4	0.0	tpm	58735
E-MTAB-6814	hindbrain	8 week post conception	5	0.0	tpm	58735
E-MTAB-6814	hindbrain	8 week post conception	6	0.0	tpm	58735
E-MTAB-6814	hindbrain	8 week post conception	7	0.0	tpm	58735
E-MTAB-6814	hindbrain	8 week post conception	8	0.0	tpm	58735
E-MTAB-6814	hindbrain	8 week post conception	9	0.0	tpm	58735
E-MTAB-6814	hindbrain	8 week post conception	10	0.0	tpm	58735
E-MTAB-6814	hindbrain	8 week post conception	11	0.0	tpm	58735
E-MTAB-6814	hindbrain	8 week post conception	12	0.0	tpm	58735
E-MTAB-6814	hindbrain	8 week post conception	13	0.0	tpm	58735
E-MTAB-6814	hindbrain	8 week post conception	14	0.0	tpm	58735
E-MTAB-6814	hindbrain	8 week post conception	15	0.0	tpm	58735
E-MTAB-6814	hindbrain	8 week post conception	16	0.0	tpm	58735
E-MTAB-6814	hindbrain	8 week post conception	17	0.0	tpm	58735
E-MTAB-6814	hindbrain	8 week post conception	18	0.0	tpm	58735
E-MTAB-6814	hindbrain	8 week post conception	19	0.0	tpm	58735
E-MTAB-6814	hindbrain	8 week post conception	20	0.0	tpm	58735
E-MTAB-6814	hindbrain	8 week post conception	21	0.0	tpm	58735
E-MTAB-6814	hindbrain	8 week post conception	22	0.0	tpm	58735
E-MTAB-6814	hindbrain	8 week post conception	23	0.0	tpm	58735
E-MTAB-6814	hindbrain	8 week post conception	24	0.0	tpm	58735
E-MTAB-6814	hindbrain	8 week post conception	25	0.0	tpm	58735
E-MTAB-6814	hindbrain	8 week post conception	26	0.0	tpm	58735
E-MTAB-6814	hindbrain	8 week post conception	27	0.0	tpm	58735
E-MTAB-6814	hindbrain	8 week post conception	28	0.0	tpm	58735
E-MTAB-6814	hindbrain	8 week post conception	29	0.0	tpm	58735
E-MTAB-6814	hindbrain	8 week post conception	30	0.0	tpm	58735
E-MTAB-6814	hindbrain	8 week post conception	31	0.0	tpm	58735
E-MTAB-6814	hindbrain	8 week post conception	32	0.0	tpm	58735
E-MTAB-6814	hindbrain	8 week post conception	33	0.0	tpm	58735
E-MTAB-6814	hindbrain	8 week post conception	34	0.0	tpm	58735
E-MTAB-6814	hindbrain	8 week post conception	35	0.0	tpm	58735
E-MTAB-6814	hindbrain	8 week post conception	36	0.0	tpm	58735
E-MTAB-6814	hindbrain	8 week post conception	37	0.0	tpm	58735
E-MTAB-6814	hindbrain	8 week post conception	38	0.0	tpm	58735
E-MTAB-6814	hindbrain	8 week post conception	39	0.0	tpm	58735
E-MTAB-6814	hindbrain	8 week post conception	40	0.0	tpm	58735
E-MTAB-6814	hindbrain	8 week post conception	41	0.0	tpm	58735
E-MTAB-6814	hindbrain	8 week post conception	42	0.0	tpm	58735
E-MTAB-6814	hindbrain	8 week post conception	43	0.0	tpm	58735
E-MTAB-6814	hindbrain	8 week post conception	44	0.0	tpm	58735
E-MTAB-6814	hindbrain	8 week post conception	45	0.0	tpm	58735
E-MTAB-6814	hindbrain	8 week post conception	46	0.0	tpm	58735
E-MTAB-6814	hindbrain	8 week post conception	47	0.0	tpm	58735
E-MTAB-6814	hindbrain	8 week post conception	48	0.0	tpm	58735
E-MTAB-6814	hindbrain	8 week post conception	49	0.1	tpm	58735
E-MTAB-6814	hindbrain	8 week post conception	50	0.1	tpm	58735
E-MTAB-6814	hindbrain	8 week post conception	51	0.1	tpm	58735
E-MTAB-6814	hindbrain	8 week post conception	52	0.1	tpm	58735
E-MTAB-6814	hindbrain	8 week post conception	53	0.2	tpm	58735
E-MTAB-6814	hindbrain	8 week post conception	54	0.2	tpm	58735
E-MTAB-6814	hindbrain	8 week post conception	55	0.3	tpm	58735
E-MTAB-6814	hindbrain	8 week post conception	56	0.3	tpm	58735
E-MTAB-6814	hindbrain	8 week post conception	57	0.4	tpm	58735
E-MTAB-6814	hindbrain	8 week post conception	58	0.4	tpm	58735
E-MTAB-6814	hindbrain	8 week post conception	59	0.5	tpm	58735
E-MTAB-6814	hindbrain	8 week post conception	60	0.6	tpm	58735
E-MTAB-6814	hindbrain	8 week post conception	61	0.7	tpm	58735
E-MTAB-6814	hindbrain	8 week post conception	62	0.8	tpm	58735
E-MTAB-6814	hindbrain	8 week post conception	63	0.9	tpm	58735
E-MTAB-6814	hindbrain	8 week post conception	64	1.0	tpm	58735
E-MTAB-6814	hindbrain	8 week post conception	65	1.0	tpm	58735
E-MTAB-6814	hindbrain	8 week post conception	66	1.0	tpm	58735
E-MTAB-6814	hindbrain	8 week post conception	67	2.0	tpm	58735
E-MTAB-6814	hindbrain	8 week post conception	68	2.0	tpm	58735
E-MTAB-6814	hindbrain	8 week post conception	69	2.0	tpm	58735
E-MTAB-6814	hindbrain	8 week post conception	70	2.0	tpm	58735
E-MTAB-6814	hindbrain	8 week post conception	71	3.0	tpm	58735
E-MTAB-6814	hindbrain	8 week post conception	72	3.0	tpm	58735
E-MTAB-6814	hindbrain	8 week post conception	73	4.0	tpm	58735
E-MTAB-6814	hindbrain	8 week post conception	74	4.0	tpm	58735
E-MTAB-6814	hindbrain	8 week post conception	75	5.0	tpm	58735
E-MTAB-6814	hindbrain	8 week post conception	76	5.0	tpm	58735
E-MTAB-6814	hindbrain	8 week post conception	77	6.0	tpm	58735
E-MTAB-6814	hindbrain	8 week post conception	78	7.0	tpm	58735
E-MTAB-6814	hindbrain	8 week post conception	79	9.0	tpm	58735
E-MTAB-6814	hindbrain	8 week post conception	80	10.0	tpm	58735
E-MTAB-6814	hindbrain	8 week post conception	81	11.0	tpm	58735
E-MTAB-6814	hindbrain	8 week post conception	82	13.0	tpm	58735
E-MTAB-6814	hindbrain	8 week post conception	83	15.0	tpm	58735
E-MTAB-6814	hindbrain	8 week post conception	84	17.0	tpm	58735
E-MTAB-6814	hindbrain	8 week post conception	85	19.0	tpm	58735
E-MTAB-6814	hindbrain	8 week post conception	86	22.0	tpm	58735
E-MTAB-6814	hindbrain	8 week post conception	87	25.0	tpm	58735
E-MTAB-6814	hindbrain	8 week post conception	88	28.0	tpm	58735
E-MTAB-6814	hindbrain	8 week post conception	89	31.0	tpm	58735
E-MTAB-6814	hindbrain	8 week post conception	90	35.0	tpm	58735
E-MTAB-6814	hindbrain	8 week post conception	91	40.0	tpm	58735
E-MTAB-6814	hindbrain	8 week post conception	92	45.0	tpm	58735
E-MTAB-6814	hindbrain	8 week post conception	93	51.0	tpm	58735
E-MTAB-6814	hindbrain	8 week post conception	94	59.0	tpm	58735
E-MTAB-6814	hindbrain	8 week post conception	95	69.0	tpm	58735
E-MTAB-6814	hindbrain	8 week post conception	96	83.0	tpm	58735
E-MTAB-6814	hindbrain	8 week post conception	97	103.0	tpm	58735
E-MTAB-6814	hindbrain	8 week post conception	98	139.0	tpm	58735
E-MTAB-6814	hindbrain	8 week post conception	99	223.0	tpm	58735
E-MTAB-6814	hindbrain	8 week post conception	100	13916.0	tpm	58735
E-MTAB-6814	hindbrain	9 week post conception	0	0.0	tpm	58735
E-MTAB-6814	hindbrain	9 week post conception	1	0.0	tpm	58735
E-MTAB-6814	hindbrain	9 week post conception	2	0.0	tpm	58735
E-MTAB-6814	hindbrain	9 week post conception	3	0.0	tpm	58735
E-MTAB-6814	hindbrain	9 week post conception	4	0.0	tpm	58735
E-MTAB-6814	hindbrain	9 week post conception	5	0.0	tpm	58735
E-MTAB-6814	hindbrain	9 week post conception	6	0.0	tpm	58735
E-MTAB-6814	hindbrain	9 week post conception	7	0.0	tpm	58735
E-MTAB-6814	hindbrain	9 week post conception	8	0.0	tpm	58735
E-MTAB-6814	hindbrain	9 week post conception	9	0.0	tpm	58735
E-MTAB-6814	hindbrain	9 week post conception	10	0.0	tpm	58735
E-MTAB-6814	hindbrain	9 week post conception	11	0.0	tpm	58735
E-MTAB-6814	hindbrain	9 week post conception	12	0.0	tpm	58735
E-MTAB-6814	hindbrain	9 week post conception	13	0.0	tpm	58735
E-MTAB-6814	hindbrain	9 week post conception	14	0.0	tpm	58735
E-MTAB-6814	hindbrain	9 week post conception	15	0.0	tpm	58735
E-MTAB-6814	hindbrain	9 week post conception	16	0.0	tpm	58735
E-MTAB-6814	hindbrain	9 week post conception	17	0.0	tpm	58735
E-MTAB-6814	hindbrain	9 week post conception	18	0.0	tpm	58735
E-MTAB-6814	hindbrain	9 week post conception	19	0.0	tpm	58735
E-MTAB-6814	hindbrain	9 week post conception	20	0.0	tpm	58735
E-MTAB-6814	hindbrain	9 week post conception	21	0.0	tpm	58735
E-MTAB-6814	hindbrain	9 week post conception	22	0.0	tpm	58735
E-MTAB-6814	hindbrain	9 week post conception	23	0.0	tpm	58735
E-MTAB-6814	hindbrain	9 week post conception	24	0.0	tpm	58735
E-MTAB-6814	hindbrain	9 week post conception	25	0.0	tpm	58735
E-MTAB-6814	hindbrain	9 week post conception	26	0.0	tpm	58735
E-MTAB-6814	hindbrain	9 week post conception	27	0.0	tpm	58735
E-MTAB-6814	hindbrain	9 week post conception	28	0.0	tpm	58735
E-MTAB-6814	hindbrain	9 week post conception	29	0.0	tpm	58735
E-MTAB-6814	hindbrain	9 week post conception	30	0.0	tpm	58735
E-MTAB-6814	hindbrain	9 week post conception	31	0.0	tpm	58735
E-MTAB-6814	hindbrain	9 week post conception	32	0.0	tpm	58735
E-MTAB-6814	hindbrain	9 week post conception	33	0.0	tpm	58735
E-MTAB-6814	hindbrain	9 week post conception	34	0.0	tpm	58735
E-MTAB-6814	hindbrain	9 week post conception	35	0.0	tpm	58735
E-MTAB-6814	hindbrain	9 week post conception	36	0.0	tpm	58735
E-MTAB-6814	hindbrain	9 week post conception	37	0.0	tpm	58735
E-MTAB-6814	hindbrain	9 week post conception	38	0.0	tpm	58735
E-MTAB-6814	hindbrain	9 week post conception	39	0.0	tpm	58735
E-MTAB-6814	hindbrain	9 week post conception	40	0.0	tpm	58735
E-MTAB-6814	hindbrain	9 week post conception	41	0.0	tpm	58735
E-MTAB-6814	hindbrain	9 week post conception	42	0.0	tpm	58735
E-MTAB-6814	hindbrain	9 week post conception	43	0.0	tpm	58735
E-MTAB-6814	hindbrain	9 week post conception	44	0.0	tpm	58735
E-MTAB-6814	hindbrain	9 week post conception	45	0.0	tpm	58735
E-MTAB-6814	hindbrain	9 week post conception	46	0.0	tpm	58735
E-MTAB-6814	hindbrain	9 week post conception	47	0.1	tpm	58735
E-MTAB-6814	hindbrain	9 week post conception	48	0.1	tpm	58735
E-MTAB-6814	hindbrain	9 week post conception	49	0.1	tpm	58735
E-MTAB-6814	hindbrain	9 week post conception	50	0.2	tpm	58735
E-MTAB-6814	hindbrain	9 week post conception	51	0.2	tpm	58735
E-MTAB-6814	hindbrain	9 week post conception	52	0.2	tpm	58735
E-MTAB-6814	hindbrain	9 week post conception	53	0.3	tpm	58735
E-MTAB-6814	hindbrain	9 week post conception	54	0.3	tpm	58735
E-MTAB-6814	hindbrain	9 week post conception	55	0.3	tpm	58735
E-MTAB-6814	hindbrain	9 week post conception	56	0.4	tpm	58735
E-MTAB-6814	hindbrain	9 week post conception	57	0.5	tpm	58735
E-MTAB-6814	hindbrain	9 week post conception	58	0.5	tpm	58735
E-MTAB-6814	hindbrain	9 week post conception	59	0.6	tpm	58735
E-MTAB-6814	hindbrain	9 week post conception	60	0.7	tpm	58735
E-MTAB-6814	hindbrain	9 week post conception	61	0.8	tpm	58735
E-MTAB-6814	hindbrain	9 week post conception	62	0.9	tpm	58735
E-MTAB-6814	hindbrain	9 week post conception	63	1.0	tpm	58735
E-MTAB-6814	hindbrain	9 week post conception	64	1.0	tpm	58735
E-MTAB-6814	hindbrain	9 week post conception	65	1.0	tpm	58735
E-MTAB-6814	hindbrain	9 week post conception	66	1.0	tpm	58735
E-MTAB-6814	hindbrain	9 week post conception	67	2.0	tpm	58735
E-MTAB-6814	hindbrain	9 week post conception	68	2.0	tpm	58735
E-MTAB-6814	hindbrain	9 week post conception	69	2.0	tpm	58735
E-MTAB-6814	hindbrain	9 week post conception	70	3.0	tpm	58735
E-MTAB-6814	hindbrain	9 week post conception	71	3.0	tpm	58735
E-MTAB-6814	hindbrain	9 week post conception	72	3.0	tpm	58735
E-MTAB-6814	hindbrain	9 week post conception	73	4.0	tpm	58735
E-MTAB-6814	hindbrain	9 week post conception	74	4.0	tpm	58735
E-MTAB-6814	hindbrain	9 week post conception	75	5.0	tpm	58735
E-MTAB-6814	hindbrain	9 week post conception	76	6.0	tpm	58735
E-MTAB-6814	hindbrain	9 week post conception	77	7.0	tpm	58735
E-MTAB-6814	hindbrain	9 week post conception	78	8.0	tpm	58735
E-MTAB-6814	hindbrain	9 week post conception	79	9.0	tpm	58735
E-MTAB-6814	hindbrain	9 week post conception	80	10.0	tpm	58735
E-MTAB-6814	hindbrain	9 week post conception	81	12.0	tpm	58735
E-MTAB-6814	hindbrain	9 week post conception	82	14.0	tpm	58735
E-MTAB-6814	hindbrain	9 week post conception	83	15.0	tpm	58735
E-MTAB-6814	hindbrain	9 week post conception	84	17.0	tpm	58735
E-MTAB-6814	hindbrain	9 week post conception	85	20.0	tpm	58735
E-MTAB-6814	hindbrain	9 week post conception	86	22.0	tpm	58735
E-MTAB-6814	hindbrain	9 week post conception	87	25.0	tpm	58735
E-MTAB-6814	hindbrain	9 week post conception	88	28.0	tpm	58735
E-MTAB-6814	hindbrain	9 week post conception	89	31.0	tpm	58735
E-MTAB-6814	hindbrain	9 week post conception	90	35.0	tpm	58735
E-MTAB-6814	hindbrain	9 week post conception	91	40.0	tpm	58735
E-MTAB-6814	hindbrain	9 week post conception	92	45.0	tpm	58735
E-MTAB-6814	hindbrain	9 week post conception	93	51.0	tpm	58735
E-MTAB-6814	hindbrain	9 week post conception	94	59.0	tpm	58735
E-MTAB-6814	hindbrain	9 week post conception	95	69.0	tpm	58735
E-MTAB-6814	hindbrain	9 week post conception	96	82.0	tpm	58735
E-MTAB-6814	hindbrain	9 week post conception	97	102.0	tpm	58735
E-MTAB-6814	hindbrain	9 week post conception	98	138.0	tpm	58735
E-MTAB-6814	hindbrain	9 week post conception	99	223.0	tpm	58735
E-MTAB-6814	hindbrain	9 week post conception	100	14146.0	tpm	58735
E-MTAB-6814	kidney	10 week post conception	0	0.0	tpm	58735
E-MTAB-6814	kidney	10 week post conception	1	0.0	tpm	58735
E-MTAB-6814	kidney	10 week post conception	2	0.0	tpm	58735
E-MTAB-6814	kidney	10 week post conception	3	0.0	tpm	58735
E-MTAB-6814	kidney	10 week post conception	4	0.0	tpm	58735
E-MTAB-6814	kidney	10 week post conception	5	0.0	tpm	58735
E-MTAB-6814	kidney	10 week post conception	6	0.0	tpm	58735
E-MTAB-6814	kidney	10 week post conception	7	0.0	tpm	58735
E-MTAB-6814	kidney	10 week post conception	8	0.0	tpm	58735
E-MTAB-6814	kidney	10 week post conception	9	0.0	tpm	58735
E-MTAB-6814	kidney	10 week post conception	10	0.0	tpm	58735
E-MTAB-6814	kidney	10 week post conception	11	0.0	tpm	58735
E-MTAB-6814	kidney	10 week post conception	12	0.0	tpm	58735
E-MTAB-6814	kidney	10 week post conception	13	0.0	tpm	58735
E-MTAB-6814	kidney	10 week post conception	14	0.0	tpm	58735
E-MTAB-6814	kidney	10 week post conception	15	0.0	tpm	58735
E-MTAB-6814	kidney	10 week post conception	16	0.0	tpm	58735
E-MTAB-6814	kidney	10 week post conception	17	0.0	tpm	58735
E-MTAB-6814	kidney	10 week post conception	18	0.0	tpm	58735
E-MTAB-6814	kidney	10 week post conception	19	0.0	tpm	58735
E-MTAB-6814	kidney	10 week post conception	20	0.0	tpm	58735
E-MTAB-6814	kidney	10 week post conception	21	0.0	tpm	58735
E-MTAB-6814	kidney	10 week post conception	22	0.0	tpm	58735
E-MTAB-6814	kidney	10 week post conception	23	0.0	tpm	58735
E-MTAB-6814	kidney	10 week post conception	24	0.0	tpm	58735
E-MTAB-6814	kidney	10 week post conception	25	0.0	tpm	58735
E-MTAB-6814	kidney	10 week post conception	26	0.0	tpm	58735
E-MTAB-6814	kidney	10 week post conception	27	0.0	tpm	58735
E-MTAB-6814	kidney	10 week post conception	28	0.0	tpm	58735
E-MTAB-6814	kidney	10 week post conception	29	0.0	tpm	58735
E-MTAB-6814	kidney	10 week post conception	30	0.0	tpm	58735
E-MTAB-6814	kidney	10 week post conception	31	0.0	tpm	58735
E-MTAB-6814	kidney	10 week post conception	32	0.0	tpm	58735
E-MTAB-6814	kidney	10 week post conception	33	0.0	tpm	58735
E-MTAB-6814	kidney	10 week post conception	34	0.0	tpm	58735
E-MTAB-6814	kidney	10 week post conception	35	0.0	tpm	58735
E-MTAB-6814	kidney	10 week post conception	36	0.0	tpm	58735
E-MTAB-6814	kidney	10 week post conception	37	0.0	tpm	58735
E-MTAB-6814	kidney	10 week post conception	38	0.0	tpm	58735
E-MTAB-6814	kidney	10 week post conception	39	0.0	tpm	58735
E-MTAB-6814	kidney	10 week post conception	40	0.0	tpm	58735
E-MTAB-6814	kidney	10 week post conception	41	0.0	tpm	58735
E-MTAB-6814	kidney	10 week post conception	42	0.0	tpm	58735
E-MTAB-6814	kidney	10 week post conception	43	0.0	tpm	58735
E-MTAB-6814	kidney	10 week post conception	44	0.0	tpm	58735
E-MTAB-6814	kidney	10 week post conception	45	0.0	tpm	58735
E-MTAB-6814	kidney	10 week post conception	46	0.0	tpm	58735
E-MTAB-6814	kidney	10 week post conception	47	0.0	tpm	58735
E-MTAB-6814	kidney	10 week post conception	48	0.0	tpm	58735
E-MTAB-6814	kidney	10 week post conception	49	0.1	tpm	58735
E-MTAB-6814	kidney	10 week post conception	50	0.1	tpm	58735
E-MTAB-6814	kidney	10 week post conception	51	0.1	tpm	58735
E-MTAB-6814	kidney	10 week post conception	52	0.2	tpm	58735
E-MTAB-6814	kidney	10 week post conception	53	0.2	tpm	58735
E-MTAB-6814	kidney	10 week post conception	54	0.2	tpm	58735
E-MTAB-6814	kidney	10 week post conception	55	0.3	tpm	58735
E-MTAB-6814	kidney	10 week post conception	56	0.3	tpm	58735
E-MTAB-6814	kidney	10 week post conception	57	0.4	tpm	58735
E-MTAB-6814	kidney	10 week post conception	58	0.5	tpm	58735
E-MTAB-6814	kidney	10 week post conception	59	0.5	tpm	58735
E-MTAB-6814	kidney	10 week post conception	60	0.6	tpm	58735
E-MTAB-6814	kidney	10 week post conception	61	0.7	tpm	58735
E-MTAB-6814	kidney	10 week post conception	62	0.8	tpm	58735
E-MTAB-6814	kidney	10 week post conception	63	0.9	tpm	58735
E-MTAB-6814	kidney	10 week post conception	64	1.0	tpm	58735
E-MTAB-6814	kidney	10 week post conception	65	1.0	tpm	58735
E-MTAB-6814	kidney	10 week post conception	66	1.0	tpm	58735
E-MTAB-6814	kidney	10 week post conception	67	1.0	tpm	58735
E-MTAB-6814	kidney	10 week post conception	68	2.0	tpm	58735
E-MTAB-6814	kidney	10 week post conception	69	2.0	tpm	58735
E-MTAB-6814	kidney	10 week post conception	70	2.0	tpm	58735
E-MTAB-6814	kidney	10 week post conception	71	2.0	tpm	58735
E-MTAB-6814	kidney	10 week post conception	72	3.0	tpm	58735
E-MTAB-6814	kidney	10 week post conception	73	3.0	tpm	58735
E-MTAB-6814	kidney	10 week post conception	74	4.0	tpm	58735
E-MTAB-6814	kidney	10 week post conception	75	4.0	tpm	58735
E-MTAB-6814	kidney	10 week post conception	76	5.0	tpm	58735
E-MTAB-6814	kidney	10 week post conception	77	6.0	tpm	58735
E-MTAB-6814	kidney	10 week post conception	78	7.0	tpm	58735
E-MTAB-6814	kidney	10 week post conception	79	8.0	tpm	58735
E-MTAB-6814	kidney	10 week post conception	80	9.0	tpm	58735
E-MTAB-6814	kidney	10 week post conception	81	11.0	tpm	58735
E-MTAB-6814	kidney	10 week post conception	82	13.0	tpm	58735
E-MTAB-6814	kidney	10 week post conception	83	15.0	tpm	58735
E-MTAB-6814	kidney	10 week post conception	84	17.0	tpm	58735
E-MTAB-6814	kidney	10 week post conception	85	19.0	tpm	58735
E-MTAB-6814	kidney	10 week post conception	86	21.0	tpm	58735
E-MTAB-6814	kidney	10 week post conception	87	24.0	tpm	58735
E-MTAB-6814	kidney	10 week post conception	88	27.0	tpm	58735
E-MTAB-6814	kidney	10 week post conception	89	30.0	tpm	58735
E-MTAB-6814	kidney	10 week post conception	90	33.0	tpm	58735
E-MTAB-6814	kidney	10 week post conception	91	38.0	tpm	58735
E-MTAB-6814	kidney	10 week post conception	92	42.0	tpm	58735
E-MTAB-6814	kidney	10 week post conception	93	48.0	tpm	58735
E-MTAB-6814	kidney	10 week post conception	94	55.0	tpm	58735
E-MTAB-6814	kidney	10 week post conception	95	63.0	tpm	58735
E-MTAB-6814	kidney	10 week post conception	96	75.0	tpm	58735
E-MTAB-6814	kidney	10 week post conception	97	92.0	tpm	58735
E-MTAB-6814	kidney	10 week post conception	98	123.0	tpm	58735
E-MTAB-6814	kidney	10 week post conception	99	203.0	tpm	58735
E-MTAB-6814	kidney	10 week post conception	100	28167.0	tpm	58735
E-MTAB-6814	kidney	11 week post conception	0	0.0	tpm	58735
E-MTAB-6814	kidney	11 week post conception	1	0.0	tpm	58735
E-MTAB-6814	kidney	11 week post conception	2	0.0	tpm	58735
E-MTAB-6814	kidney	11 week post conception	3	0.0	tpm	58735
E-MTAB-6814	kidney	11 week post conception	4	0.0	tpm	58735
E-MTAB-6814	kidney	11 week post conception	5	0.0	tpm	58735
E-MTAB-6814	kidney	11 week post conception	6	0.0	tpm	58735
E-MTAB-6814	kidney	11 week post conception	7	0.0	tpm	58735
E-MTAB-6814	kidney	11 week post conception	8	0.0	tpm	58735
E-MTAB-6814	kidney	11 week post conception	9	0.0	tpm	58735
E-MTAB-6814	kidney	11 week post conception	10	0.0	tpm	58735
E-MTAB-6814	kidney	11 week post conception	11	0.0	tpm	58735
E-MTAB-6814	kidney	11 week post conception	12	0.0	tpm	58735
E-MTAB-6814	kidney	11 week post conception	13	0.0	tpm	58735
E-MTAB-6814	kidney	11 week post conception	14	0.0	tpm	58735
E-MTAB-6814	kidney	11 week post conception	15	0.0	tpm	58735
E-MTAB-6814	kidney	11 week post conception	16	0.0	tpm	58735
E-MTAB-6814	kidney	11 week post conception	17	0.0	tpm	58735
E-MTAB-6814	kidney	11 week post conception	18	0.0	tpm	58735
E-MTAB-6814	kidney	11 week post conception	19	0.0	tpm	58735
E-MTAB-6814	kidney	11 week post conception	20	0.0	tpm	58735
E-MTAB-6814	kidney	11 week post conception	21	0.0	tpm	58735
E-MTAB-6814	kidney	11 week post conception	22	0.0	tpm	58735
E-MTAB-6814	kidney	11 week post conception	23	0.0	tpm	58735
E-MTAB-6814	kidney	11 week post conception	24	0.0	tpm	58735
E-MTAB-6814	kidney	11 week post conception	25	0.0	tpm	58735
E-MTAB-6814	kidney	11 week post conception	26	0.0	tpm	58735
E-MTAB-6814	kidney	11 week post conception	27	0.0	tpm	58735
E-MTAB-6814	kidney	11 week post conception	28	0.0	tpm	58735
E-MTAB-6814	kidney	11 week post conception	29	0.0	tpm	58735
E-MTAB-6814	kidney	11 week post conception	30	0.0	tpm	58735
E-MTAB-6814	kidney	11 week post conception	31	0.0	tpm	58735
E-MTAB-6814	kidney	11 week post conception	32	0.0	tpm	58735
E-MTAB-6814	kidney	11 week post conception	33	0.0	tpm	58735
E-MTAB-6814	kidney	11 week post conception	34	0.0	tpm	58735
E-MTAB-6814	kidney	11 week post conception	35	0.0	tpm	58735
E-MTAB-6814	kidney	11 week post conception	36	0.0	tpm	58735
E-MTAB-6814	kidney	11 week post conception	37	0.0	tpm	58735
E-MTAB-6814	kidney	11 week post conception	38	0.0	tpm	58735
E-MTAB-6814	kidney	11 week post conception	39	0.0	tpm	58735
E-MTAB-6814	kidney	11 week post conception	40	0.0	tpm	58735
E-MTAB-6814	kidney	11 week post conception	41	0.1	tpm	58735
E-MTAB-6814	kidney	11 week post conception	42	0.1	tpm	58735
E-MTAB-6814	kidney	11 week post conception	43	0.1	tpm	58735
E-MTAB-6814	kidney	11 week post conception	44	0.1	tpm	58735
E-MTAB-6814	kidney	11 week post conception	45	0.2	tpm	58735
E-MTAB-6814	kidney	11 week post conception	46	0.2	tpm	58735
E-MTAB-6814	kidney	11 week post conception	47	0.2	tpm	58735
E-MTAB-6814	kidney	11 week post conception	48	0.2	tpm	58735
E-MTAB-6814	kidney	11 week post conception	49	0.3	tpm	58735
E-MTAB-6814	kidney	11 week post conception	50	0.3	tpm	58735
E-MTAB-6814	kidney	11 week post conception	51	0.3	tpm	58735
E-MTAB-6814	kidney	11 week post conception	52	0.4	tpm	58735
E-MTAB-6814	kidney	11 week post conception	53	0.4	tpm	58735
E-MTAB-6814	kidney	11 week post conception	54	0.5	tpm	58735
E-MTAB-6814	kidney	11 week post conception	55	0.5	tpm	58735
E-MTAB-6814	kidney	11 week post conception	56	0.6	tpm	58735
E-MTAB-6814	kidney	11 week post conception	57	0.7	tpm	58735
E-MTAB-6814	kidney	11 week post conception	58	0.8	tpm	58735
E-MTAB-6814	kidney	11 week post conception	59	0.8	tpm	58735
E-MTAB-6814	kidney	11 week post conception	60	0.9	tpm	58735
E-MTAB-6814	kidney	11 week post conception	61	1.0	tpm	58735
E-MTAB-6814	kidney	11 week post conception	62	1.0	tpm	58735
E-MTAB-6814	kidney	11 week post conception	63	1.0	tpm	58735
E-MTAB-6814	kidney	11 week post conception	64	1.0	tpm	58735
E-MTAB-6814	kidney	11 week post conception	65	2.0	tpm	58735
E-MTAB-6814	kidney	11 week post conception	66	2.0	tpm	58735
E-MTAB-6814	kidney	11 week post conception	67	2.0	tpm	58735
E-MTAB-6814	kidney	11 week post conception	68	2.0	tpm	58735
E-MTAB-6814	kidney	11 week post conception	69	3.0	tpm	58735
E-MTAB-6814	kidney	11 week post conception	70	3.0	tpm	58735
E-MTAB-6814	kidney	11 week post conception	71	3.0	tpm	58735
E-MTAB-6814	kidney	11 week post conception	72	4.0	tpm	58735
E-MTAB-6814	kidney	11 week post conception	73	4.0	tpm	58735
E-MTAB-6814	kidney	11 week post conception	74	5.0	tpm	58735
E-MTAB-6814	kidney	11 week post conception	75	6.0	tpm	58735
E-MTAB-6814	kidney	11 week post conception	76	6.0	tpm	58735
E-MTAB-6814	kidney	11 week post conception	77	7.0	tpm	58735
E-MTAB-6814	kidney	11 week post conception	78	9.0	tpm	58735
E-MTAB-6814	kidney	11 week post conception	79	10.0	tpm	58735
E-MTAB-6814	kidney	11 week post conception	80	11.0	tpm	58735
E-MTAB-6814	kidney	11 week post conception	81	13.0	tpm	58735
E-MTAB-6814	kidney	11 week post conception	82	15.0	tpm	58735
E-MTAB-6814	kidney	11 week post conception	83	17.0	tpm	58735
E-MTAB-6814	kidney	11 week post conception	84	19.0	tpm	58735
E-MTAB-6814	kidney	11 week post conception	85	21.0	tpm	58735
E-MTAB-6814	kidney	11 week post conception	86	24.0	tpm	58735
E-MTAB-6814	kidney	11 week post conception	87	26.0	tpm	58735
E-MTAB-6814	kidney	11 week post conception	88	29.0	tpm	58735
E-MTAB-6814	kidney	11 week post conception	89	32.0	tpm	58735
E-MTAB-6814	kidney	11 week post conception	90	36.0	tpm	58735
E-MTAB-6814	kidney	11 week post conception	91	40.0	tpm	58735
E-MTAB-6814	kidney	11 week post conception	92	45.0	tpm	58735
E-MTAB-6814	kidney	11 week post conception	93	50.0	tpm	58735
E-MTAB-6814	kidney	11 week post conception	94	56.0	tpm	58735
E-MTAB-6814	kidney	11 week post conception	95	65.0	tpm	58735
E-MTAB-6814	kidney	11 week post conception	96	76.0	tpm	58735
E-MTAB-6814	kidney	11 week post conception	97	92.0	tpm	58735
E-MTAB-6814	kidney	11 week post conception	98	122.0	tpm	58735
E-MTAB-6814	kidney	11 week post conception	99	200.0	tpm	58735
E-MTAB-6814	kidney	11 week post conception	100	24522.0	tpm	58735
E-MTAB-6814	kidney	12 week post conception	0	0.0	tpm	58735
E-MTAB-6814	kidney	12 week post conception	1	0.0	tpm	58735
E-MTAB-6814	kidney	12 week post conception	2	0.0	tpm	58735
E-MTAB-6814	kidney	12 week post conception	3	0.0	tpm	58735
E-MTAB-6814	kidney	12 week post conception	4	0.0	tpm	58735
E-MTAB-6814	kidney	12 week post conception	5	0.0	tpm	58735
E-MTAB-6814	kidney	12 week post conception	6	0.0	tpm	58735
E-MTAB-6814	kidney	12 week post conception	7	0.0	tpm	58735
E-MTAB-6814	kidney	12 week post conception	8	0.0	tpm	58735
E-MTAB-6814	kidney	12 week post conception	9	0.0	tpm	58735
E-MTAB-6814	kidney	12 week post conception	10	0.0	tpm	58735
E-MTAB-6814	kidney	12 week post conception	11	0.0	tpm	58735
E-MTAB-6814	kidney	12 week post conception	12	0.0	tpm	58735
E-MTAB-6814	kidney	12 week post conception	13	0.0	tpm	58735
E-MTAB-6814	kidney	12 week post conception	14	0.0	tpm	58735
E-MTAB-6814	kidney	12 week post conception	15	0.0	tpm	58735
E-MTAB-6814	kidney	12 week post conception	16	0.0	tpm	58735
E-MTAB-6814	kidney	12 week post conception	17	0.0	tpm	58735
E-MTAB-6814	kidney	12 week post conception	18	0.0	tpm	58735
E-MTAB-6814	kidney	12 week post conception	19	0.0	tpm	58735
E-MTAB-6814	kidney	12 week post conception	20	0.0	tpm	58735
E-MTAB-6814	kidney	12 week post conception	21	0.0	tpm	58735
E-MTAB-6814	kidney	12 week post conception	22	0.0	tpm	58735
E-MTAB-6814	kidney	12 week post conception	23	0.0	tpm	58735
E-MTAB-6814	kidney	12 week post conception	24	0.0	tpm	58735
E-MTAB-6814	kidney	12 week post conception	25	0.0	tpm	58735
E-MTAB-6814	kidney	12 week post conception	26	0.0	tpm	58735
E-MTAB-6814	kidney	12 week post conception	27	0.0	tpm	58735
E-MTAB-6814	kidney	12 week post conception	28	0.0	tpm	58735
E-MTAB-6814	kidney	12 week post conception	29	0.0	tpm	58735
E-MTAB-6814	kidney	12 week post conception	30	0.0	tpm	58735
E-MTAB-6814	kidney	12 week post conception	31	0.0	tpm	58735
E-MTAB-6814	kidney	12 week post conception	32	0.0	tpm	58735
E-MTAB-6814	kidney	12 week post conception	33	0.0	tpm	58735
E-MTAB-6814	kidney	12 week post conception	34	0.0	tpm	58735
E-MTAB-6814	kidney	12 week post conception	35	0.0	tpm	58735
E-MTAB-6814	kidney	12 week post conception	36	0.0	tpm	58735
E-MTAB-6814	kidney	12 week post conception	37	0.0	tpm	58735
E-MTAB-6814	kidney	12 week post conception	38	0.0	tpm	58735
E-MTAB-6814	kidney	12 week post conception	39	0.0	tpm	58735
E-MTAB-6814	kidney	12 week post conception	40	0.1	tpm	58735
E-MTAB-6814	kidney	12 week post conception	41	0.1	tpm	58735
E-MTAB-6814	kidney	12 week post conception	42	0.1	tpm	58735
E-MTAB-6814	kidney	12 week post conception	43	0.1	tpm	58735
E-MTAB-6814	kidney	12 week post conception	44	0.2	tpm	58735
E-MTAB-6814	kidney	12 week post conception	45	0.2	tpm	58735
E-MTAB-6814	kidney	12 week post conception	46	0.2	tpm	58735
E-MTAB-6814	kidney	12 week post conception	47	0.2	tpm	58735
E-MTAB-6814	kidney	12 week post conception	48	0.3	tpm	58735
E-MTAB-6814	kidney	12 week post conception	49	0.3	tpm	58735
E-MTAB-6814	kidney	12 week post conception	50	0.3	tpm	58735
E-MTAB-6814	kidney	12 week post conception	51	0.4	tpm	58735
E-MTAB-6814	kidney	12 week post conception	52	0.4	tpm	58735
E-MTAB-6814	kidney	12 week post conception	53	0.5	tpm	58735
E-MTAB-6814	kidney	12 week post conception	54	0.5	tpm	58735
E-MTAB-6814	kidney	12 week post conception	55	0.6	tpm	58735
E-MTAB-6814	kidney	12 week post conception	56	0.7	tpm	58735
E-MTAB-6814	kidney	12 week post conception	57	0.7	tpm	58735
E-MTAB-6814	kidney	12 week post conception	58	0.8	tpm	58735
E-MTAB-6814	kidney	12 week post conception	59	0.9	tpm	58735
E-MTAB-6814	kidney	12 week post conception	60	1.0	tpm	58735
E-MTAB-6814	kidney	12 week post conception	61	1.0	tpm	58735
E-MTAB-6814	kidney	12 week post conception	62	1.0	tpm	58735
E-MTAB-6814	kidney	12 week post conception	63	1.0	tpm	58735
E-MTAB-6814	kidney	12 week post conception	64	2.0	tpm	58735
E-MTAB-6814	kidney	12 week post conception	65	2.0	tpm	58735
E-MTAB-6814	kidney	12 week post conception	66	2.0	tpm	58735
E-MTAB-6814	kidney	12 week post conception	67	2.0	tpm	58735
E-MTAB-6814	kidney	12 week post conception	68	2.0	tpm	58735
E-MTAB-6814	kidney	12 week post conception	69	3.0	tpm	58735
E-MTAB-6814	kidney	12 week post conception	70	3.0	tpm	58735
E-MTAB-6814	kidney	12 week post conception	71	3.0	tpm	58735
E-MTAB-6814	kidney	12 week post conception	72	4.0	tpm	58735
E-MTAB-6814	kidney	12 week post conception	73	5.0	tpm	58735
E-MTAB-6814	kidney	12 week post conception	74	5.0	tpm	58735
E-MTAB-6814	kidney	12 week post conception	75	6.0	tpm	58735
E-MTAB-6814	kidney	12 week post conception	76	7.0	tpm	58735
E-MTAB-6814	kidney	12 week post conception	77	8.0	tpm	58735
E-MTAB-6814	kidney	12 week post conception	78	9.0	tpm	58735
E-MTAB-6814	kidney	12 week post conception	79	10.0	tpm	58735
E-MTAB-6814	kidney	12 week post conception	80	11.0	tpm	58735
E-MTAB-6814	kidney	12 week post conception	81	13.0	tpm	58735
E-MTAB-6814	kidney	12 week post conception	82	14.0	tpm	58735
E-MTAB-6814	kidney	12 week post conception	83	16.0	tpm	58735
E-MTAB-6814	kidney	12 week post conception	84	18.0	tpm	58735
E-MTAB-6814	kidney	12 week post conception	85	20.0	tpm	58735
E-MTAB-6814	kidney	12 week post conception	86	22.0	tpm	58735
E-MTAB-6814	kidney	12 week post conception	87	25.0	tpm	58735
E-MTAB-6814	kidney	12 week post conception	88	28.0	tpm	58735
E-MTAB-6814	kidney	12 week post conception	89	31.0	tpm	58735
E-MTAB-6814	kidney	12 week post conception	90	34.0	tpm	58735
E-MTAB-6814	kidney	12 week post conception	91	38.0	tpm	58735
E-MTAB-6814	kidney	12 week post conception	92	42.0	tpm	58735
E-MTAB-6814	kidney	12 week post conception	93	47.0	tpm	58735
E-MTAB-6814	kidney	12 week post conception	94	53.0	tpm	58735
E-MTAB-6814	kidney	12 week post conception	95	60.0	tpm	58735
E-MTAB-6814	kidney	12 week post conception	96	70.64	tpm	58735
E-MTAB-6814	kidney	12 week post conception	97	85.0	tpm	58735
E-MTAB-6814	kidney	12 week post conception	98	111.0	tpm	58735
E-MTAB-6814	kidney	12 week post conception	99	183.66	tpm	58735
E-MTAB-6814	kidney	12 week post conception	100	29297.0	tpm	58735
E-MTAB-6814	kidney	13 week post conception	0	0.0	tpm	58735
E-MTAB-6814	kidney	13 week post conception	1	0.0	tpm	58735
E-MTAB-6814	kidney	13 week post conception	2	0.0	tpm	58735
E-MTAB-6814	kidney	13 week post conception	3	0.0	tpm	58735
E-MTAB-6814	kidney	13 week post conception	4	0.0	tpm	58735
E-MTAB-6814	kidney	13 week post conception	5	0.0	tpm	58735
E-MTAB-6814	kidney	13 week post conception	6	0.0	tpm	58735
E-MTAB-6814	kidney	13 week post conception	7	0.0	tpm	58735
E-MTAB-6814	kidney	13 week post conception	8	0.0	tpm	58735
E-MTAB-6814	kidney	13 week post conception	9	0.0	tpm	58735
E-MTAB-6814	kidney	13 week post conception	10	0.0	tpm	58735
E-MTAB-6814	kidney	13 week post conception	11	0.0	tpm	58735
E-MTAB-6814	kidney	13 week post conception	12	0.0	tpm	58735
E-MTAB-6814	kidney	13 week post conception	13	0.0	tpm	58735
E-MTAB-6814	kidney	13 week post conception	14	0.0	tpm	58735
E-MTAB-6814	kidney	13 week post conception	15	0.0	tpm	58735
E-MTAB-6814	kidney	13 week post conception	16	0.0	tpm	58735
E-MTAB-6814	kidney	13 week post conception	17	0.0	tpm	58735
E-MTAB-6814	kidney	13 week post conception	18	0.0	tpm	58735
E-MTAB-6814	kidney	13 week post conception	19	0.0	tpm	58735
E-MTAB-6814	kidney	13 week post conception	20	0.0	tpm	58735
E-MTAB-6814	kidney	13 week post conception	21	0.0	tpm	58735
E-MTAB-6814	kidney	13 week post conception	22	0.0	tpm	58735
E-MTAB-6814	kidney	13 week post conception	23	0.0	tpm	58735
E-MTAB-6814	kidney	13 week post conception	24	0.0	tpm	58735
E-MTAB-6814	kidney	13 week post conception	25	0.0	tpm	58735
E-MTAB-6814	kidney	13 week post conception	26	0.0	tpm	58735
E-MTAB-6814	kidney	13 week post conception	27	0.0	tpm	58735
E-MTAB-6814	kidney	13 week post conception	28	0.0	tpm	58735
E-MTAB-6814	kidney	13 week post conception	29	0.0	tpm	58735
E-MTAB-6814	kidney	13 week post conception	30	0.0	tpm	58735
E-MTAB-6814	kidney	13 week post conception	31	0.0	tpm	58735
E-MTAB-6814	kidney	13 week post conception	32	0.0	tpm	58735
E-MTAB-6814	kidney	13 week post conception	33	0.0	tpm	58735
E-MTAB-6814	kidney	13 week post conception	34	0.0	tpm	58735
E-MTAB-6814	kidney	13 week post conception	35	0.0	tpm	58735
E-MTAB-6814	kidney	13 week post conception	36	0.0	tpm	58735
E-MTAB-6814	kidney	13 week post conception	37	0.0	tpm	58735
E-MTAB-6814	kidney	13 week post conception	38	0.0	tpm	58735
E-MTAB-6814	kidney	13 week post conception	39	0.0	tpm	58735
E-MTAB-6814	kidney	13 week post conception	40	0.0	tpm	58735
E-MTAB-6814	kidney	13 week post conception	41	0.0	tpm	58735
E-MTAB-6814	kidney	13 week post conception	42	0.0	tpm	58735
E-MTAB-6814	kidney	13 week post conception	43	0.0	tpm	58735
E-MTAB-6814	kidney	13 week post conception	44	0.0	tpm	58735
E-MTAB-6814	kidney	13 week post conception	45	0.0	tpm	58735
E-MTAB-6814	kidney	13 week post conception	46	0.0	tpm	58735
E-MTAB-6814	kidney	13 week post conception	47	0.1	tpm	58735
E-MTAB-6814	kidney	13 week post conception	48	0.1	tpm	58735
E-MTAB-6814	kidney	13 week post conception	49	0.1	tpm	58735
E-MTAB-6814	kidney	13 week post conception	50	0.2	tpm	58735
E-MTAB-6814	kidney	13 week post conception	51	0.2	tpm	58735
E-MTAB-6814	kidney	13 week post conception	52	0.3	tpm	58735
E-MTAB-6814	kidney	13 week post conception	53	0.3	tpm	58735
E-MTAB-6814	kidney	13 week post conception	54	0.4	tpm	58735
E-MTAB-6814	kidney	13 week post conception	55	0.4	tpm	58735
E-MTAB-6814	kidney	13 week post conception	56	0.5	tpm	58735
E-MTAB-6814	kidney	13 week post conception	57	0.5	tpm	58735
E-MTAB-6814	kidney	13 week post conception	58	0.6	tpm	58735
E-MTAB-6814	kidney	13 week post conception	59	0.7	tpm	58735
E-MTAB-6814	kidney	13 week post conception	60	0.8	tpm	58735
E-MTAB-6814	kidney	13 week post conception	61	0.9	tpm	58735
E-MTAB-6814	kidney	13 week post conception	62	1.0	tpm	58735
E-MTAB-6814	kidney	13 week post conception	63	1.0	tpm	58735
E-MTAB-6814	kidney	13 week post conception	64	1.0	tpm	58735
E-MTAB-6814	kidney	13 week post conception	65	1.0	tpm	58735
E-MTAB-6814	kidney	13 week post conception	66	2.0	tpm	58735
E-MTAB-6814	kidney	13 week post conception	67	2.0	tpm	58735
E-MTAB-6814	kidney	13 week post conception	68	2.0	tpm	58735
E-MTAB-6814	kidney	13 week post conception	69	2.0	tpm	58735
E-MTAB-6814	kidney	13 week post conception	70	3.0	tpm	58735
E-MTAB-6814	kidney	13 week post conception	71	3.0	tpm	58735
E-MTAB-6814	kidney	13 week post conception	72	3.0	tpm	58735
E-MTAB-6814	kidney	13 week post conception	73	4.0	tpm	58735
E-MTAB-6814	kidney	13 week post conception	74	4.0	tpm	58735
E-MTAB-6814	kidney	13 week post conception	75	5.0	tpm	58735
E-MTAB-6814	kidney	13 week post conception	76	6.0	tpm	58735
E-MTAB-6814	kidney	13 week post conception	77	7.0	tpm	58735
E-MTAB-6814	kidney	13 week post conception	78	8.0	tpm	58735
E-MTAB-6814	kidney	13 week post conception	79	9.0	tpm	58735
E-MTAB-6814	kidney	13 week post conception	80	10.0	tpm	58735
E-MTAB-6814	kidney	13 week post conception	81	11.0	tpm	58735
E-MTAB-6814	kidney	13 week post conception	82	13.0	tpm	58735
E-MTAB-6814	kidney	13 week post conception	83	15.0	tpm	58735
E-MTAB-6814	kidney	13 week post conception	84	16.0	tpm	58735
E-MTAB-6814	kidney	13 week post conception	85	19.0	tpm	58735
E-MTAB-6814	kidney	13 week post conception	86	21.0	tpm	58735
E-MTAB-6814	kidney	13 week post conception	87	23.0	tpm	58735
E-MTAB-6814	kidney	13 week post conception	88	26.0	tpm	58735
E-MTAB-6814	kidney	13 week post conception	89	29.0	tpm	58735
E-MTAB-6814	kidney	13 week post conception	90	32.0	tpm	58735
E-MTAB-6814	kidney	13 week post conception	91	36.0	tpm	58735
E-MTAB-6814	kidney	13 week post conception	92	40.0	tpm	58735
E-MTAB-6814	kidney	13 week post conception	93	46.0	tpm	58735
E-MTAB-6814	kidney	13 week post conception	94	52.0	tpm	58735
E-MTAB-6814	kidney	13 week post conception	95	59.0	tpm	58735
E-MTAB-6814	kidney	13 week post conception	96	71.0	tpm	58735
E-MTAB-6814	kidney	13 week post conception	97	87.0	tpm	58735
E-MTAB-6814	kidney	13 week post conception	98	115.0	tpm	58735
E-MTAB-6814	kidney	13 week post conception	99	185.0	tpm	58735
E-MTAB-6814	kidney	13 week post conception	100	30468.0	tpm	58735
E-MTAB-6814	kidney	16 week post conception	0	0.0	tpm	58735
E-MTAB-6814	kidney	16 week post conception	1	0.0	tpm	58735
E-MTAB-6814	kidney	16 week post conception	2	0.0	tpm	58735
E-MTAB-6814	kidney	16 week post conception	3	0.0	tpm	58735
E-MTAB-6814	kidney	16 week post conception	4	0.0	tpm	58735
E-MTAB-6814	kidney	16 week post conception	5	0.0	tpm	58735
E-MTAB-6814	kidney	16 week post conception	6	0.0	tpm	58735
E-MTAB-6814	kidney	16 week post conception	7	0.0	tpm	58735
E-MTAB-6814	kidney	16 week post conception	8	0.0	tpm	58735
E-MTAB-6814	kidney	16 week post conception	9	0.0	tpm	58735
E-MTAB-6814	kidney	16 week post conception	10	0.0	tpm	58735
E-MTAB-6814	kidney	16 week post conception	11	0.0	tpm	58735
E-MTAB-6814	kidney	16 week post conception	12	0.0	tpm	58735
E-MTAB-6814	kidney	16 week post conception	13	0.0	tpm	58735
E-MTAB-6814	kidney	16 week post conception	14	0.0	tpm	58735
E-MTAB-6814	kidney	16 week post conception	15	0.0	tpm	58735
E-MTAB-6814	kidney	16 week post conception	16	0.0	tpm	58735
E-MTAB-6814	kidney	16 week post conception	17	0.0	tpm	58735
E-MTAB-6814	kidney	16 week post conception	18	0.0	tpm	58735
E-MTAB-6814	kidney	16 week post conception	19	0.0	tpm	58735
E-MTAB-6814	kidney	16 week post conception	20	0.0	tpm	58735
E-MTAB-6814	kidney	16 week post conception	21	0.0	tpm	58735
E-MTAB-6814	kidney	16 week post conception	22	0.0	tpm	58735
E-MTAB-6814	kidney	16 week post conception	23	0.0	tpm	58735
E-MTAB-6814	kidney	16 week post conception	24	0.0	tpm	58735
E-MTAB-6814	kidney	16 week post conception	25	0.0	tpm	58735
E-MTAB-6814	kidney	16 week post conception	26	0.0	tpm	58735
E-MTAB-6814	kidney	16 week post conception	27	0.0	tpm	58735
E-MTAB-6814	kidney	16 week post conception	28	0.0	tpm	58735
E-MTAB-6814	kidney	16 week post conception	29	0.0	tpm	58735
E-MTAB-6814	kidney	16 week post conception	30	0.0	tpm	58735
E-MTAB-6814	kidney	16 week post conception	31	0.0	tpm	58735
E-MTAB-6814	kidney	16 week post conception	32	0.0	tpm	58735
E-MTAB-6814	kidney	16 week post conception	33	0.0	tpm	58735
E-MTAB-6814	kidney	16 week post conception	34	0.0	tpm	58735
E-MTAB-6814	kidney	16 week post conception	35	0.0	tpm	58735
E-MTAB-6814	kidney	16 week post conception	36	0.0	tpm	58735
E-MTAB-6814	kidney	16 week post conception	37	0.0	tpm	58735
E-MTAB-6814	kidney	16 week post conception	38	0.0	tpm	58735
E-MTAB-6814	kidney	16 week post conception	39	0.0	tpm	58735
E-MTAB-6814	kidney	16 week post conception	40	0.0	tpm	58735
E-MTAB-6814	kidney	16 week post conception	41	0.0	tpm	58735
E-MTAB-6814	kidney	16 week post conception	42	0.0	tpm	58735
E-MTAB-6814	kidney	16 week post conception	43	0.0	tpm	58735
E-MTAB-6814	kidney	16 week post conception	44	0.0	tpm	58735
E-MTAB-6814	kidney	16 week post conception	45	0.0	tpm	58735
E-MTAB-6814	kidney	16 week post conception	46	0.0	tpm	58735
E-MTAB-6814	kidney	16 week post conception	47	0.0	tpm	58735
E-MTAB-6814	kidney	16 week post conception	48	0.0	tpm	58735
E-MTAB-6814	kidney	16 week post conception	49	0.0	tpm	58735
E-MTAB-6814	kidney	16 week post conception	50	0.1	tpm	58735
E-MTAB-6814	kidney	16 week post conception	51	0.1	tpm	58735
E-MTAB-6814	kidney	16 week post conception	52	0.2	tpm	58735
E-MTAB-6814	kidney	16 week post conception	53	0.2	tpm	58735
E-MTAB-6814	kidney	16 week post conception	54	0.3	tpm	58735
E-MTAB-6814	kidney	16 week post conception	55	0.3	tpm	58735
E-MTAB-6814	kidney	16 week post conception	56	0.4	tpm	58735
E-MTAB-6814	kidney	16 week post conception	57	0.5	tpm	58735
E-MTAB-6814	kidney	16 week post conception	58	0.5	tpm	58735
E-MTAB-6814	kidney	16 week post conception	59	0.6	tpm	58735
E-MTAB-6814	kidney	16 week post conception	60	0.7	tpm	58735
E-MTAB-6814	kidney	16 week post conception	61	0.8	tpm	58735
E-MTAB-6814	kidney	16 week post conception	62	0.808	tpm	58735
E-MTAB-6814	kidney	16 week post conception	63	1.0	tpm	58735
E-MTAB-6814	kidney	16 week post conception	64	1.0	tpm	58735
E-MTAB-6814	kidney	16 week post conception	65	1.0	tpm	58735
E-MTAB-6814	kidney	16 week post conception	66	1.0	tpm	58735
E-MTAB-6814	kidney	16 week post conception	67	2.0	tpm	58735
E-MTAB-6814	kidney	16 week post conception	68	2.0	tpm	58735
E-MTAB-6814	kidney	16 week post conception	69	2.0	tpm	58735
E-MTAB-6814	kidney	16 week post conception	70	2.0	tpm	58735
E-MTAB-6814	kidney	16 week post conception	71	3.0	tpm	58735
E-MTAB-6814	kidney	16 week post conception	72	3.0	tpm	58735
E-MTAB-6814	kidney	16 week post conception	73	3.0	tpm	58735
E-MTAB-6814	kidney	16 week post conception	74	4.0	tpm	58735
E-MTAB-6814	kidney	16 week post conception	75	4.0	tpm	58735
E-MTAB-6814	kidney	16 week post conception	76	5.0	tpm	58735
E-MTAB-6814	kidney	16 week post conception	77	6.0	tpm	58735
E-MTAB-6814	kidney	16 week post conception	78	6.0	tpm	58735
E-MTAB-6814	kidney	16 week post conception	79	7.0	tpm	58735
E-MTAB-6814	kidney	16 week post conception	80	8.0	tpm	58735
E-MTAB-6814	kidney	16 week post conception	81	10.0	tpm	58735
E-MTAB-6814	kidney	16 week post conception	82	11.0	tpm	58735
E-MTAB-6814	kidney	16 week post conception	83	13.0	tpm	58735
E-MTAB-6814	kidney	16 week post conception	84	15.0	tpm	58735
E-MTAB-6814	kidney	16 week post conception	85	17.0	tpm	58735
E-MTAB-6814	kidney	16 week post conception	86	19.0	tpm	58735
E-MTAB-6814	kidney	16 week post conception	87	21.0	tpm	58735
E-MTAB-6814	kidney	16 week post conception	88	24.0	tpm	58735
E-MTAB-6814	kidney	16 week post conception	89	28.0	tpm	58735
E-MTAB-6814	kidney	16 week post conception	90	31.0	tpm	58735
E-MTAB-6814	kidney	16 week post conception	91	35.0	tpm	58735
E-MTAB-6814	kidney	16 week post conception	92	40.0	tpm	58735
E-MTAB-6814	kidney	16 week post conception	93	46.0	tpm	58735
E-MTAB-6814	kidney	16 week post conception	94	53.0	tpm	58735
E-MTAB-6814	kidney	16 week post conception	95	61.0	tpm	58735
E-MTAB-6814	kidney	16 week post conception	96	73.0	tpm	58735
E-MTAB-6814	kidney	16 week post conception	97	90.0	tpm	58735
E-MTAB-6814	kidney	16 week post conception	98	116.32	tpm	58735
E-MTAB-6814	kidney	16 week post conception	99	185.66	tpm	58735
E-MTAB-6814	kidney	16 week post conception	100	34703.0	tpm	58735
E-MTAB-6814	kidney	18 week post conception	0	0.0	tpm	58735
E-MTAB-6814	kidney	18 week post conception	1	0.0	tpm	58735
E-MTAB-6814	kidney	18 week post conception	2	0.0	tpm	58735
E-MTAB-6814	kidney	18 week post conception	3	0.0	tpm	58735
E-MTAB-6814	kidney	18 week post conception	4	0.0	tpm	58735
E-MTAB-6814	kidney	18 week post conception	5	0.0	tpm	58735
E-MTAB-6814	kidney	18 week post conception	6	0.0	tpm	58735
E-MTAB-6814	kidney	18 week post conception	7	0.0	tpm	58735
E-MTAB-6814	kidney	18 week post conception	8	0.0	tpm	58735
E-MTAB-6814	kidney	18 week post conception	9	0.0	tpm	58735
E-MTAB-6814	kidney	18 week post conception	10	0.0	tpm	58735
E-MTAB-6814	kidney	18 week post conception	11	0.0	tpm	58735
E-MTAB-6814	kidney	18 week post conception	12	0.0	tpm	58735
E-MTAB-6814	kidney	18 week post conception	13	0.0	tpm	58735
E-MTAB-6814	kidney	18 week post conception	14	0.0	tpm	58735
E-MTAB-6814	kidney	18 week post conception	15	0.0	tpm	58735
E-MTAB-6814	kidney	18 week post conception	16	0.0	tpm	58735
E-MTAB-6814	kidney	18 week post conception	17	0.0	tpm	58735
E-MTAB-6814	kidney	18 week post conception	18	0.0	tpm	58735
E-MTAB-6814	kidney	18 week post conception	19	0.0	tpm	58735
E-MTAB-6814	kidney	18 week post conception	20	0.0	tpm	58735
E-MTAB-6814	kidney	18 week post conception	21	0.0	tpm	58735
E-MTAB-6814	kidney	18 week post conception	22	0.0	tpm	58735
E-MTAB-6814	kidney	18 week post conception	23	0.0	tpm	58735
E-MTAB-6814	kidney	18 week post conception	24	0.0	tpm	58735
E-MTAB-6814	kidney	18 week post conception	25	0.0	tpm	58735
E-MTAB-6814	kidney	18 week post conception	26	0.0	tpm	58735
E-MTAB-6814	kidney	18 week post conception	27	0.0	tpm	58735
E-MTAB-6814	kidney	18 week post conception	28	0.0	tpm	58735
E-MTAB-6814	kidney	18 week post conception	29	0.0	tpm	58735
E-MTAB-6814	kidney	18 week post conception	30	0.0	tpm	58735
E-MTAB-6814	kidney	18 week post conception	31	0.0	tpm	58735
E-MTAB-6814	kidney	18 week post conception	32	0.0	tpm	58735
E-MTAB-6814	kidney	18 week post conception	33	0.0	tpm	58735
E-MTAB-6814	kidney	18 week post conception	34	0.0	tpm	58735
E-MTAB-6814	kidney	18 week post conception	35	0.0	tpm	58735
E-MTAB-6814	kidney	18 week post conception	36	0.0	tpm	58735
E-MTAB-6814	kidney	18 week post conception	37	0.0	tpm	58735
E-MTAB-6814	kidney	18 week post conception	38	0.0	tpm	58735
E-MTAB-6814	kidney	18 week post conception	39	0.0	tpm	58735
E-MTAB-6814	kidney	18 week post conception	40	0.0	tpm	58735
E-MTAB-6814	kidney	18 week post conception	41	0.0	tpm	58735
E-MTAB-6814	kidney	18 week post conception	42	0.0	tpm	58735
E-MTAB-6814	kidney	18 week post conception	43	0.0	tpm	58735
E-MTAB-6814	kidney	18 week post conception	44	0.0	tpm	58735
E-MTAB-6814	kidney	18 week post conception	45	0.0	tpm	58735
E-MTAB-6814	kidney	18 week post conception	46	0.0	tpm	58735
E-MTAB-6814	kidney	18 week post conception	47	0.0	tpm	58735
E-MTAB-6814	kidney	18 week post conception	48	0.0	tpm	58735
E-MTAB-6814	kidney	18 week post conception	49	0.0	tpm	58735
E-MTAB-6814	kidney	18 week post conception	50	0.0	tpm	58735
E-MTAB-6814	kidney	18 week post conception	51	0.1	tpm	58735
E-MTAB-6814	kidney	18 week post conception	52	0.1	tpm	58735
E-MTAB-6814	kidney	18 week post conception	53	0.1	tpm	58735
E-MTAB-6814	kidney	18 week post conception	54	0.2	tpm	58735
E-MTAB-6814	kidney	18 week post conception	55	0.2	tpm	58735
E-MTAB-6814	kidney	18 week post conception	56	0.3	tpm	58735
E-MTAB-6814	kidney	18 week post conception	57	0.3	tpm	58735
E-MTAB-6814	kidney	18 week post conception	58	0.4	tpm	58735
E-MTAB-6814	kidney	18 week post conception	59	0.5	tpm	58735
E-MTAB-6814	kidney	18 week post conception	60	0.5	tpm	58735
E-MTAB-6814	kidney	18 week post conception	61	0.6	tpm	58735
E-MTAB-6814	kidney	18 week post conception	62	0.7	tpm	58735
E-MTAB-6814	kidney	18 week post conception	63	0.8	tpm	58735
E-MTAB-6814	kidney	18 week post conception	64	0.9	tpm	58735
E-MTAB-6814	kidney	18 week post conception	65	1.0	tpm	58735
E-MTAB-6814	kidney	18 week post conception	66	1.0	tpm	58735
E-MTAB-6814	kidney	18 week post conception	67	1.0	tpm	58735
E-MTAB-6814	kidney	18 week post conception	68	2.0	tpm	58735
E-MTAB-6814	kidney	18 week post conception	69	2.0	tpm	58735
E-MTAB-6814	kidney	18 week post conception	70	2.0	tpm	58735
E-MTAB-6814	kidney	18 week post conception	71	2.0	tpm	58735
E-MTAB-6814	kidney	18 week post conception	72	3.0	tpm	58735
E-MTAB-6814	kidney	18 week post conception	73	3.0	tpm	58735
E-MTAB-6814	kidney	18 week post conception	74	4.0	tpm	58735
E-MTAB-6814	kidney	18 week post conception	75	4.0	tpm	58735
E-MTAB-6814	kidney	18 week post conception	76	5.0	tpm	58735
E-MTAB-6814	kidney	18 week post conception	77	5.0	tpm	58735
E-MTAB-6814	kidney	18 week post conception	78	6.0	tpm	58735
E-MTAB-6814	kidney	18 week post conception	79	7.0	tpm	58735
E-MTAB-6814	kidney	18 week post conception	80	9.0	tpm	58735
E-MTAB-6814	kidney	18 week post conception	81	10.0	tpm	58735
E-MTAB-6814	kidney	18 week post conception	82	11.0	tpm	58735
E-MTAB-6814	kidney	18 week post conception	83	13.0	tpm	58735
E-MTAB-6814	kidney	18 week post conception	84	15.0	tpm	58735
E-MTAB-6814	kidney	18 week post conception	85	17.0	tpm	58735
E-MTAB-6814	kidney	18 week post conception	86	19.0	tpm	58735
E-MTAB-6814	kidney	18 week post conception	87	22.0	tpm	58735
E-MTAB-6814	kidney	18 week post conception	88	24.0	tpm	58735
E-MTAB-6814	kidney	18 week post conception	89	27.0	tpm	58735
E-MTAB-6814	kidney	18 week post conception	90	31.0	tpm	58735
E-MTAB-6814	kidney	18 week post conception	91	35.0	tpm	58735
E-MTAB-6814	kidney	18 week post conception	92	40.0	tpm	58735
E-MTAB-6814	kidney	18 week post conception	93	45.0	tpm	58735
E-MTAB-6814	kidney	18 week post conception	94	52.0	tpm	58735
E-MTAB-6814	kidney	18 week post conception	95	61.0	tpm	58735
E-MTAB-6814	kidney	18 week post conception	96	72.0	tpm	58735
E-MTAB-6814	kidney	18 week post conception	97	90.0	tpm	58735
E-MTAB-6814	kidney	18 week post conception	98	119.0	tpm	58735
E-MTAB-6814	kidney	18 week post conception	99	191.0	tpm	58735
E-MTAB-6814	kidney	18 week post conception	100	34065.0	tpm	58735
E-MTAB-6814	kidney	19 week post conception	0	0.0	tpm	58735
E-MTAB-6814	kidney	19 week post conception	1	0.0	tpm	58735
E-MTAB-6814	kidney	19 week post conception	2	0.0	tpm	58735
E-MTAB-6814	kidney	19 week post conception	3	0.0	tpm	58735
E-MTAB-6814	kidney	19 week post conception	4	0.0	tpm	58735
E-MTAB-6814	kidney	19 week post conception	5	0.0	tpm	58735
E-MTAB-6814	kidney	19 week post conception	6	0.0	tpm	58735
E-MTAB-6814	kidney	19 week post conception	7	0.0	tpm	58735
E-MTAB-6814	kidney	19 week post conception	8	0.0	tpm	58735
E-MTAB-6814	kidney	19 week post conception	9	0.0	tpm	58735
E-MTAB-6814	kidney	19 week post conception	10	0.0	tpm	58735
E-MTAB-6814	kidney	19 week post conception	11	0.0	tpm	58735
E-MTAB-6814	kidney	19 week post conception	12	0.0	tpm	58735
E-MTAB-6814	kidney	19 week post conception	13	0.0	tpm	58735
E-MTAB-6814	kidney	19 week post conception	14	0.0	tpm	58735
E-MTAB-6814	kidney	19 week post conception	15	0.0	tpm	58735
E-MTAB-6814	kidney	19 week post conception	16	0.0	tpm	58735
E-MTAB-6814	kidney	19 week post conception	17	0.0	tpm	58735
E-MTAB-6814	kidney	19 week post conception	18	0.0	tpm	58735
E-MTAB-6814	kidney	19 week post conception	19	0.0	tpm	58735
E-MTAB-6814	kidney	19 week post conception	20	0.0	tpm	58735
E-MTAB-6814	kidney	19 week post conception	21	0.0	tpm	58735
E-MTAB-6814	kidney	19 week post conception	22	0.0	tpm	58735
E-MTAB-6814	kidney	19 week post conception	23	0.0	tpm	58735
E-MTAB-6814	kidney	19 week post conception	24	0.0	tpm	58735
E-MTAB-6814	kidney	19 week post conception	25	0.0	tpm	58735
E-MTAB-6814	kidney	19 week post conception	26	0.0	tpm	58735
E-MTAB-6814	kidney	19 week post conception	27	0.0	tpm	58735
E-MTAB-6814	kidney	19 week post conception	28	0.0	tpm	58735
E-MTAB-6814	kidney	19 week post conception	29	0.0	tpm	58735
E-MTAB-6814	kidney	19 week post conception	30	0.0	tpm	58735
E-MTAB-6814	kidney	19 week post conception	31	0.0	tpm	58735
E-MTAB-6814	kidney	19 week post conception	32	0.0	tpm	58735
E-MTAB-6814	kidney	19 week post conception	33	0.0	tpm	58735
E-MTAB-6814	kidney	19 week post conception	34	0.0	tpm	58735
E-MTAB-6814	kidney	19 week post conception	35	0.0	tpm	58735
E-MTAB-6814	kidney	19 week post conception	36	0.0	tpm	58735
E-MTAB-6814	kidney	19 week post conception	37	0.0	tpm	58735
E-MTAB-6814	kidney	19 week post conception	38	0.0	tpm	58735
E-MTAB-6814	kidney	19 week post conception	39	0.0	tpm	58735
E-MTAB-6814	kidney	19 week post conception	40	0.0	tpm	58735
E-MTAB-6814	kidney	19 week post conception	41	0.0	tpm	58735
E-MTAB-6814	kidney	19 week post conception	42	0.0	tpm	58735
E-MTAB-6814	kidney	19 week post conception	43	0.0	tpm	58735
E-MTAB-6814	kidney	19 week post conception	44	0.0	tpm	58735
E-MTAB-6814	kidney	19 week post conception	45	0.0	tpm	58735
E-MTAB-6814	kidney	19 week post conception	46	0.0	tpm	58735
E-MTAB-6814	kidney	19 week post conception	47	0.1	tpm	58735
E-MTAB-6814	kidney	19 week post conception	48	0.1	tpm	58735
E-MTAB-6814	kidney	19 week post conception	49	0.2	tpm	58735
E-MTAB-6814	kidney	19 week post conception	50	0.2	tpm	58735
E-MTAB-6814	kidney	19 week post conception	51	0.2	tpm	58735
E-MTAB-6814	kidney	19 week post conception	52	0.2	tpm	58735
E-MTAB-6814	kidney	19 week post conception	53	0.3	tpm	58735
E-MTAB-6814	kidney	19 week post conception	54	0.3	tpm	58735
E-MTAB-6814	kidney	19 week post conception	55	0.4	tpm	58735
E-MTAB-6814	kidney	19 week post conception	56	0.4	tpm	58735
E-MTAB-6814	kidney	19 week post conception	57	0.4	tpm	58735
E-MTAB-6814	kidney	19 week post conception	58	0.5	tpm	58735
E-MTAB-6814	kidney	19 week post conception	59	0.6	tpm	58735
E-MTAB-6814	kidney	19 week post conception	60	0.6	tpm	58735
E-MTAB-6814	kidney	19 week post conception	61	0.7	tpm	58735
E-MTAB-6814	kidney	19 week post conception	62	0.8	tpm	58735
E-MTAB-6814	kidney	19 week post conception	63	0.9	tpm	58735
E-MTAB-6814	kidney	19 week post conception	64	1.0	tpm	58735
E-MTAB-6814	kidney	19 week post conception	65	1.0	tpm	58735
E-MTAB-6814	kidney	19 week post conception	66	1.0	tpm	58735
E-MTAB-6814	kidney	19 week post conception	67	1.0	tpm	58735
E-MTAB-6814	kidney	19 week post conception	68	2.0	tpm	58735
E-MTAB-6814	kidney	19 week post conception	69	2.0	tpm	58735
E-MTAB-6814	kidney	19 week post conception	70	2.0	tpm	58735
E-MTAB-6814	kidney	19 week post conception	71	2.0	tpm	58735
E-MTAB-6814	kidney	19 week post conception	72	3.0	tpm	58735
E-MTAB-6814	kidney	19 week post conception	73	3.0	tpm	58735
E-MTAB-6814	kidney	19 week post conception	74	4.0	tpm	58735
E-MTAB-6814	kidney	19 week post conception	75	4.0	tpm	58735
E-MTAB-6814	kidney	19 week post conception	76	5.0	tpm	58735
E-MTAB-6814	kidney	19 week post conception	77	6.0	tpm	58735
E-MTAB-6814	kidney	19 week post conception	78	7.0	tpm	58735
E-MTAB-6814	kidney	19 week post conception	79	8.0	tpm	58735
E-MTAB-6814	kidney	19 week post conception	80	9.0	tpm	58735
E-MTAB-6814	kidney	19 week post conception	81	10.0	tpm	58735
E-MTAB-6814	kidney	19 week post conception	82	12.0	tpm	58735
E-MTAB-6814	kidney	19 week post conception	83	13.0	tpm	58735
E-MTAB-6814	kidney	19 week post conception	84	15.0	tpm	58735
E-MTAB-6814	kidney	19 week post conception	85	17.0	tpm	58735
E-MTAB-6814	kidney	19 week post conception	86	19.0	tpm	58735
E-MTAB-6814	kidney	19 week post conception	87	21.0	tpm	58735
E-MTAB-6814	kidney	19 week post conception	88	24.0	tpm	58735
E-MTAB-6814	kidney	19 week post conception	89	26.0	tpm	58735
E-MTAB-6814	kidney	19 week post conception	90	30.0	tpm	58735
E-MTAB-6814	kidney	19 week post conception	91	33.0	tpm	58735
E-MTAB-6814	kidney	19 week post conception	92	37.0	tpm	58735
E-MTAB-6814	kidney	19 week post conception	93	42.0	tpm	58735
E-MTAB-6814	kidney	19 week post conception	94	48.0	tpm	58735
E-MTAB-6814	kidney	19 week post conception	95	56.0	tpm	58735
E-MTAB-6814	kidney	19 week post conception	96	67.0	tpm	58735
E-MTAB-6814	kidney	19 week post conception	97	83.0	tpm	58735
E-MTAB-6814	kidney	19 week post conception	98	112.0	tpm	58735
E-MTAB-6814	kidney	19 week post conception	99	185.0	tpm	58735
E-MTAB-6814	kidney	19 week post conception	100	33100.0	tpm	58735
E-MTAB-6814	kidney	4 week post conception	0	0.0	tpm	58735
E-MTAB-6814	kidney	4 week post conception	1	0.0	tpm	58735
E-MTAB-6814	kidney	4 week post conception	2	0.0	tpm	58735
E-MTAB-6814	kidney	4 week post conception	3	0.0	tpm	58735
E-MTAB-6814	kidney	4 week post conception	4	0.0	tpm	58735
E-MTAB-6814	kidney	4 week post conception	5	0.0	tpm	58735
E-MTAB-6814	kidney	4 week post conception	6	0.0	tpm	58735
E-MTAB-6814	kidney	4 week post conception	7	0.0	tpm	58735
E-MTAB-6814	kidney	4 week post conception	8	0.0	tpm	58735
E-MTAB-6814	kidney	4 week post conception	9	0.0	tpm	58735
E-MTAB-6814	kidney	4 week post conception	10	0.0	tpm	58735
E-MTAB-6814	kidney	4 week post conception	11	0.0	tpm	58735
E-MTAB-6814	kidney	4 week post conception	12	0.0	tpm	58735
E-MTAB-6814	kidney	4 week post conception	13	0.0	tpm	58735
E-MTAB-6814	kidney	4 week post conception	14	0.0	tpm	58735
E-MTAB-6814	kidney	4 week post conception	15	0.0	tpm	58735
E-MTAB-6814	kidney	4 week post conception	16	0.0	tpm	58735
E-MTAB-6814	kidney	4 week post conception	17	0.0	tpm	58735
E-MTAB-6814	kidney	4 week post conception	18	0.0	tpm	58735
E-MTAB-6814	kidney	4 week post conception	19	0.0	tpm	58735
E-MTAB-6814	kidney	4 week post conception	20	0.0	tpm	58735
E-MTAB-6814	kidney	4 week post conception	21	0.0	tpm	58735
E-MTAB-6814	kidney	4 week post conception	22	0.0	tpm	58735
E-MTAB-6814	kidney	4 week post conception	23	0.0	tpm	58735
E-MTAB-6814	kidney	4 week post conception	24	0.0	tpm	58735
E-MTAB-6814	kidney	4 week post conception	25	0.0	tpm	58735
E-MTAB-6814	kidney	4 week post conception	26	0.0	tpm	58735
E-MTAB-6814	kidney	4 week post conception	27	0.0	tpm	58735
E-MTAB-6814	kidney	4 week post conception	28	0.0	tpm	58735
E-MTAB-6814	kidney	4 week post conception	29	0.0	tpm	58735
E-MTAB-6814	kidney	4 week post conception	30	0.0	tpm	58735
E-MTAB-6814	kidney	4 week post conception	31	0.0	tpm	58735
E-MTAB-6814	kidney	4 week post conception	32	0.0	tpm	58735
E-MTAB-6814	kidney	4 week post conception	33	0.0	tpm	58735
E-MTAB-6814	kidney	4 week post conception	34	0.0	tpm	58735
E-MTAB-6814	kidney	4 week post conception	35	0.0	tpm	58735
E-MTAB-6814	kidney	4 week post conception	36	0.0	tpm	58735
E-MTAB-6814	kidney	4 week post conception	37	0.0	tpm	58735
E-MTAB-6814	kidney	4 week post conception	38	0.0	tpm	58735
E-MTAB-6814	kidney	4 week post conception	39	0.0	tpm	58735
E-MTAB-6814	kidney	4 week post conception	40	0.0	tpm	58735
E-MTAB-6814	kidney	4 week post conception	41	0.0	tpm	58735
E-MTAB-6814	kidney	4 week post conception	42	0.0	tpm	58735
E-MTAB-6814	kidney	4 week post conception	43	0.0	tpm	58735
E-MTAB-6814	kidney	4 week post conception	44	0.0	tpm	58735
E-MTAB-6814	kidney	4 week post conception	45	0.0	tpm	58735
E-MTAB-6814	kidney	4 week post conception	46	0.0	tpm	58735
E-MTAB-6814	kidney	4 week post conception	47	0.0	tpm	58735
E-MTAB-6814	kidney	4 week post conception	48	0.0	tpm	58735
E-MTAB-6814	kidney	4 week post conception	49	0.0	tpm	58735
E-MTAB-6814	kidney	4 week post conception	50	0.0	tpm	58735
E-MTAB-6814	kidney	4 week post conception	51	0.0	tpm	58735
E-MTAB-6814	kidney	4 week post conception	52	0.0	tpm	58735
E-MTAB-6814	kidney	4 week post conception	53	0.0	tpm	58735
E-MTAB-6814	kidney	4 week post conception	54	0.1	tpm	58735
E-MTAB-6814	kidney	4 week post conception	55	0.2	tpm	58735
E-MTAB-6814	kidney	4 week post conception	56	0.2	tpm	58735
E-MTAB-6814	kidney	4 week post conception	57	0.3	tpm	58735
E-MTAB-6814	kidney	4 week post conception	58	0.3	tpm	58735
E-MTAB-6814	kidney	4 week post conception	59	0.4	tpm	58735
E-MTAB-6814	kidney	4 week post conception	60	0.5	tpm	58735
E-MTAB-6814	kidney	4 week post conception	61	0.6	tpm	58735
E-MTAB-6814	kidney	4 week post conception	62	0.6	tpm	58735
E-MTAB-6814	kidney	4 week post conception	63	0.7	tpm	58735
E-MTAB-6814	kidney	4 week post conception	64	0.8	tpm	58735
E-MTAB-6814	kidney	4 week post conception	65	1.0	tpm	58735
E-MTAB-6814	kidney	4 week post conception	66	1.0	tpm	58735
E-MTAB-6814	kidney	4 week post conception	67	1.0	tpm	58735
E-MTAB-6814	kidney	4 week post conception	68	1.0	tpm	58735
E-MTAB-6814	kidney	4 week post conception	69	2.0	tpm	58735
E-MTAB-6814	kidney	4 week post conception	70	2.0	tpm	58735
E-MTAB-6814	kidney	4 week post conception	71	2.0	tpm	58735
E-MTAB-6814	kidney	4 week post conception	72	2.0	tpm	58735
E-MTAB-6814	kidney	4 week post conception	73	3.0	tpm	58735
E-MTAB-6814	kidney	4 week post conception	74	3.0	tpm	58735
E-MTAB-6814	kidney	4 week post conception	75	4.0	tpm	58735
E-MTAB-6814	kidney	4 week post conception	76	4.0	tpm	58735
E-MTAB-6814	kidney	4 week post conception	77	5.0	tpm	58735
E-MTAB-6814	kidney	4 week post conception	78	6.0	tpm	58735
E-MTAB-6814	kidney	4 week post conception	79	7.0	tpm	58735
E-MTAB-6814	kidney	4 week post conception	80	8.0	tpm	58735
E-MTAB-6814	kidney	4 week post conception	81	9.0	tpm	58735
E-MTAB-6814	kidney	4 week post conception	82	11.0	tpm	58735
E-MTAB-6814	kidney	4 week post conception	83	12.0	tpm	58735
E-MTAB-6814	kidney	4 week post conception	84	14.0	tpm	58735
E-MTAB-6814	kidney	4 week post conception	85	16.0	tpm	58735
E-MTAB-6814	kidney	4 week post conception	86	18.0	tpm	58735
E-MTAB-6814	kidney	4 week post conception	87	20.0	tpm	58735
E-MTAB-6814	kidney	4 week post conception	88	23.0	tpm	58735
E-MTAB-6814	kidney	4 week post conception	89	26.0	tpm	58735
E-MTAB-6814	kidney	4 week post conception	90	30.0	tpm	58735
E-MTAB-6814	kidney	4 week post conception	91	34.0	tpm	58735
E-MTAB-6814	kidney	4 week post conception	92	39.0	tpm	58735
E-MTAB-6814	kidney	4 week post conception	93	44.0	tpm	58735
E-MTAB-6814	kidney	4 week post conception	94	52.0	tpm	58735
E-MTAB-6814	kidney	4 week post conception	95	60.0	tpm	58735
E-MTAB-6814	kidney	4 week post conception	96	73.0	tpm	58735
E-MTAB-6814	kidney	4 week post conception	97	91.0	tpm	58735
E-MTAB-6814	kidney	4 week post conception	98	124.32	tpm	58735
E-MTAB-6814	kidney	4 week post conception	99	217.0	tpm	58735
E-MTAB-6814	kidney	4 week post conception	100	26160.0	tpm	58735
E-MTAB-6814	kidney	5 week post conception	0	0.0	tpm	58735
E-MTAB-6814	kidney	5 week post conception	1	0.0	tpm	58735
E-MTAB-6814	kidney	5 week post conception	2	0.0	tpm	58735
E-MTAB-6814	kidney	5 week post conception	3	0.0	tpm	58735
E-MTAB-6814	kidney	5 week post conception	4	0.0	tpm	58735
E-MTAB-6814	kidney	5 week post conception	5	0.0	tpm	58735
E-MTAB-6814	kidney	5 week post conception	6	0.0	tpm	58735
E-MTAB-6814	kidney	5 week post conception	7	0.0	tpm	58735
E-MTAB-6814	kidney	5 week post conception	8	0.0	tpm	58735
E-MTAB-6814	kidney	5 week post conception	9	0.0	tpm	58735
E-MTAB-6814	kidney	5 week post conception	10	0.0	tpm	58735
E-MTAB-6814	kidney	5 week post conception	11	0.0	tpm	58735
E-MTAB-6814	kidney	5 week post conception	12	0.0	tpm	58735
E-MTAB-6814	kidney	5 week post conception	13	0.0	tpm	58735
E-MTAB-6814	kidney	5 week post conception	14	0.0	tpm	58735
E-MTAB-6814	kidney	5 week post conception	15	0.0	tpm	58735
E-MTAB-6814	kidney	5 week post conception	16	0.0	tpm	58735
E-MTAB-6814	kidney	5 week post conception	17	0.0	tpm	58735
E-MTAB-6814	kidney	5 week post conception	18	0.0	tpm	58735
E-MTAB-6814	kidney	5 week post conception	19	0.0	tpm	58735
E-MTAB-6814	kidney	5 week post conception	20	0.0	tpm	58735
E-MTAB-6814	kidney	5 week post conception	21	0.0	tpm	58735
E-MTAB-6814	kidney	5 week post conception	22	0.0	tpm	58735
E-MTAB-6814	kidney	5 week post conception	23	0.0	tpm	58735
E-MTAB-6814	kidney	5 week post conception	24	0.0	tpm	58735
E-MTAB-6814	kidney	5 week post conception	25	0.0	tpm	58735
E-MTAB-6814	kidney	5 week post conception	26	0.0	tpm	58735
E-MTAB-6814	kidney	5 week post conception	27	0.0	tpm	58735
E-MTAB-6814	kidney	5 week post conception	28	0.0	tpm	58735
E-MTAB-6814	kidney	5 week post conception	29	0.0	tpm	58735
E-MTAB-6814	kidney	5 week post conception	30	0.0	tpm	58735
E-MTAB-6814	kidney	5 week post conception	31	0.0	tpm	58735
E-MTAB-6814	kidney	5 week post conception	32	0.0	tpm	58735
E-MTAB-6814	kidney	5 week post conception	33	0.0	tpm	58735
E-MTAB-6814	kidney	5 week post conception	34	0.0	tpm	58735
E-MTAB-6814	kidney	5 week post conception	35	0.0	tpm	58735
E-MTAB-6814	kidney	5 week post conception	36	0.0	tpm	58735
E-MTAB-6814	kidney	5 week post conception	37	0.0	tpm	58735
E-MTAB-6814	kidney	5 week post conception	38	0.0	tpm	58735
E-MTAB-6814	kidney	5 week post conception	39	0.0	tpm	58735
E-MTAB-6814	kidney	5 week post conception	40	0.1	tpm	58735
E-MTAB-6814	kidney	5 week post conception	41	0.1	tpm	58735
E-MTAB-6814	kidney	5 week post conception	42	0.1	tpm	58735
E-MTAB-6814	kidney	5 week post conception	43	0.1	tpm	58735
E-MTAB-6814	kidney	5 week post conception	44	0.1	tpm	58735
E-MTAB-6814	kidney	5 week post conception	45	0.2	tpm	58735
E-MTAB-6814	kidney	5 week post conception	46	0.2	tpm	58735
E-MTAB-6814	kidney	5 week post conception	47	0.2	tpm	58735
E-MTAB-6814	kidney	5 week post conception	48	0.2	tpm	58735
E-MTAB-6814	kidney	5 week post conception	49	0.3	tpm	58735
E-MTAB-6814	kidney	5 week post conception	50	0.3	tpm	58735
E-MTAB-6814	kidney	5 week post conception	51	0.3	tpm	58735
E-MTAB-6814	kidney	5 week post conception	52	0.4	tpm	58735
E-MTAB-6814	kidney	5 week post conception	53	0.4	tpm	58735
E-MTAB-6814	kidney	5 week post conception	54	0.5	tpm	58735
E-MTAB-6814	kidney	5 week post conception	55	0.5	tpm	58735
E-MTAB-6814	kidney	5 week post conception	56	0.6	tpm	58735
E-MTAB-6814	kidney	5 week post conception	57	0.6	tpm	58735
E-MTAB-6814	kidney	5 week post conception	58	0.7	tpm	58735
E-MTAB-6814	kidney	5 week post conception	59	0.8	tpm	58735
E-MTAB-6814	kidney	5 week post conception	60	0.9	tpm	58735
E-MTAB-6814	kidney	5 week post conception	61	1.0	tpm	58735
E-MTAB-6814	kidney	5 week post conception	62	1.0	tpm	58735
E-MTAB-6814	kidney	5 week post conception	63	1.0	tpm	58735
E-MTAB-6814	kidney	5 week post conception	64	1.0	tpm	58735
E-MTAB-6814	kidney	5 week post conception	65	1.0	tpm	58735
E-MTAB-6814	kidney	5 week post conception	66	2.0	tpm	58735
E-MTAB-6814	kidney	5 week post conception	67	2.0	tpm	58735
E-MTAB-6814	kidney	5 week post conception	68	2.0	tpm	58735
E-MTAB-6814	kidney	5 week post conception	69	2.0	tpm	58735
E-MTAB-6814	kidney	5 week post conception	70	3.0	tpm	58735
E-MTAB-6814	kidney	5 week post conception	71	3.0	tpm	58735
E-MTAB-6814	kidney	5 week post conception	72	3.0	tpm	58735
E-MTAB-6814	kidney	5 week post conception	73	4.0	tpm	58735
E-MTAB-6814	kidney	5 week post conception	74	4.0	tpm	58735
E-MTAB-6814	kidney	5 week post conception	75	5.0	tpm	58735
E-MTAB-6814	kidney	5 week post conception	76	6.0	tpm	58735
E-MTAB-6814	kidney	5 week post conception	77	7.0	tpm	58735
E-MTAB-6814	kidney	5 week post conception	78	8.0	tpm	58735
E-MTAB-6814	kidney	5 week post conception	79	9.0	tpm	58735
E-MTAB-6814	kidney	5 week post conception	80	10.0	tpm	58735
E-MTAB-6814	kidney	5 week post conception	81	12.0	tpm	58735
E-MTAB-6814	kidney	5 week post conception	82	13.0	tpm	58735
E-MTAB-6814	kidney	5 week post conception	83	15.0	tpm	58735
E-MTAB-6814	kidney	5 week post conception	84	17.0	tpm	58735
E-MTAB-6814	kidney	5 week post conception	85	20.0	tpm	58735
E-MTAB-6814	kidney	5 week post conception	86	22.0	tpm	58735
E-MTAB-6814	kidney	5 week post conception	87	25.0	tpm	58735
E-MTAB-6814	kidney	5 week post conception	88	28.0	tpm	58735
E-MTAB-6814	kidney	5 week post conception	89	31.0	tpm	58735
E-MTAB-6814	kidney	5 week post conception	90	35.0	tpm	58735
E-MTAB-6814	kidney	5 week post conception	91	39.0	tpm	58735
E-MTAB-6814	kidney	5 week post conception	92	44.0	tpm	58735
E-MTAB-6814	kidney	5 week post conception	93	50.0	tpm	58735
E-MTAB-6814	kidney	5 week post conception	94	57.0	tpm	58735
E-MTAB-6814	kidney	5 week post conception	95	65.0	tpm	58735
E-MTAB-6814	kidney	5 week post conception	96	76.0	tpm	58735
E-MTAB-6814	kidney	5 week post conception	97	94.0	tpm	58735
E-MTAB-6814	kidney	5 week post conception	98	124.0	tpm	58735
E-MTAB-6814	kidney	5 week post conception	99	202.0	tpm	58735
E-MTAB-6814	kidney	5 week post conception	100	23710.0	tpm	58735
E-MTAB-6814	kidney	6 week post conception	0	0.0	tpm	58735
E-MTAB-6814	kidney	6 week post conception	1	0.0	tpm	58735
E-MTAB-6814	kidney	6 week post conception	2	0.0	tpm	58735
E-MTAB-6814	kidney	6 week post conception	3	0.0	tpm	58735
E-MTAB-6814	kidney	6 week post conception	4	0.0	tpm	58735
E-MTAB-6814	kidney	6 week post conception	5	0.0	tpm	58735
E-MTAB-6814	kidney	6 week post conception	6	0.0	tpm	58735
E-MTAB-6814	kidney	6 week post conception	7	0.0	tpm	58735
E-MTAB-6814	kidney	6 week post conception	8	0.0	tpm	58735
E-MTAB-6814	kidney	6 week post conception	9	0.0	tpm	58735
E-MTAB-6814	kidney	6 week post conception	10	0.0	tpm	58735
E-MTAB-6814	kidney	6 week post conception	11	0.0	tpm	58735
E-MTAB-6814	kidney	6 week post conception	12	0.0	tpm	58735
E-MTAB-6814	kidney	6 week post conception	13	0.0	tpm	58735
E-MTAB-6814	kidney	6 week post conception	14	0.0	tpm	58735
E-MTAB-6814	kidney	6 week post conception	15	0.0	tpm	58735
E-MTAB-6814	kidney	6 week post conception	16	0.0	tpm	58735
E-MTAB-6814	kidney	6 week post conception	17	0.0	tpm	58735
E-MTAB-6814	kidney	6 week post conception	18	0.0	tpm	58735
E-MTAB-6814	kidney	6 week post conception	19	0.0	tpm	58735
E-MTAB-6814	kidney	6 week post conception	20	0.0	tpm	58735
E-MTAB-6814	kidney	6 week post conception	21	0.0	tpm	58735
E-MTAB-6814	kidney	6 week post conception	22	0.0	tpm	58735
E-MTAB-6814	kidney	6 week post conception	23	0.0	tpm	58735
E-MTAB-6814	kidney	6 week post conception	24	0.0	tpm	58735
E-MTAB-6814	kidney	6 week post conception	25	0.0	tpm	58735
E-MTAB-6814	kidney	6 week post conception	26	0.0	tpm	58735
E-MTAB-6814	kidney	6 week post conception	27	0.0	tpm	58735
E-MTAB-6814	kidney	6 week post conception	28	0.0	tpm	58735
E-MTAB-6814	kidney	6 week post conception	29	0.0	tpm	58735
E-MTAB-6814	kidney	6 week post conception	30	0.0	tpm	58735
E-MTAB-6814	kidney	6 week post conception	31	0.0	tpm	58735
E-MTAB-6814	kidney	6 week post conception	32	0.0	tpm	58735
E-MTAB-6814	kidney	6 week post conception	33	0.0	tpm	58735
E-MTAB-6814	kidney	6 week post conception	34	0.0	tpm	58735
E-MTAB-6814	kidney	6 week post conception	35	0.0	tpm	58735
E-MTAB-6814	kidney	6 week post conception	36	0.0	tpm	58735
E-MTAB-6814	kidney	6 week post conception	37	0.0	tpm	58735
E-MTAB-6814	kidney	6 week post conception	38	0.0	tpm	58735
E-MTAB-6814	kidney	6 week post conception	39	0.0	tpm	58735
E-MTAB-6814	kidney	6 week post conception	40	0.0	tpm	58735
E-MTAB-6814	kidney	6 week post conception	41	0.0	tpm	58735
E-MTAB-6814	kidney	6 week post conception	42	0.1	tpm	58735
E-MTAB-6814	kidney	6 week post conception	43	0.1	tpm	58735
E-MTAB-6814	kidney	6 week post conception	44	0.1	tpm	58735
E-MTAB-6814	kidney	6 week post conception	45	0.1	tpm	58735
E-MTAB-6814	kidney	6 week post conception	46	0.2	tpm	58735
E-MTAB-6814	kidney	6 week post conception	47	0.2	tpm	58735
E-MTAB-6814	kidney	6 week post conception	48	0.2	tpm	58735
E-MTAB-6814	kidney	6 week post conception	49	0.3	tpm	58735
E-MTAB-6814	kidney	6 week post conception	50	0.3	tpm	58735
E-MTAB-6814	kidney	6 week post conception	51	0.4	tpm	58735
E-MTAB-6814	kidney	6 week post conception	52	0.4	tpm	58735
E-MTAB-6814	kidney	6 week post conception	53	0.5	tpm	58735
E-MTAB-6814	kidney	6 week post conception	54	0.5	tpm	58735
E-MTAB-6814	kidney	6 week post conception	55	0.6	tpm	58735
E-MTAB-6814	kidney	6 week post conception	56	0.7	tpm	58735
E-MTAB-6814	kidney	6 week post conception	57	0.7	tpm	58735
E-MTAB-6814	kidney	6 week post conception	58	0.8	tpm	58735
E-MTAB-6814	kidney	6 week post conception	59	0.9	tpm	58735
E-MTAB-6814	kidney	6 week post conception	60	1.0	tpm	58735
E-MTAB-6814	kidney	6 week post conception	61	1.0	tpm	58735
E-MTAB-6814	kidney	6 week post conception	62	1.0	tpm	58735
E-MTAB-6814	kidney	6 week post conception	63	1.0	tpm	58735
E-MTAB-6814	kidney	6 week post conception	64	2.0	tpm	58735
E-MTAB-6814	kidney	6 week post conception	65	2.0	tpm	58735
E-MTAB-6814	kidney	6 week post conception	66	2.0	tpm	58735
E-MTAB-6814	kidney	6 week post conception	67	2.0	tpm	58735
E-MTAB-6814	kidney	6 week post conception	68	2.0	tpm	58735
E-MTAB-6814	kidney	6 week post conception	69	3.0	tpm	58735
E-MTAB-6814	kidney	6 week post conception	70	3.0	tpm	58735
E-MTAB-6814	kidney	6 week post conception	71	4.0	tpm	58735
E-MTAB-6814	kidney	6 week post conception	72	4.0	tpm	58735
E-MTAB-6814	kidney	6 week post conception	73	4.0	tpm	58735
E-MTAB-6814	kidney	6 week post conception	74	5.0	tpm	58735
E-MTAB-6814	kidney	6 week post conception	75	6.0	tpm	58735
E-MTAB-6814	kidney	6 week post conception	76	7.0	tpm	58735
E-MTAB-6814	kidney	6 week post conception	77	7.0	tpm	58735
E-MTAB-6814	kidney	6 week post conception	78	8.0	tpm	58735
E-MTAB-6814	kidney	6 week post conception	79	10.0	tpm	58735
E-MTAB-6814	kidney	6 week post conception	80	11.0	tpm	58735
E-MTAB-6814	kidney	6 week post conception	81	13.0	tpm	58735
E-MTAB-6814	kidney	6 week post conception	82	14.0	tpm	58735
E-MTAB-6814	kidney	6 week post conception	83	16.0	tpm	58735
E-MTAB-6814	kidney	6 week post conception	84	19.0	tpm	58735
E-MTAB-6814	kidney	6 week post conception	85	21.0	tpm	58735
E-MTAB-6814	kidney	6 week post conception	86	24.0	tpm	58735
E-MTAB-6814	kidney	6 week post conception	87	27.0	tpm	58735
E-MTAB-6814	kidney	6 week post conception	88	30.0	tpm	58735
E-MTAB-6814	kidney	6 week post conception	89	33.0	tpm	58735
E-MTAB-6814	kidney	6 week post conception	90	37.0	tpm	58735
E-MTAB-6814	kidney	6 week post conception	91	42.0	tpm	58735
E-MTAB-6814	kidney	6 week post conception	92	47.0	tpm	58735
E-MTAB-6814	kidney	6 week post conception	93	53.0	tpm	58735
E-MTAB-6814	kidney	6 week post conception	94	60.0	tpm	58735
E-MTAB-6814	kidney	6 week post conception	95	69.0	tpm	58735
E-MTAB-6814	kidney	6 week post conception	96	81.0	tpm	58735
E-MTAB-6814	kidney	6 week post conception	97	98.0	tpm	58735
E-MTAB-6814	kidney	6 week post conception	98	128.32	tpm	58735
E-MTAB-6814	kidney	6 week post conception	99	213.0	tpm	58735
E-MTAB-6814	kidney	6 week post conception	100	21396.0	tpm	58735
E-MTAB-6814	kidney	7 week post conception	0	0.0	tpm	58735
E-MTAB-6814	kidney	7 week post conception	1	0.0	tpm	58735
E-MTAB-6814	kidney	7 week post conception	2	0.0	tpm	58735
E-MTAB-6814	kidney	7 week post conception	3	0.0	tpm	58735
E-MTAB-6814	kidney	7 week post conception	4	0.0	tpm	58735
E-MTAB-6814	kidney	7 week post conception	5	0.0	tpm	58735
E-MTAB-6814	kidney	7 week post conception	6	0.0	tpm	58735
E-MTAB-6814	kidney	7 week post conception	7	0.0	tpm	58735
E-MTAB-6814	kidney	7 week post conception	8	0.0	tpm	58735
E-MTAB-6814	kidney	7 week post conception	9	0.0	tpm	58735
E-MTAB-6814	kidney	7 week post conception	10	0.0	tpm	58735
E-MTAB-6814	kidney	7 week post conception	11	0.0	tpm	58735
E-MTAB-6814	kidney	7 week post conception	12	0.0	tpm	58735
E-MTAB-6814	kidney	7 week post conception	13	0.0	tpm	58735
E-MTAB-6814	kidney	7 week post conception	14	0.0	tpm	58735
E-MTAB-6814	kidney	7 week post conception	15	0.0	tpm	58735
E-MTAB-6814	kidney	7 week post conception	16	0.0	tpm	58735
E-MTAB-6814	kidney	7 week post conception	17	0.0	tpm	58735
E-MTAB-6814	kidney	7 week post conception	18	0.0	tpm	58735
E-MTAB-6814	kidney	7 week post conception	19	0.0	tpm	58735
E-MTAB-6814	kidney	7 week post conception	20	0.0	tpm	58735
E-MTAB-6814	kidney	7 week post conception	21	0.0	tpm	58735
E-MTAB-6814	kidney	7 week post conception	22	0.0	tpm	58735
E-MTAB-6814	kidney	7 week post conception	23	0.0	tpm	58735
E-MTAB-6814	kidney	7 week post conception	24	0.0	tpm	58735
E-MTAB-6814	kidney	7 week post conception	25	0.0	tpm	58735
E-MTAB-6814	kidney	7 week post conception	26	0.0	tpm	58735
E-MTAB-6814	kidney	7 week post conception	27	0.0	tpm	58735
E-MTAB-6814	kidney	7 week post conception	28	0.0	tpm	58735
E-MTAB-6814	kidney	7 week post conception	29	0.0	tpm	58735
E-MTAB-6814	kidney	7 week post conception	30	0.0	tpm	58735
E-MTAB-6814	kidney	7 week post conception	31	0.0	tpm	58735
E-MTAB-6814	kidney	7 week post conception	32	0.0	tpm	58735
E-MTAB-6814	kidney	7 week post conception	33	0.0	tpm	58735
E-MTAB-6814	kidney	7 week post conception	34	0.0	tpm	58735
E-MTAB-6814	kidney	7 week post conception	35	0.0	tpm	58735
E-MTAB-6814	kidney	7 week post conception	36	0.0	tpm	58735
E-MTAB-6814	kidney	7 week post conception	37	0.0	tpm	58735
E-MTAB-6814	kidney	7 week post conception	38	0.0	tpm	58735
E-MTAB-6814	kidney	7 week post conception	39	0.0	tpm	58735
E-MTAB-6814	kidney	7 week post conception	40	0.0	tpm	58735
E-MTAB-6814	kidney	7 week post conception	41	0.1	tpm	58735
E-MTAB-6814	kidney	7 week post conception	42	0.1	tpm	58735
E-MTAB-6814	kidney	7 week post conception	43	0.1	tpm	58735
E-MTAB-6814	kidney	7 week post conception	44	0.1	tpm	58735
E-MTAB-6814	kidney	7 week post conception	45	0.1	tpm	58735
E-MTAB-6814	kidney	7 week post conception	46	0.2	tpm	58735
E-MTAB-6814	kidney	7 week post conception	47	0.2	tpm	58735
E-MTAB-6814	kidney	7 week post conception	48	0.2	tpm	58735
E-MTAB-6814	kidney	7 week post conception	49	0.2	tpm	58735
E-MTAB-6814	kidney	7 week post conception	50	0.3	tpm	58735
E-MTAB-6814	kidney	7 week post conception	51	0.3	tpm	58735
E-MTAB-6814	kidney	7 week post conception	52	0.3	tpm	58735
E-MTAB-6814	kidney	7 week post conception	53	0.4	tpm	58735
E-MTAB-6814	kidney	7 week post conception	54	0.4	tpm	58735
E-MTAB-6814	kidney	7 week post conception	55	0.5	tpm	58735
E-MTAB-6814	kidney	7 week post conception	56	0.5	tpm	58735
E-MTAB-6814	kidney	7 week post conception	57	0.6	tpm	58735
E-MTAB-6814	kidney	7 week post conception	58	0.6	tpm	58735
E-MTAB-6814	kidney	7 week post conception	59	0.7	tpm	58735
E-MTAB-6814	kidney	7 week post conception	60	0.8	tpm	58735
E-MTAB-6814	kidney	7 week post conception	61	0.9	tpm	58735
E-MTAB-6814	kidney	7 week post conception	62	1.0	tpm	58735
E-MTAB-6814	kidney	7 week post conception	63	1.0	tpm	58735
E-MTAB-6814	kidney	7 week post conception	64	1.0	tpm	58735
E-MTAB-6814	kidney	7 week post conception	65	1.0	tpm	58735
E-MTAB-6814	kidney	7 week post conception	66	2.0	tpm	58735
E-MTAB-6814	kidney	7 week post conception	67	2.0	tpm	58735
E-MTAB-6814	kidney	7 week post conception	68	2.0	tpm	58735
E-MTAB-6814	kidney	7 week post conception	69	2.0	tpm	58735
E-MTAB-6814	kidney	7 week post conception	70	2.0	tpm	58735
E-MTAB-6814	kidney	7 week post conception	71	3.0	tpm	58735
E-MTAB-6814	kidney	7 week post conception	72	3.0	tpm	58735
E-MTAB-6814	kidney	7 week post conception	73	4.0	tpm	58735
E-MTAB-6814	kidney	7 week post conception	74	4.0	tpm	58735
E-MTAB-6814	kidney	7 week post conception	75	5.0	tpm	58735
E-MTAB-6814	kidney	7 week post conception	76	6.0	tpm	58735
E-MTAB-6814	kidney	7 week post conception	77	6.0	tpm	58735
E-MTAB-6814	kidney	7 week post conception	78	7.0	tpm	58735
E-MTAB-6814	kidney	7 week post conception	79	8.0	tpm	58735
E-MTAB-6814	kidney	7 week post conception	80	10.0	tpm	58735
E-MTAB-6814	kidney	7 week post conception	81	11.0	tpm	58735
E-MTAB-6814	kidney	7 week post conception	82	13.0	tpm	58735
E-MTAB-6814	kidney	7 week post conception	83	15.0	tpm	58735
E-MTAB-6814	kidney	7 week post conception	84	17.0	tpm	58735
E-MTAB-6814	kidney	7 week post conception	85	19.0	tpm	58735
E-MTAB-6814	kidney	7 week post conception	86	21.0	tpm	58735
E-MTAB-6814	kidney	7 week post conception	87	24.0	tpm	58735
E-MTAB-6814	kidney	7 week post conception	88	27.0	tpm	58735
E-MTAB-6814	kidney	7 week post conception	89	30.0	tpm	58735
E-MTAB-6814	kidney	7 week post conception	90	34.0	tpm	58735
E-MTAB-6814	kidney	7 week post conception	91	38.0	tpm	58735
E-MTAB-6814	kidney	7 week post conception	92	42.0	tpm	58735
E-MTAB-6814	kidney	7 week post conception	93	48.0	tpm	58735
E-MTAB-6814	kidney	7 week post conception	94	54.0	tpm	58735
E-MTAB-6814	kidney	7 week post conception	95	63.0	tpm	58735
E-MTAB-6814	kidney	7 week post conception	96	74.0	tpm	58735
E-MTAB-6814	kidney	7 week post conception	97	91.0	tpm	58735
E-MTAB-6814	kidney	7 week post conception	98	120.0	tpm	58735
E-MTAB-6814	kidney	7 week post conception	99	196.0	tpm	58735
E-MTAB-6814	kidney	7 week post conception	100	29715.0	tpm	58735
E-MTAB-6814	kidney	8 week post conception	0	0.0	tpm	58735
E-MTAB-6814	kidney	8 week post conception	1	0.0	tpm	58735
E-MTAB-6814	kidney	8 week post conception	2	0.0	tpm	58735
E-MTAB-6814	kidney	8 week post conception	3	0.0	tpm	58735
E-MTAB-6814	kidney	8 week post conception	4	0.0	tpm	58735
E-MTAB-6814	kidney	8 week post conception	5	0.0	tpm	58735
E-MTAB-6814	kidney	8 week post conception	6	0.0	tpm	58735
E-MTAB-6814	kidney	8 week post conception	7	0.0	tpm	58735
E-MTAB-6814	kidney	8 week post conception	8	0.0	tpm	58735
E-MTAB-6814	kidney	8 week post conception	9	0.0	tpm	58735
E-MTAB-6814	kidney	8 week post conception	10	0.0	tpm	58735
E-MTAB-6814	kidney	8 week post conception	11	0.0	tpm	58735
E-MTAB-6814	kidney	8 week post conception	12	0.0	tpm	58735
E-MTAB-6814	kidney	8 week post conception	13	0.0	tpm	58735
E-MTAB-6814	kidney	8 week post conception	14	0.0	tpm	58735
E-MTAB-6814	kidney	8 week post conception	15	0.0	tpm	58735
E-MTAB-6814	kidney	8 week post conception	16	0.0	tpm	58735
E-MTAB-6814	kidney	8 week post conception	17	0.0	tpm	58735
E-MTAB-6814	kidney	8 week post conception	18	0.0	tpm	58735
E-MTAB-6814	kidney	8 week post conception	19	0.0	tpm	58735
E-MTAB-6814	kidney	8 week post conception	20	0.0	tpm	58735
E-MTAB-6814	kidney	8 week post conception	21	0.0	tpm	58735
E-MTAB-6814	kidney	8 week post conception	22	0.0	tpm	58735
E-MTAB-6814	kidney	8 week post conception	23	0.0	tpm	58735
E-MTAB-6814	kidney	8 week post conception	24	0.0	tpm	58735
E-MTAB-6814	kidney	8 week post conception	25	0.0	tpm	58735
E-MTAB-6814	kidney	8 week post conception	26	0.0	tpm	58735
E-MTAB-6814	kidney	8 week post conception	27	0.0	tpm	58735
E-MTAB-6814	kidney	8 week post conception	28	0.0	tpm	58735
E-MTAB-6814	kidney	8 week post conception	29	0.0	tpm	58735
E-MTAB-6814	kidney	8 week post conception	30	0.0	tpm	58735
E-MTAB-6814	kidney	8 week post conception	31	0.0	tpm	58735
E-MTAB-6814	kidney	8 week post conception	32	0.0	tpm	58735
E-MTAB-6814	kidney	8 week post conception	33	0.0	tpm	58735
E-MTAB-6814	kidney	8 week post conception	34	0.0	tpm	58735
E-MTAB-6814	kidney	8 week post conception	35	0.0	tpm	58735
E-MTAB-6814	kidney	8 week post conception	36	0.0	tpm	58735
E-MTAB-6814	kidney	8 week post conception	37	0.0	tpm	58735
E-MTAB-6814	kidney	8 week post conception	38	0.0	tpm	58735
E-MTAB-6814	kidney	8 week post conception	39	0.0	tpm	58735
E-MTAB-6814	kidney	8 week post conception	40	0.0	tpm	58735
E-MTAB-6814	kidney	8 week post conception	41	0.0	tpm	58735
E-MTAB-6814	kidney	8 week post conception	42	0.0	tpm	58735
E-MTAB-6814	kidney	8 week post conception	43	0.1	tpm	58735
E-MTAB-6814	kidney	8 week post conception	44	0.1	tpm	58735
E-MTAB-6814	kidney	8 week post conception	45	0.1	tpm	58735
E-MTAB-6814	kidney	8 week post conception	46	0.1	tpm	58735
E-MTAB-6814	kidney	8 week post conception	47	0.2	tpm	58735
E-MTAB-6814	kidney	8 week post conception	48	0.2	tpm	58735
E-MTAB-6814	kidney	8 week post conception	49	0.2	tpm	58735
E-MTAB-6814	kidney	8 week post conception	50	0.3	tpm	58735
E-MTAB-6814	kidney	8 week post conception	51	0.3	tpm	58735
E-MTAB-6814	kidney	8 week post conception	52	0.3	tpm	58735
E-MTAB-6814	kidney	8 week post conception	53	0.4	tpm	58735
E-MTAB-6814	kidney	8 week post conception	54	0.4	tpm	58735
E-MTAB-6814	kidney	8 week post conception	55	0.5	tpm	58735
E-MTAB-6814	kidney	8 week post conception	56	0.5	tpm	58735
E-MTAB-6814	kidney	8 week post conception	57	0.6	tpm	58735
E-MTAB-6814	kidney	8 week post conception	58	0.7	tpm	58735
E-MTAB-6814	kidney	8 week post conception	59	0.8	tpm	58735
E-MTAB-6814	kidney	8 week post conception	60	0.9	tpm	58735
E-MTAB-6814	kidney	8 week post conception	61	1.0	tpm	58735
E-MTAB-6814	kidney	8 week post conception	62	1.0	tpm	58735
E-MTAB-6814	kidney	8 week post conception	63	1.0	tpm	58735
E-MTAB-6814	kidney	8 week post conception	64	1.0	tpm	58735
E-MTAB-6814	kidney	8 week post conception	65	1.0	tpm	58735
E-MTAB-6814	kidney	8 week post conception	66	2.0	tpm	58735
E-MTAB-6814	kidney	8 week post conception	67	2.0	tpm	58735
E-MTAB-6814	kidney	8 week post conception	68	2.0	tpm	58735
E-MTAB-6814	kidney	8 week post conception	69	2.0	tpm	58735
E-MTAB-6814	kidney	8 week post conception	70	3.0	tpm	58735
E-MTAB-6814	kidney	8 week post conception	71	3.0	tpm	58735
E-MTAB-6814	kidney	8 week post conception	72	3.0	tpm	58735
E-MTAB-6814	kidney	8 week post conception	73	4.0	tpm	58735
E-MTAB-6814	kidney	8 week post conception	74	4.0	tpm	58735
E-MTAB-6814	kidney	8 week post conception	75	5.0	tpm	58735
E-MTAB-6814	kidney	8 week post conception	76	6.0	tpm	58735
E-MTAB-6814	kidney	8 week post conception	77	7.0	tpm	58735
E-MTAB-6814	kidney	8 week post conception	78	8.0	tpm	58735
E-MTAB-6814	kidney	8 week post conception	79	9.0	tpm	58735
E-MTAB-6814	kidney	8 week post conception	80	10.0	tpm	58735
E-MTAB-6814	kidney	8 week post conception	81	12.0	tpm	58735
E-MTAB-6814	kidney	8 week post conception	82	14.0	tpm	58735
E-MTAB-6814	kidney	8 week post conception	83	16.0	tpm	58735
E-MTAB-6814	kidney	8 week post conception	84	18.0	tpm	58735
E-MTAB-6814	kidney	8 week post conception	85	20.0	tpm	58735
E-MTAB-6814	kidney	8 week post conception	86	23.0	tpm	58735
E-MTAB-6814	kidney	8 week post conception	87	25.0	tpm	58735
E-MTAB-6814	kidney	8 week post conception	88	29.0	tpm	58735
E-MTAB-6814	kidney	8 week post conception	89	32.0	tpm	58735
E-MTAB-6814	kidney	8 week post conception	90	36.0	tpm	58735
E-MTAB-6814	kidney	8 week post conception	91	40.0	tpm	58735
E-MTAB-6814	kidney	8 week post conception	92	45.0	tpm	58735
E-MTAB-6814	kidney	8 week post conception	93	51.0	tpm	58735
E-MTAB-6814	kidney	8 week post conception	94	58.0	tpm	58735
E-MTAB-6814	kidney	8 week post conception	95	67.0	tpm	58735
E-MTAB-6814	kidney	8 week post conception	96	79.0	tpm	58735
E-MTAB-6814	kidney	8 week post conception	97	95.0	tpm	58735
E-MTAB-6814	kidney	8 week post conception	98	126.0	tpm	58735
E-MTAB-6814	kidney	8 week post conception	99	210.66	tpm	58735
E-MTAB-6814	kidney	8 week post conception	100	23579.0	tpm	58735
E-MTAB-6814	kidney	9 week post conception	0	0.0	tpm	58735
E-MTAB-6814	kidney	9 week post conception	1	0.0	tpm	58735
E-MTAB-6814	kidney	9 week post conception	2	0.0	tpm	58735
E-MTAB-6814	kidney	9 week post conception	3	0.0	tpm	58735
E-MTAB-6814	kidney	9 week post conception	4	0.0	tpm	58735
E-MTAB-6814	kidney	9 week post conception	5	0.0	tpm	58735
E-MTAB-6814	kidney	9 week post conception	6	0.0	tpm	58735
E-MTAB-6814	kidney	9 week post conception	7	0.0	tpm	58735
E-MTAB-6814	kidney	9 week post conception	8	0.0	tpm	58735
E-MTAB-6814	kidney	9 week post conception	9	0.0	tpm	58735
E-MTAB-6814	kidney	9 week post conception	10	0.0	tpm	58735
E-MTAB-6814	kidney	9 week post conception	11	0.0	tpm	58735
E-MTAB-6814	kidney	9 week post conception	12	0.0	tpm	58735
E-MTAB-6814	kidney	9 week post conception	13	0.0	tpm	58735
E-MTAB-6814	kidney	9 week post conception	14	0.0	tpm	58735
E-MTAB-6814	kidney	9 week post conception	15	0.0	tpm	58735
E-MTAB-6814	kidney	9 week post conception	16	0.0	tpm	58735
E-MTAB-6814	kidney	9 week post conception	17	0.0	tpm	58735
E-MTAB-6814	kidney	9 week post conception	18	0.0	tpm	58735
E-MTAB-6814	kidney	9 week post conception	19	0.0	tpm	58735
E-MTAB-6814	kidney	9 week post conception	20	0.0	tpm	58735
E-MTAB-6814	kidney	9 week post conception	21	0.0	tpm	58735
E-MTAB-6814	kidney	9 week post conception	22	0.0	tpm	58735
E-MTAB-6814	kidney	9 week post conception	23	0.0	tpm	58735
E-MTAB-6814	kidney	9 week post conception	24	0.0	tpm	58735
E-MTAB-6814	kidney	9 week post conception	25	0.0	tpm	58735
E-MTAB-6814	kidney	9 week post conception	26	0.0	tpm	58735
E-MTAB-6814	kidney	9 week post conception	27	0.0	tpm	58735
E-MTAB-6814	kidney	9 week post conception	28	0.0	tpm	58735
E-MTAB-6814	kidney	9 week post conception	29	0.0	tpm	58735
E-MTAB-6814	kidney	9 week post conception	30	0.0	tpm	58735
E-MTAB-6814	kidney	9 week post conception	31	0.0	tpm	58735
E-MTAB-6814	kidney	9 week post conception	32	0.0	tpm	58735
E-MTAB-6814	kidney	9 week post conception	33	0.0	tpm	58735
E-MTAB-6814	kidney	9 week post conception	34	0.0	tpm	58735
E-MTAB-6814	kidney	9 week post conception	35	0.0	tpm	58735
E-MTAB-6814	kidney	9 week post conception	36	0.0	tpm	58735
E-MTAB-6814	kidney	9 week post conception	37	0.0	tpm	58735
E-MTAB-6814	kidney	9 week post conception	38	0.0	tpm	58735
E-MTAB-6814	kidney	9 week post conception	39	0.0	tpm	58735
E-MTAB-6814	kidney	9 week post conception	40	0.0	tpm	58735
E-MTAB-6814	kidney	9 week post conception	41	0.0	tpm	58735
E-MTAB-6814	kidney	9 week post conception	42	0.0	tpm	58735
E-MTAB-6814	kidney	9 week post conception	43	0.0	tpm	58735
E-MTAB-6814	kidney	9 week post conception	44	0.0	tpm	58735
E-MTAB-6814	kidney	9 week post conception	45	0.1	tpm	58735
E-MTAB-6814	kidney	9 week post conception	46	0.1	tpm	58735
E-MTAB-6814	kidney	9 week post conception	47	0.1	tpm	58735
E-MTAB-6814	kidney	9 week post conception	48	0.1	tpm	58735
E-MTAB-6814	kidney	9 week post conception	49	0.2	tpm	58735
E-MTAB-6814	kidney	9 week post conception	50	0.2	tpm	58735
E-MTAB-6814	kidney	9 week post conception	51	0.2	tpm	58735
E-MTAB-6814	kidney	9 week post conception	52	0.3	tpm	58735
E-MTAB-6814	kidney	9 week post conception	53	0.3	tpm	58735
E-MTAB-6814	kidney	9 week post conception	54	0.3	tpm	58735
E-MTAB-6814	kidney	9 week post conception	55	0.4	tpm	58735
E-MTAB-6814	kidney	9 week post conception	56	0.4	tpm	58735
E-MTAB-6814	kidney	9 week post conception	57	0.5	tpm	58735
E-MTAB-6814	kidney	9 week post conception	58	0.6	tpm	58735
E-MTAB-6814	kidney	9 week post conception	59	0.6	tpm	58735
E-MTAB-6814	kidney	9 week post conception	60	0.7	tpm	58735
E-MTAB-6814	kidney	9 week post conception	61	0.8	tpm	58735
E-MTAB-6814	kidney	9 week post conception	62	0.9	tpm	58735
E-MTAB-6814	kidney	9 week post conception	63	1.0	tpm	58735
E-MTAB-6814	kidney	9 week post conception	64	1.0	tpm	58735
E-MTAB-6814	kidney	9 week post conception	65	1.0	tpm	58735
E-MTAB-6814	kidney	9 week post conception	66	1.0	tpm	58735
E-MTAB-6814	kidney	9 week post conception	67	2.0	tpm	58735
E-MTAB-6814	kidney	9 week post conception	68	2.0	tpm	58735
E-MTAB-6814	kidney	9 week post conception	69	2.0	tpm	58735
E-MTAB-6814	kidney	9 week post conception	70	2.0	tpm	58735
E-MTAB-6814	kidney	9 week post conception	71	3.0	tpm	58735
E-MTAB-6814	kidney	9 week post conception	72	3.0	tpm	58735
E-MTAB-6814	kidney	9 week post conception	73	4.0	tpm	58735
E-MTAB-6814	kidney	9 week post conception	74	4.0	tpm	58735
E-MTAB-6814	kidney	9 week post conception	75	5.0	tpm	58735
E-MTAB-6814	kidney	9 week post conception	76	5.0	tpm	58735
E-MTAB-6814	kidney	9 week post conception	77	6.0	tpm	58735
E-MTAB-6814	kidney	9 week post conception	78	7.0	tpm	58735
E-MTAB-6814	kidney	9 week post conception	79	9.0	tpm	58735
E-MTAB-6814	kidney	9 week post conception	80	10.0	tpm	58735
E-MTAB-6814	kidney	9 week post conception	81	12.0	tpm	58735
E-MTAB-6814	kidney	9 week post conception	82	13.0	tpm	58735
E-MTAB-6814	kidney	9 week post conception	83	15.0	tpm	58735
E-MTAB-6814	kidney	9 week post conception	84	17.0	tpm	58735
E-MTAB-6814	kidney	9 week post conception	85	20.0	tpm	58735
E-MTAB-6814	kidney	9 week post conception	86	22.0	tpm	58735
E-MTAB-6814	kidney	9 week post conception	87	25.0	tpm	58735
E-MTAB-6814	kidney	9 week post conception	88	28.0	tpm	58735
E-MTAB-6814	kidney	9 week post conception	89	32.0	tpm	58735
E-MTAB-6814	kidney	9 week post conception	90	35.0	tpm	58735
E-MTAB-6814	kidney	9 week post conception	91	40.0	tpm	58735
E-MTAB-6814	kidney	9 week post conception	92	45.0	tpm	58735
E-MTAB-6814	kidney	9 week post conception	93	51.0	tpm	58735
E-MTAB-6814	kidney	9 week post conception	94	59.0	tpm	58735
E-MTAB-6814	kidney	9 week post conception	95	68.0	tpm	58735
E-MTAB-6814	kidney	9 week post conception	96	82.0	tpm	58735
E-MTAB-6814	kidney	9 week post conception	97	101.0	tpm	58735
E-MTAB-6814	kidney	9 week post conception	98	133.0	tpm	58735
E-MTAB-6814	kidney	9 week post conception	99	219.0	tpm	58735
E-MTAB-6814	kidney	9 week post conception	100	21578.0	tpm	58735
E-MTAB-6814	kidney	infant	0	0.0	tpm	58735
E-MTAB-6814	kidney	infant	1	0.0	tpm	58735
E-MTAB-6814	kidney	infant	2	0.0	tpm	58735
E-MTAB-6814	kidney	infant	3	0.0	tpm	58735
E-MTAB-6814	kidney	infant	4	0.0	tpm	58735
E-MTAB-6814	kidney	infant	5	0.0	tpm	58735
E-MTAB-6814	kidney	infant	6	0.0	tpm	58735
E-MTAB-6814	kidney	infant	7	0.0	tpm	58735
E-MTAB-6814	kidney	infant	8	0.0	tpm	58735
E-MTAB-6814	kidney	infant	9	0.0	tpm	58735
E-MTAB-6814	kidney	infant	10	0.0	tpm	58735
E-MTAB-6814	kidney	infant	11	0.0	tpm	58735
E-MTAB-6814	kidney	infant	12	0.0	tpm	58735
E-MTAB-6814	kidney	infant	13	0.0	tpm	58735
E-MTAB-6814	kidney	infant	14	0.0	tpm	58735
E-MTAB-6814	kidney	infant	15	0.0	tpm	58735
E-MTAB-6814	kidney	infant	16	0.0	tpm	58735
E-MTAB-6814	kidney	infant	17	0.0	tpm	58735
E-MTAB-6814	kidney	infant	18	0.0	tpm	58735
E-MTAB-6814	kidney	infant	19	0.0	tpm	58735
E-MTAB-6814	kidney	infant	20	0.0	tpm	58735
E-MTAB-6814	kidney	infant	21	0.0	tpm	58735
E-MTAB-6814	kidney	infant	22	0.0	tpm	58735
E-MTAB-6814	kidney	infant	23	0.0	tpm	58735
E-MTAB-6814	kidney	infant	24	0.0	tpm	58735
E-MTAB-6814	kidney	infant	25	0.0	tpm	58735
E-MTAB-6814	kidney	infant	26	0.0	tpm	58735
E-MTAB-6814	kidney	infant	27	0.0	tpm	58735
E-MTAB-6814	kidney	infant	28	0.0	tpm	58735
E-MTAB-6814	kidney	infant	29	0.0	tpm	58735
E-MTAB-6814	kidney	infant	30	0.0	tpm	58735
E-MTAB-6814	kidney	infant	31	0.0	tpm	58735
E-MTAB-6814	kidney	infant	32	0.0	tpm	58735
E-MTAB-6814	kidney	infant	33	0.0	tpm	58735
E-MTAB-6814	kidney	infant	34	0.0	tpm	58735
E-MTAB-6814	kidney	infant	35	0.0	tpm	58735
E-MTAB-6814	kidney	infant	36	0.0	tpm	58735
E-MTAB-6814	kidney	infant	37	0.0	tpm	58735
E-MTAB-6814	kidney	infant	38	0.0	tpm	58735
E-MTAB-6814	kidney	infant	39	0.0	tpm	58735
E-MTAB-6814	kidney	infant	40	0.0	tpm	58735
E-MTAB-6814	kidney	infant	41	0.0	tpm	58735
E-MTAB-6814	kidney	infant	42	0.0	tpm	58735
E-MTAB-6814	kidney	infant	43	0.0	tpm	58735
E-MTAB-6814	kidney	infant	44	0.0	tpm	58735
E-MTAB-6814	kidney	infant	45	0.0	tpm	58735
E-MTAB-6814	kidney	infant	46	0.0	tpm	58735
E-MTAB-6814	kidney	infant	47	0.0	tpm	58735
E-MTAB-6814	kidney	infant	48	0.0	tpm	58735
E-MTAB-6814	kidney	infant	49	0.0	tpm	58735
E-MTAB-6814	kidney	infant	50	0.0	tpm	58735
E-MTAB-6814	kidney	infant	51	0.0	tpm	58735
E-MTAB-6814	kidney	infant	52	0.1	tpm	58735
E-MTAB-6814	kidney	infant	53	0.1	tpm	58735
E-MTAB-6814	kidney	infant	54	0.1	tpm	58735
E-MTAB-6814	kidney	infant	55	0.1	tpm	58735
E-MTAB-6814	kidney	infant	56	0.1	tpm	58735
E-MTAB-6814	kidney	infant	57	0.2	tpm	58735
E-MTAB-6814	kidney	infant	58	0.2	tpm	58735
E-MTAB-6814	kidney	infant	59	0.2	tpm	58735
E-MTAB-6814	kidney	infant	60	0.2	tpm	58735
E-MTAB-6814	kidney	infant	61	0.3	tpm	58735
E-MTAB-6814	kidney	infant	62	0.3	tpm	58735
E-MTAB-6814	kidney	infant	63	0.4	tpm	58735
E-MTAB-6814	kidney	infant	64	0.4	tpm	58735
E-MTAB-6814	kidney	infant	65	0.5	tpm	58735
E-MTAB-6814	kidney	infant	66	0.5	tpm	58735
E-MTAB-6814	kidney	infant	67	0.6	tpm	58735
E-MTAB-6814	kidney	infant	68	0.7	tpm	58735
E-MTAB-6814	kidney	infant	69	0.8	tpm	58735
E-MTAB-6814	kidney	infant	70	0.9	tpm	58735
E-MTAB-6814	kidney	infant	71	1.0	tpm	58735
E-MTAB-6814	kidney	infant	72	1.0	tpm	58735
E-MTAB-6814	kidney	infant	73	1.0	tpm	58735
E-MTAB-6814	kidney	infant	74	2.0	tpm	58735
E-MTAB-6814	kidney	infant	75	2.0	tpm	58735
E-MTAB-6814	kidney	infant	76	2.0	tpm	58735
E-MTAB-6814	kidney	infant	77	3.0	tpm	58735
E-MTAB-6814	kidney	infant	78	3.0	tpm	58735
E-MTAB-6814	kidney	infant	79	3.0	tpm	58735
E-MTAB-6814	kidney	infant	80	4.0	tpm	58735
E-MTAB-6814	kidney	infant	81	5.0	tpm	58735
E-MTAB-6814	kidney	infant	82	5.0	tpm	58735
E-MTAB-6814	kidney	infant	83	6.0	tpm	58735
E-MTAB-6814	kidney	infant	84	7.0	tpm	58735
E-MTAB-6814	kidney	infant	85	8.0	tpm	58735
E-MTAB-6814	kidney	infant	86	9.0	tpm	58735
E-MTAB-6814	kidney	infant	87	10.0	tpm	58735
E-MTAB-6814	kidney	infant	88	11.0	tpm	58735
E-MTAB-6814	kidney	infant	89	13.0	tpm	58735
E-MTAB-6814	kidney	infant	90	15.0	tpm	58735
E-MTAB-6814	kidney	infant	91	17.0	tpm	58735
E-MTAB-6814	kidney	infant	92	19.0	tpm	58735
E-MTAB-6814	kidney	infant	93	22.0	tpm	58735
E-MTAB-6814	kidney	infant	94	25.0	tpm	58735
E-MTAB-6814	kidney	infant	95	30.0	tpm	58735
E-MTAB-6814	kidney	infant	96	36.0	tpm	58735
E-MTAB-6814	kidney	infant	97	47.0	tpm	58735
E-MTAB-6814	kidney	infant	98	66.0	tpm	58735
E-MTAB-6814	kidney	infant	99	111.0	tpm	58735
E-MTAB-6814	kidney	infant	100	77295.0	tpm	58735
E-MTAB-6814	kidney	neonate	0	0.0	tpm	58735
E-MTAB-6814	kidney	neonate	1	0.0	tpm	58735
E-MTAB-6814	kidney	neonate	2	0.0	tpm	58735
E-MTAB-6814	kidney	neonate	3	0.0	tpm	58735
E-MTAB-6814	kidney	neonate	4	0.0	tpm	58735
E-MTAB-6814	kidney	neonate	5	0.0	tpm	58735
E-MTAB-6814	kidney	neonate	6	0.0	tpm	58735
E-MTAB-6814	kidney	neonate	7	0.0	tpm	58735
E-MTAB-6814	kidney	neonate	8	0.0	tpm	58735
E-MTAB-6814	kidney	neonate	9	0.0	tpm	58735
E-MTAB-6814	kidney	neonate	10	0.0	tpm	58735
E-MTAB-6814	kidney	neonate	11	0.0	tpm	58735
E-MTAB-6814	kidney	neonate	12	0.0	tpm	58735
E-MTAB-6814	kidney	neonate	13	0.0	tpm	58735
E-MTAB-6814	kidney	neonate	14	0.0	tpm	58735
E-MTAB-6814	kidney	neonate	15	0.0	tpm	58735
E-MTAB-6814	kidney	neonate	16	0.0	tpm	58735
E-MTAB-6814	kidney	neonate	17	0.0	tpm	58735
E-MTAB-6814	kidney	neonate	18	0.0	tpm	58735
E-MTAB-6814	kidney	neonate	19	0.0	tpm	58735
E-MTAB-6814	kidney	neonate	20	0.0	tpm	58735
E-MTAB-6814	kidney	neonate	21	0.0	tpm	58735
E-MTAB-6814	kidney	neonate	22	0.0	tpm	58735
E-MTAB-6814	kidney	neonate	23	0.0	tpm	58735
E-MTAB-6814	kidney	neonate	24	0.0	tpm	58735
E-MTAB-6814	kidney	neonate	25	0.0	tpm	58735
E-MTAB-6814	kidney	neonate	26	0.0	tpm	58735
E-MTAB-6814	kidney	neonate	27	0.0	tpm	58735
E-MTAB-6814	kidney	neonate	28	0.0	tpm	58735
E-MTAB-6814	kidney	neonate	29	0.0	tpm	58735
E-MTAB-6814	kidney	neonate	30	0.0	tpm	58735
E-MTAB-6814	kidney	neonate	31	0.0	tpm	58735
E-MTAB-6814	kidney	neonate	32	0.0	tpm	58735
E-MTAB-6814	kidney	neonate	33	0.0	tpm	58735
E-MTAB-6814	kidney	neonate	34	0.0	tpm	58735
E-MTAB-6814	kidney	neonate	35	0.0	tpm	58735
E-MTAB-6814	kidney	neonate	36	0.0	tpm	58735
E-MTAB-6814	kidney	neonate	37	0.0	tpm	58735
E-MTAB-6814	kidney	neonate	38	0.0	tpm	58735
E-MTAB-6814	kidney	neonate	39	0.0	tpm	58735
E-MTAB-6814	kidney	neonate	40	0.0	tpm	58735
E-MTAB-6814	kidney	neonate	41	0.0	tpm	58735
E-MTAB-6814	kidney	neonate	42	0.0	tpm	58735
E-MTAB-6814	kidney	neonate	43	0.0	tpm	58735
E-MTAB-6814	kidney	neonate	44	0.0	tpm	58735
E-MTAB-6814	kidney	neonate	45	0.0	tpm	58735
E-MTAB-6814	kidney	neonate	46	0.0	tpm	58735
E-MTAB-6814	kidney	neonate	47	0.0	tpm	58735
E-MTAB-6814	kidney	neonate	48	0.0	tpm	58735
E-MTAB-6814	kidney	neonate	49	0.0	tpm	58735
E-MTAB-6814	kidney	neonate	50	0.0	tpm	58735
E-MTAB-6814	kidney	neonate	51	0.0	tpm	58735
E-MTAB-6814	kidney	neonate	52	0.0	tpm	58735
E-MTAB-6814	kidney	neonate	53	0.1	tpm	58735
E-MTAB-6814	kidney	neonate	54	0.1	tpm	58735
E-MTAB-6814	kidney	neonate	55	0.1	tpm	58735
E-MTAB-6814	kidney	neonate	56	0.2	tpm	58735
E-MTAB-6814	kidney	neonate	57	0.2	tpm	58735
E-MTAB-6814	kidney	neonate	58	0.2	tpm	58735
E-MTAB-6814	kidney	neonate	59	0.3	tpm	58735
E-MTAB-6814	kidney	neonate	60	0.3	tpm	58735
E-MTAB-6814	kidney	neonate	61	0.4	tpm	58735
E-MTAB-6814	kidney	neonate	62	0.4	tpm	58735
E-MTAB-6814	kidney	neonate	63	0.5	tpm	58735
E-MTAB-6814	kidney	neonate	64	0.5	tpm	58735
E-MTAB-6814	kidney	neonate	65	0.6	tpm	58735
E-MTAB-6814	kidney	neonate	66	0.7	tpm	58735
E-MTAB-6814	kidney	neonate	67	0.8	tpm	58735
E-MTAB-6814	kidney	neonate	68	0.9	tpm	58735
E-MTAB-6814	kidney	neonate	69	1.0	tpm	58735
E-MTAB-6814	kidney	neonate	70	1.0	tpm	58735
E-MTAB-6814	kidney	neonate	71	1.0	tpm	58735
E-MTAB-6814	kidney	neonate	72	2.0	tpm	58735
E-MTAB-6814	kidney	neonate	73	2.0	tpm	58735
E-MTAB-6814	kidney	neonate	74	2.0	tpm	58735
E-MTAB-6814	kidney	neonate	75	3.0	tpm	58735
E-MTAB-6814	kidney	neonate	76	3.0	tpm	58735
E-MTAB-6814	kidney	neonate	77	3.0	tpm	58735
E-MTAB-6814	kidney	neonate	78	4.0	tpm	58735
E-MTAB-6814	kidney	neonate	79	5.0	tpm	58735
E-MTAB-6814	kidney	neonate	80	5.0	tpm	58735
E-MTAB-6814	kidney	neonate	81	6.0	tpm	58735
E-MTAB-6814	kidney	neonate	82	7.0	tpm	58735
E-MTAB-6814	kidney	neonate	83	8.0	tpm	58735
E-MTAB-6814	kidney	neonate	84	9.0	tpm	58735
E-MTAB-6814	kidney	neonate	85	11.0	tpm	58735
E-MTAB-6814	kidney	neonate	86	12.0	tpm	58735
E-MTAB-6814	kidney	neonate	87	14.0	tpm	58735
E-MTAB-6814	kidney	neonate	88	15.0	tpm	58735
E-MTAB-6814	kidney	neonate	89	17.0	tpm	58735
E-MTAB-6814	kidney	neonate	90	19.0	tpm	58735
E-MTAB-6814	kidney	neonate	91	22.0	tpm	58735
E-MTAB-6814	kidney	neonate	92	25.0	tpm	58735
E-MTAB-6814	kidney	neonate	93	28.0	tpm	58735
E-MTAB-6814	kidney	neonate	94	33.0	tpm	58735
E-MTAB-6814	kidney	neonate	95	39.0	tpm	58735
E-MTAB-6814	kidney	neonate	96	46.0	tpm	58735
E-MTAB-6814	kidney	neonate	97	58.0	tpm	58735
E-MTAB-6814	kidney	neonate	98	78.0	tpm	58735
E-MTAB-6814	kidney	neonate	99	126.0	tpm	58735
E-MTAB-6814	kidney	neonate	100	82318.0	tpm	58735
E-MTAB-6814	kidney	school age child	0	0.0	tpm	58735
E-MTAB-6814	kidney	school age child	1	0.0	tpm	58735
E-MTAB-6814	kidney	school age child	2	0.0	tpm	58735
E-MTAB-6814	kidney	school age child	3	0.0	tpm	58735
E-MTAB-6814	kidney	school age child	4	0.0	tpm	58735
E-MTAB-6814	kidney	school age child	5	0.0	tpm	58735
E-MTAB-6814	kidney	school age child	6	0.0	tpm	58735
E-MTAB-6814	kidney	school age child	7	0.0	tpm	58735
E-MTAB-6814	kidney	school age child	8	0.0	tpm	58735
E-MTAB-6814	kidney	school age child	9	0.0	tpm	58735
E-MTAB-6814	kidney	school age child	10	0.0	tpm	58735
E-MTAB-6814	kidney	school age child	11	0.0	tpm	58735
E-MTAB-6814	kidney	school age child	12	0.0	tpm	58735
E-MTAB-6814	kidney	school age child	13	0.0	tpm	58735
E-MTAB-6814	kidney	school age child	14	0.0	tpm	58735
E-MTAB-6814	kidney	school age child	15	0.0	tpm	58735
E-MTAB-6814	kidney	school age child	16	0.0	tpm	58735
E-MTAB-6814	kidney	school age child	17	0.0	tpm	58735
E-MTAB-6814	kidney	school age child	18	0.0	tpm	58735
E-MTAB-6814	kidney	school age child	19	0.0	tpm	58735
E-MTAB-6814	kidney	school age child	20	0.0	tpm	58735
E-MTAB-6814	kidney	school age child	21	0.0	tpm	58735
E-MTAB-6814	kidney	school age child	22	0.0	tpm	58735
E-MTAB-6814	kidney	school age child	23	0.0	tpm	58735
E-MTAB-6814	kidney	school age child	24	0.0	tpm	58735
E-MTAB-6814	kidney	school age child	25	0.0	tpm	58735
E-MTAB-6814	kidney	school age child	26	0.0	tpm	58735
E-MTAB-6814	kidney	school age child	27	0.0	tpm	58735
E-MTAB-6814	kidney	school age child	28	0.0	tpm	58735
E-MTAB-6814	kidney	school age child	29	0.0	tpm	58735
E-MTAB-6814	kidney	school age child	30	0.0	tpm	58735
E-MTAB-6814	kidney	school age child	31	0.0	tpm	58735
E-MTAB-6814	kidney	school age child	32	0.0	tpm	58735
E-MTAB-6814	kidney	school age child	33	0.0	tpm	58735
E-MTAB-6814	kidney	school age child	34	0.0	tpm	58735
E-MTAB-6814	kidney	school age child	35	0.0	tpm	58735
E-MTAB-6814	kidney	school age child	36	0.0	tpm	58735
E-MTAB-6814	kidney	school age child	37	0.0	tpm	58735
E-MTAB-6814	kidney	school age child	38	0.0	tpm	58735
E-MTAB-6814	kidney	school age child	39	0.0	tpm	58735
E-MTAB-6814	kidney	school age child	40	0.0	tpm	58735
E-MTAB-6814	kidney	school age child	41	0.0	tpm	58735
E-MTAB-6814	kidney	school age child	42	0.0	tpm	58735
E-MTAB-6814	kidney	school age child	43	0.0	tpm	58735
E-MTAB-6814	kidney	school age child	44	0.0	tpm	58735
E-MTAB-6814	kidney	school age child	45	0.0	tpm	58735
E-MTAB-6814	kidney	school age child	46	0.0	tpm	58735
E-MTAB-6814	kidney	school age child	47	0.0	tpm	58735
E-MTAB-6814	kidney	school age child	48	0.0	tpm	58735
E-MTAB-6814	kidney	school age child	49	0.0	tpm	58735
E-MTAB-6814	kidney	school age child	50	0.0	tpm	58735
E-MTAB-6814	kidney	school age child	51	0.0	tpm	58735
E-MTAB-6814	kidney	school age child	52	0.0	tpm	58735
E-MTAB-6814	kidney	school age child	53	0.0	tpm	58735
E-MTAB-6814	kidney	school age child	54	0.0	tpm	58735
E-MTAB-6814	kidney	school age child	55	0.0	tpm	58735
E-MTAB-6814	kidney	school age child	56	0.0	tpm	58735
E-MTAB-6814	kidney	school age child	57	0.1	tpm	58735
E-MTAB-6814	kidney	school age child	58	0.1	tpm	58735
E-MTAB-6814	kidney	school age child	59	0.1	tpm	58735
E-MTAB-6814	kidney	school age child	60	0.1	tpm	58735
E-MTAB-6814	kidney	school age child	61	0.1	tpm	58735
E-MTAB-6814	kidney	school age child	62	0.1	tpm	58735
E-MTAB-6814	kidney	school age child	63	0.1	tpm	58735
E-MTAB-6814	kidney	school age child	64	0.1	tpm	58735
E-MTAB-6814	kidney	school age child	65	0.2	tpm	58735
E-MTAB-6814	kidney	school age child	66	0.2	tpm	58735
E-MTAB-6814	kidney	school age child	67	0.2	tpm	58735
E-MTAB-6814	kidney	school age child	68	0.3	tpm	58735
E-MTAB-6814	kidney	school age child	69	0.3	tpm	58735
E-MTAB-6814	kidney	school age child	70	0.3	tpm	58735
E-MTAB-6814	kidney	school age child	71	0.4	tpm	58735
E-MTAB-6814	kidney	school age child	72	0.5	tpm	58735
E-MTAB-6814	kidney	school age child	73	0.5	tpm	58735
E-MTAB-6814	kidney	school age child	74	0.6	tpm	58735
E-MTAB-6814	kidney	school age child	75	0.7	tpm	58735
E-MTAB-6814	kidney	school age child	76	0.8	tpm	58735
E-MTAB-6814	kidney	school age child	77	0.9	tpm	58735
E-MTAB-6814	kidney	school age child	78	1.0	tpm	58735
E-MTAB-6814	kidney	school age child	79	1.0	tpm	58735
E-MTAB-6814	kidney	school age child	80	1.0	tpm	58735
E-MTAB-6814	kidney	school age child	81	2.0	tpm	58735
E-MTAB-6814	kidney	school age child	82	2.0	tpm	58735
E-MTAB-6814	kidney	school age child	83	2.0	tpm	58735
E-MTAB-6814	kidney	school age child	84	2.0	tpm	58735
E-MTAB-6814	kidney	school age child	85	3.0	tpm	58735
E-MTAB-6814	kidney	school age child	86	3.0	tpm	58735
E-MTAB-6814	kidney	school age child	87	4.0	tpm	58735
E-MTAB-6814	kidney	school age child	88	4.0	tpm	58735
E-MTAB-6814	kidney	school age child	89	4.0	tpm	58735
E-MTAB-6814	kidney	school age child	90	5.0	tpm	58735
E-MTAB-6814	kidney	school age child	91	6.0	tpm	58735
E-MTAB-6814	kidney	school age child	92	6.0	tpm	58735
E-MTAB-6814	kidney	school age child	93	7.0	tpm	58735
E-MTAB-6814	kidney	school age child	94	9.0	tpm	58735
E-MTAB-6814	kidney	school age child	95	10.0	tpm	58735
E-MTAB-6814	kidney	school age child	96	12.0	tpm	58735
E-MTAB-6814	kidney	school age child	97	16.0	tpm	58735
E-MTAB-6814	kidney	school age child	98	22.0	tpm	58735
E-MTAB-6814	kidney	school age child	99	36.0	tpm	58735
E-MTAB-6814	kidney	school age child	100	141881.0	tpm	58735
E-MTAB-6814	kidney	toddler	0	0.0	tpm	58735
E-MTAB-6814	kidney	toddler	1	0.0	tpm	58735
E-MTAB-6814	kidney	toddler	2	0.0	tpm	58735
E-MTAB-6814	kidney	toddler	3	0.0	tpm	58735
E-MTAB-6814	kidney	toddler	4	0.0	tpm	58735
E-MTAB-6814	kidney	toddler	5	0.0	tpm	58735
E-MTAB-6814	kidney	toddler	6	0.0	tpm	58735
E-MTAB-6814	kidney	toddler	7	0.0	tpm	58735
E-MTAB-6814	kidney	toddler	8	0.0	tpm	58735
E-MTAB-6814	kidney	toddler	9	0.0	tpm	58735
E-MTAB-6814	kidney	toddler	10	0.0	tpm	58735
E-MTAB-6814	kidney	toddler	11	0.0	tpm	58735
E-MTAB-6814	kidney	toddler	12	0.0	tpm	58735
E-MTAB-6814	kidney	toddler	13	0.0	tpm	58735
E-MTAB-6814	kidney	toddler	14	0.0	tpm	58735
E-MTAB-6814	kidney	toddler	15	0.0	tpm	58735
E-MTAB-6814	kidney	toddler	16	0.0	tpm	58735
E-MTAB-6814	kidney	toddler	17	0.0	tpm	58735
E-MTAB-6814	kidney	toddler	18	0.0	tpm	58735
E-MTAB-6814	kidney	toddler	19	0.0	tpm	58735
E-MTAB-6814	kidney	toddler	20	0.0	tpm	58735
E-MTAB-6814	kidney	toddler	21	0.0	tpm	58735
E-MTAB-6814	kidney	toddler	22	0.0	tpm	58735
E-MTAB-6814	kidney	toddler	23	0.0	tpm	58735
E-MTAB-6814	kidney	toddler	24	0.0	tpm	58735
E-MTAB-6814	kidney	toddler	25	0.0	tpm	58735
E-MTAB-6814	kidney	toddler	26	0.0	tpm	58735
E-MTAB-6814	kidney	toddler	27	0.0	tpm	58735
E-MTAB-6814	kidney	toddler	28	0.0	tpm	58735
E-MTAB-6814	kidney	toddler	29	0.0	tpm	58735
E-MTAB-6814	kidney	toddler	30	0.0	tpm	58735
E-MTAB-6814	kidney	toddler	31	0.0	tpm	58735
E-MTAB-6814	kidney	toddler	32	0.0	tpm	58735
E-MTAB-6814	kidney	toddler	33	0.0	tpm	58735
E-MTAB-6814	kidney	toddler	34	0.0	tpm	58735
E-MTAB-6814	kidney	toddler	35	0.0	tpm	58735
E-MTAB-6814	kidney	toddler	36	0.0	tpm	58735
E-MTAB-6814	kidney	toddler	37	0.0	tpm	58735
E-MTAB-6814	kidney	toddler	38	0.0	tpm	58735
E-MTAB-6814	kidney	toddler	39	0.0	tpm	58735
E-MTAB-6814	kidney	toddler	40	0.0	tpm	58735
E-MTAB-6814	kidney	toddler	41	0.0	tpm	58735
E-MTAB-6814	kidney	toddler	42	0.0	tpm	58735
E-MTAB-6814	kidney	toddler	43	0.0	tpm	58735
E-MTAB-6814	kidney	toddler	44	0.0	tpm	58735
E-MTAB-6814	kidney	toddler	45	0.0	tpm	58735
E-MTAB-6814	kidney	toddler	46	0.0	tpm	58735
E-MTAB-6814	kidney	toddler	47	0.0	tpm	58735
E-MTAB-6814	kidney	toddler	48	0.0	tpm	58735
E-MTAB-6814	kidney	toddler	49	0.1	tpm	58735
E-MTAB-6814	kidney	toddler	50	0.1	tpm	58735
E-MTAB-6814	kidney	toddler	51	0.1	tpm	58735
E-MTAB-6814	kidney	toddler	52	0.1	tpm	58735
E-MTAB-6814	kidney	toddler	53	0.1	tpm	58735
E-MTAB-6814	kidney	toddler	54	0.1	tpm	58735
E-MTAB-6814	kidney	toddler	55	0.1	tpm	58735
E-MTAB-6814	kidney	toddler	56	0.2	tpm	58735
E-MTAB-6814	kidney	toddler	57	0.2	tpm	58735
E-MTAB-6814	kidney	toddler	58	0.2	tpm	58735
E-MTAB-6814	kidney	toddler	59	0.2	tpm	58735
E-MTAB-6814	kidney	toddler	60	0.3	tpm	58735
E-MTAB-6814	kidney	toddler	61	0.3	tpm	58735
E-MTAB-6814	kidney	toddler	62	0.4	tpm	58735
E-MTAB-6814	kidney	toddler	63	0.4	tpm	58735
E-MTAB-6814	kidney	toddler	64	0.5	tpm	58735
E-MTAB-6814	kidney	toddler	65	0.5	tpm	58735
E-MTAB-6814	kidney	toddler	66	0.6	tpm	58735
E-MTAB-6814	kidney	toddler	67	0.7	tpm	58735
E-MTAB-6814	kidney	toddler	68	0.8	tpm	58735
E-MTAB-6814	kidney	toddler	69	0.9	tpm	58735
E-MTAB-6814	kidney	toddler	70	1.0	tpm	58735
E-MTAB-6814	kidney	toddler	71	1.0	tpm	58735
E-MTAB-6814	kidney	toddler	72	1.0	tpm	58735
E-MTAB-6814	kidney	toddler	73	1.0	tpm	58735
E-MTAB-6814	kidney	toddler	74	2.0	tpm	58735
E-MTAB-6814	kidney	toddler	75	2.0	tpm	58735
E-MTAB-6814	kidney	toddler	76	2.0	tpm	58735
E-MTAB-6814	kidney	toddler	77	3.0	tpm	58735
E-MTAB-6814	kidney	toddler	78	3.0	tpm	58735
E-MTAB-6814	kidney	toddler	79	4.0	tpm	58735
E-MTAB-6814	kidney	toddler	80	4.0	tpm	58735
E-MTAB-6814	kidney	toddler	81	5.0	tpm	58735
E-MTAB-6814	kidney	toddler	82	6.0	tpm	58735
E-MTAB-6814	kidney	toddler	83	6.0	tpm	58735
E-MTAB-6814	kidney	toddler	84	7.0	tpm	58735
E-MTAB-6814	kidney	toddler	85	8.0	tpm	58735
E-MTAB-6814	kidney	toddler	86	9.0	tpm	58735
E-MTAB-6814	kidney	toddler	87	10.0	tpm	58735
E-MTAB-6814	kidney	toddler	88	12.0	tpm	58735
E-MTAB-6814	kidney	toddler	89	14.0	tpm	58735
E-MTAB-6814	kidney	toddler	90	15.0	tpm	58735
E-MTAB-6814	kidney	toddler	91	17.0	tpm	58735
E-MTAB-6814	kidney	toddler	92	20.0	tpm	58735
E-MTAB-6814	kidney	toddler	93	23.0	tpm	58735
E-MTAB-6814	kidney	toddler	94	27.0	tpm	58735
E-MTAB-6814	kidney	toddler	95	33.0	tpm	58735
E-MTAB-6814	kidney	toddler	96	40.0	tpm	58735
E-MTAB-6814	kidney	toddler	97	51.0	tpm	58735
E-MTAB-6814	kidney	toddler	98	71.0	tpm	58735
E-MTAB-6814	kidney	toddler	99	122.0	tpm	58735
E-MTAB-6814	kidney	toddler	100	84423.0	tpm	58735
E-MTAB-6814	liver	10 week post conception	0	0.0	tpm	58735
E-MTAB-6814	liver	10 week post conception	1	0.0	tpm	58735
E-MTAB-6814	liver	10 week post conception	2	0.0	tpm	58735
E-MTAB-6814	liver	10 week post conception	3	0.0	tpm	58735
E-MTAB-6814	liver	10 week post conception	4	0.0	tpm	58735
E-MTAB-6814	liver	10 week post conception	5	0.0	tpm	58735
E-MTAB-6814	liver	10 week post conception	6	0.0	tpm	58735
E-MTAB-6814	liver	10 week post conception	7	0.0	tpm	58735
E-MTAB-6814	liver	10 week post conception	8	0.0	tpm	58735
E-MTAB-6814	liver	10 week post conception	9	0.0	tpm	58735
E-MTAB-6814	liver	10 week post conception	10	0.0	tpm	58735
E-MTAB-6814	liver	10 week post conception	11	0.0	tpm	58735
E-MTAB-6814	liver	10 week post conception	12	0.0	tpm	58735
E-MTAB-6814	liver	10 week post conception	13	0.0	tpm	58735
E-MTAB-6814	liver	10 week post conception	14	0.0	tpm	58735
E-MTAB-6814	liver	10 week post conception	15	0.0	tpm	58735
E-MTAB-6814	liver	10 week post conception	16	0.0	tpm	58735
E-MTAB-6814	liver	10 week post conception	17	0.0	tpm	58735
E-MTAB-6814	liver	10 week post conception	18	0.0	tpm	58735
E-MTAB-6814	liver	10 week post conception	19	0.0	tpm	58735
E-MTAB-6814	liver	10 week post conception	20	0.0	tpm	58735
E-MTAB-6814	liver	10 week post conception	21	0.0	tpm	58735
E-MTAB-6814	liver	10 week post conception	22	0.0	tpm	58735
E-MTAB-6814	liver	10 week post conception	23	0.0	tpm	58735
E-MTAB-6814	liver	10 week post conception	24	0.0	tpm	58735
E-MTAB-6814	liver	10 week post conception	25	0.0	tpm	58735
E-MTAB-6814	liver	10 week post conception	26	0.0	tpm	58735
E-MTAB-6814	liver	10 week post conception	27	0.0	tpm	58735
E-MTAB-6814	liver	10 week post conception	28	0.0	tpm	58735
E-MTAB-6814	liver	10 week post conception	29	0.0	tpm	58735
E-MTAB-6814	liver	10 week post conception	30	0.0	tpm	58735
E-MTAB-6814	liver	10 week post conception	31	0.0	tpm	58735
E-MTAB-6814	liver	10 week post conception	32	0.0	tpm	58735
E-MTAB-6814	liver	10 week post conception	33	0.0	tpm	58735
E-MTAB-6814	liver	10 week post conception	34	0.0	tpm	58735
E-MTAB-6814	liver	10 week post conception	35	0.0	tpm	58735
E-MTAB-6814	liver	10 week post conception	36	0.0	tpm	58735
E-MTAB-6814	liver	10 week post conception	37	0.0	tpm	58735
E-MTAB-6814	liver	10 week post conception	38	0.0	tpm	58735
E-MTAB-6814	liver	10 week post conception	39	0.0	tpm	58735
E-MTAB-6814	liver	10 week post conception	40	0.0	tpm	58735
E-MTAB-6814	liver	10 week post conception	41	0.0	tpm	58735
E-MTAB-6814	liver	10 week post conception	42	0.0	tpm	58735
E-MTAB-6814	liver	10 week post conception	43	0.0	tpm	58735
E-MTAB-6814	liver	10 week post conception	44	0.0	tpm	58735
E-MTAB-6814	liver	10 week post conception	45	0.0	tpm	58735
E-MTAB-6814	liver	10 week post conception	46	0.0	tpm	58735
E-MTAB-6814	liver	10 week post conception	47	0.0	tpm	58735
E-MTAB-6814	liver	10 week post conception	48	0.0	tpm	58735
E-MTAB-6814	liver	10 week post conception	49	0.0	tpm	58735
E-MTAB-6814	liver	10 week post conception	50	0.0	tpm	58735
E-MTAB-6814	liver	10 week post conception	51	0.0	tpm	58735
E-MTAB-6814	liver	10 week post conception	52	0.0	tpm	58735
E-MTAB-6814	liver	10 week post conception	53	0.0	tpm	58735
E-MTAB-6814	liver	10 week post conception	54	0.0	tpm	58735
E-MTAB-6814	liver	10 week post conception	55	0.0	tpm	58735
E-MTAB-6814	liver	10 week post conception	56	0.0	tpm	58735
E-MTAB-6814	liver	10 week post conception	57	0.1	tpm	58735
E-MTAB-6814	liver	10 week post conception	58	0.1	tpm	58735
E-MTAB-6814	liver	10 week post conception	59	0.1	tpm	58735
E-MTAB-6814	liver	10 week post conception	60	0.1	tpm	58735
E-MTAB-6814	liver	10 week post conception	61	0.1	tpm	58735
E-MTAB-6814	liver	10 week post conception	62	0.2	tpm	58735
E-MTAB-6814	liver	10 week post conception	63	0.2	tpm	58735
E-MTAB-6814	liver	10 week post conception	64	0.2	tpm	58735
E-MTAB-6814	liver	10 week post conception	65	0.3	tpm	58735
E-MTAB-6814	liver	10 week post conception	66	0.3	tpm	58735
E-MTAB-6814	liver	10 week post conception	67	0.4	tpm	58735
E-MTAB-6814	liver	10 week post conception	68	0.4	tpm	58735
E-MTAB-6814	liver	10 week post conception	69	0.5	tpm	58735
E-MTAB-6814	liver	10 week post conception	70	0.6	tpm	58735
E-MTAB-6814	liver	10 week post conception	71	0.7	tpm	58735
E-MTAB-6814	liver	10 week post conception	72	0.8	tpm	58735
E-MTAB-6814	liver	10 week post conception	73	0.9	tpm	58735
E-MTAB-6814	liver	10 week post conception	74	1.0	tpm	58735
E-MTAB-6814	liver	10 week post conception	75	1.0	tpm	58735
E-MTAB-6814	liver	10 week post conception	76	1.0	tpm	58735
E-MTAB-6814	liver	10 week post conception	77	2.0	tpm	58735
E-MTAB-6814	liver	10 week post conception	78	2.0	tpm	58735
E-MTAB-6814	liver	10 week post conception	79	2.0	tpm	58735
E-MTAB-6814	liver	10 week post conception	80	3.0	tpm	58735
E-MTAB-6814	liver	10 week post conception	81	3.0	tpm	58735
E-MTAB-6814	liver	10 week post conception	82	4.0	tpm	58735
E-MTAB-6814	liver	10 week post conception	83	4.0	tpm	58735
E-MTAB-6814	liver	10 week post conception	84	5.0	tpm	58735
E-MTAB-6814	liver	10 week post conception	85	6.0	tpm	58735
E-MTAB-6814	liver	10 week post conception	86	7.0	tpm	58735
E-MTAB-6814	liver	10 week post conception	87	8.0	tpm	58735
E-MTAB-6814	liver	10 week post conception	88	9.0	tpm	58735
E-MTAB-6814	liver	10 week post conception	89	10.0	tpm	58735
E-MTAB-6814	liver	10 week post conception	90	12.0	tpm	58735
E-MTAB-6814	liver	10 week post conception	91	14.0	tpm	58735
E-MTAB-6814	liver	10 week post conception	92	16.0	tpm	58735
E-MTAB-6814	liver	10 week post conception	93	19.0	tpm	58735
E-MTAB-6814	liver	10 week post conception	94	23.0	tpm	58735
E-MTAB-6814	liver	10 week post conception	95	28.0	tpm	58735
E-MTAB-6814	liver	10 week post conception	96	34.0	tpm	58735
E-MTAB-6814	liver	10 week post conception	97	46.0	tpm	58735
E-MTAB-6814	liver	10 week post conception	98	66.0	tpm	58735
E-MTAB-6814	liver	10 week post conception	99	126.0	tpm	58735
E-MTAB-6814	liver	10 week post conception	100	80924.0	tpm	58735
E-MTAB-6814	liver	11 week post conception	0	0.0	tpm	58735
E-MTAB-6814	liver	11 week post conception	1	0.0	tpm	58735
E-MTAB-6814	liver	11 week post conception	2	0.0	tpm	58735
E-MTAB-6814	liver	11 week post conception	3	0.0	tpm	58735
E-MTAB-6814	liver	11 week post conception	4	0.0	tpm	58735
E-MTAB-6814	liver	11 week post conception	5	0.0	tpm	58735
E-MTAB-6814	liver	11 week post conception	6	0.0	tpm	58735
E-MTAB-6814	liver	11 week post conception	7	0.0	tpm	58735
E-MTAB-6814	liver	11 week post conception	8	0.0	tpm	58735
E-MTAB-6814	liver	11 week post conception	9	0.0	tpm	58735
E-MTAB-6814	liver	11 week post conception	10	0.0	tpm	58735
E-MTAB-6814	liver	11 week post conception	11	0.0	tpm	58735
E-MTAB-6814	liver	11 week post conception	12	0.0	tpm	58735
E-MTAB-6814	liver	11 week post conception	13	0.0	tpm	58735
E-MTAB-6814	liver	11 week post conception	14	0.0	tpm	58735
E-MTAB-6814	liver	11 week post conception	15	0.0	tpm	58735
E-MTAB-6814	liver	11 week post conception	16	0.0	tpm	58735
E-MTAB-6814	liver	11 week post conception	17	0.0	tpm	58735
E-MTAB-6814	liver	11 week post conception	18	0.0	tpm	58735
E-MTAB-6814	liver	11 week post conception	19	0.0	tpm	58735
E-MTAB-6814	liver	11 week post conception	20	0.0	tpm	58735
E-MTAB-6814	liver	11 week post conception	21	0.0	tpm	58735
E-MTAB-6814	liver	11 week post conception	22	0.0	tpm	58735
E-MTAB-6814	liver	11 week post conception	23	0.0	tpm	58735
E-MTAB-6814	liver	11 week post conception	24	0.0	tpm	58735
E-MTAB-6814	liver	11 week post conception	25	0.0	tpm	58735
E-MTAB-6814	liver	11 week post conception	26	0.0	tpm	58735
E-MTAB-6814	liver	11 week post conception	27	0.0	tpm	58735
E-MTAB-6814	liver	11 week post conception	28	0.0	tpm	58735
E-MTAB-6814	liver	11 week post conception	29	0.0	tpm	58735
E-MTAB-6814	liver	11 week post conception	30	0.0	tpm	58735
E-MTAB-6814	liver	11 week post conception	31	0.0	tpm	58735
E-MTAB-6814	liver	11 week post conception	32	0.0	tpm	58735
E-MTAB-6814	liver	11 week post conception	33	0.0	tpm	58735
E-MTAB-6814	liver	11 week post conception	34	0.0	tpm	58735
E-MTAB-6814	liver	11 week post conception	35	0.0	tpm	58735
E-MTAB-6814	liver	11 week post conception	36	0.0	tpm	58735
E-MTAB-6814	liver	11 week post conception	37	0.0	tpm	58735
E-MTAB-6814	liver	11 week post conception	38	0.0	tpm	58735
E-MTAB-6814	liver	11 week post conception	39	0.0	tpm	58735
E-MTAB-6814	liver	11 week post conception	40	0.0	tpm	58735
E-MTAB-6814	liver	11 week post conception	41	0.0	tpm	58735
E-MTAB-6814	liver	11 week post conception	42	0.0	tpm	58735
E-MTAB-6814	liver	11 week post conception	43	0.0	tpm	58735
E-MTAB-6814	liver	11 week post conception	44	0.0	tpm	58735
E-MTAB-6814	liver	11 week post conception	45	0.0	tpm	58735
E-MTAB-6814	liver	11 week post conception	46	0.0	tpm	58735
E-MTAB-6814	liver	11 week post conception	47	0.0	tpm	58735
E-MTAB-6814	liver	11 week post conception	48	0.0	tpm	58735
E-MTAB-6814	liver	11 week post conception	49	0.0	tpm	58735
E-MTAB-6814	liver	11 week post conception	50	0.0	tpm	58735
E-MTAB-6814	liver	11 week post conception	51	0.0	tpm	58735
E-MTAB-6814	liver	11 week post conception	52	0.0	tpm	58735
E-MTAB-6814	liver	11 week post conception	53	0.0	tpm	58735
E-MTAB-6814	liver	11 week post conception	54	0.0	tpm	58735
E-MTAB-6814	liver	11 week post conception	55	0.0	tpm	58735
E-MTAB-6814	liver	11 week post conception	56	0.0	tpm	58735
E-MTAB-6814	liver	11 week post conception	57	0.0	tpm	58735
E-MTAB-6814	liver	11 week post conception	58	0.0	tpm	58735
E-MTAB-6814	liver	11 week post conception	59	0.0	tpm	58735
E-MTAB-6814	liver	11 week post conception	60	0.0	tpm	58735
E-MTAB-6814	liver	11 week post conception	61	0.0	tpm	58735
E-MTAB-6814	liver	11 week post conception	62	0.1	tpm	58735
E-MTAB-6814	liver	11 week post conception	63	0.1	tpm	58735
E-MTAB-6814	liver	11 week post conception	64	0.1	tpm	58735
E-MTAB-6814	liver	11 week post conception	65	0.2	tpm	58735
E-MTAB-6814	liver	11 week post conception	66	0.2	tpm	58735
E-MTAB-6814	liver	11 week post conception	67	0.3	tpm	58735
E-MTAB-6814	liver	11 week post conception	68	0.3	tpm	58735
E-MTAB-6814	liver	11 week post conception	69	0.4	tpm	58735
E-MTAB-6814	liver	11 week post conception	70	0.5	tpm	58735
E-MTAB-6814	liver	11 week post conception	71	0.6	tpm	58735
E-MTAB-6814	liver	11 week post conception	72	0.7	tpm	58735
E-MTAB-6814	liver	11 week post conception	73	0.8	tpm	58735
E-MTAB-6814	liver	11 week post conception	74	0.9	tpm	58735
E-MTAB-6814	liver	11 week post conception	75	1.0	tpm	58735
E-MTAB-6814	liver	11 week post conception	76	1.0	tpm	58735
E-MTAB-6814	liver	11 week post conception	77	2.0	tpm	58735
E-MTAB-6814	liver	11 week post conception	78	2.0	tpm	58735
E-MTAB-6814	liver	11 week post conception	79	2.0	tpm	58735
E-MTAB-6814	liver	11 week post conception	80	3.0	tpm	58735
E-MTAB-6814	liver	11 week post conception	81	3.0	tpm	58735
E-MTAB-6814	liver	11 week post conception	82	3.0	tpm	58735
E-MTAB-6814	liver	11 week post conception	83	4.0	tpm	58735
E-MTAB-6814	liver	11 week post conception	84	5.0	tpm	58735
E-MTAB-6814	liver	11 week post conception	85	5.0	tpm	58735
E-MTAB-6814	liver	11 week post conception	86	6.0	tpm	58735
E-MTAB-6814	liver	11 week post conception	87	7.0	tpm	58735
E-MTAB-6814	liver	11 week post conception	88	8.0	tpm	58735
E-MTAB-6814	liver	11 week post conception	89	10.0	tpm	58735
E-MTAB-6814	liver	11 week post conception	90	11.0	tpm	58735
E-MTAB-6814	liver	11 week post conception	91	13.0	tpm	58735
E-MTAB-6814	liver	11 week post conception	92	15.0	tpm	58735
E-MTAB-6814	liver	11 week post conception	93	18.0	tpm	58735
E-MTAB-6814	liver	11 week post conception	94	22.0	tpm	58735
E-MTAB-6814	liver	11 week post conception	95	27.0	tpm	58735
E-MTAB-6814	liver	11 week post conception	96	33.0	tpm	58735
E-MTAB-6814	liver	11 week post conception	97	45.0	tpm	58735
E-MTAB-6814	liver	11 week post conception	98	65.32	tpm	58735
E-MTAB-6814	liver	11 week post conception	99	130.0	tpm	58735
E-MTAB-6814	liver	11 week post conception	100	92275.0	tpm	58735
E-MTAB-6814	liver	12 week post conception	0	0.0	tpm	58735
E-MTAB-6814	liver	12 week post conception	1	0.0	tpm	58735
E-MTAB-6814	liver	12 week post conception	2	0.0	tpm	58735
E-MTAB-6814	liver	12 week post conception	3	0.0	tpm	58735
E-MTAB-6814	liver	12 week post conception	4	0.0	tpm	58735
E-MTAB-6814	liver	12 week post conception	5	0.0	tpm	58735
E-MTAB-6814	liver	12 week post conception	6	0.0	tpm	58735
E-MTAB-6814	liver	12 week post conception	7	0.0	tpm	58735
E-MTAB-6814	liver	12 week post conception	8	0.0	tpm	58735
E-MTAB-6814	liver	12 week post conception	9	0.0	tpm	58735
E-MTAB-6814	liver	12 week post conception	10	0.0	tpm	58735
E-MTAB-6814	liver	12 week post conception	11	0.0	tpm	58735
E-MTAB-6814	liver	12 week post conception	12	0.0	tpm	58735
E-MTAB-6814	liver	12 week post conception	13	0.0	tpm	58735
E-MTAB-6814	liver	12 week post conception	14	0.0	tpm	58735
E-MTAB-6814	liver	12 week post conception	15	0.0	tpm	58735
E-MTAB-6814	liver	12 week post conception	16	0.0	tpm	58735
E-MTAB-6814	liver	12 week post conception	17	0.0	tpm	58735
E-MTAB-6814	liver	12 week post conception	18	0.0	tpm	58735
E-MTAB-6814	liver	12 week post conception	19	0.0	tpm	58735
E-MTAB-6814	liver	12 week post conception	20	0.0	tpm	58735
E-MTAB-6814	liver	12 week post conception	21	0.0	tpm	58735
E-MTAB-6814	liver	12 week post conception	22	0.0	tpm	58735
E-MTAB-6814	liver	12 week post conception	23	0.0	tpm	58735
E-MTAB-6814	liver	12 week post conception	24	0.0	tpm	58735
E-MTAB-6814	liver	12 week post conception	25	0.0	tpm	58735
E-MTAB-6814	liver	12 week post conception	26	0.0	tpm	58735
E-MTAB-6814	liver	12 week post conception	27	0.0	tpm	58735
E-MTAB-6814	liver	12 week post conception	28	0.0	tpm	58735
E-MTAB-6814	liver	12 week post conception	29	0.0	tpm	58735
E-MTAB-6814	liver	12 week post conception	30	0.0	tpm	58735
E-MTAB-6814	liver	12 week post conception	31	0.0	tpm	58735
E-MTAB-6814	liver	12 week post conception	32	0.0	tpm	58735
E-MTAB-6814	liver	12 week post conception	33	0.0	tpm	58735
E-MTAB-6814	liver	12 week post conception	34	0.0	tpm	58735
E-MTAB-6814	liver	12 week post conception	35	0.0	tpm	58735
E-MTAB-6814	liver	12 week post conception	36	0.0	tpm	58735
E-MTAB-6814	liver	12 week post conception	37	0.0	tpm	58735
E-MTAB-6814	liver	12 week post conception	38	0.0	tpm	58735
E-MTAB-6814	liver	12 week post conception	39	0.0	tpm	58735
E-MTAB-6814	liver	12 week post conception	40	0.0	tpm	58735
E-MTAB-6814	liver	12 week post conception	41	0.0	tpm	58735
E-MTAB-6814	liver	12 week post conception	42	0.0	tpm	58735
E-MTAB-6814	liver	12 week post conception	43	0.0	tpm	58735
E-MTAB-6814	liver	12 week post conception	44	0.0	tpm	58735
E-MTAB-6814	liver	12 week post conception	45	0.0	tpm	58735
E-MTAB-6814	liver	12 week post conception	46	0.0	tpm	58735
E-MTAB-6814	liver	12 week post conception	47	0.0	tpm	58735
E-MTAB-6814	liver	12 week post conception	48	0.0	tpm	58735
E-MTAB-6814	liver	12 week post conception	49	0.0	tpm	58735
E-MTAB-6814	liver	12 week post conception	50	0.0	tpm	58735
E-MTAB-6814	liver	12 week post conception	51	0.0	tpm	58735
E-MTAB-6814	liver	12 week post conception	52	0.0	tpm	58735
E-MTAB-6814	liver	12 week post conception	53	0.0	tpm	58735
E-MTAB-6814	liver	12 week post conception	54	0.1	tpm	58735
E-MTAB-6814	liver	12 week post conception	55	0.1	tpm	58735
E-MTAB-6814	liver	12 week post conception	56	0.1	tpm	58735
E-MTAB-6814	liver	12 week post conception	57	0.1	tpm	58735
E-MTAB-6814	liver	12 week post conception	58	0.1	tpm	58735
E-MTAB-6814	liver	12 week post conception	59	0.2	tpm	58735
E-MTAB-6814	liver	12 week post conception	60	0.2	tpm	58735
E-MTAB-6814	liver	12 week post conception	61	0.2	tpm	58735
E-MTAB-6814	liver	12 week post conception	62	0.2	tpm	58735
E-MTAB-6814	liver	12 week post conception	63	0.3	tpm	58735
E-MTAB-6814	liver	12 week post conception	64	0.3	tpm	58735
E-MTAB-6814	liver	12 week post conception	65	0.4	tpm	58735
E-MTAB-6814	liver	12 week post conception	66	0.4	tpm	58735
E-MTAB-6814	liver	12 week post conception	67	0.5	tpm	58735
E-MTAB-6814	liver	12 week post conception	68	0.6	tpm	58735
E-MTAB-6814	liver	12 week post conception	69	0.7	tpm	58735
E-MTAB-6814	liver	12 week post conception	70	0.8	tpm	58735
E-MTAB-6814	liver	12 week post conception	71	0.9	tpm	58735
E-MTAB-6814	liver	12 week post conception	72	1.0	tpm	58735
E-MTAB-6814	liver	12 week post conception	73	1.0	tpm	58735
E-MTAB-6814	liver	12 week post conception	74	1.0	tpm	58735
E-MTAB-6814	liver	12 week post conception	75	2.0	tpm	58735
E-MTAB-6814	liver	12 week post conception	76	2.0	tpm	58735
E-MTAB-6814	liver	12 week post conception	77	2.0	tpm	58735
E-MTAB-6814	liver	12 week post conception	78	2.0	tpm	58735
E-MTAB-6814	liver	12 week post conception	79	3.0	tpm	58735
E-MTAB-6814	liver	12 week post conception	80	3.0	tpm	58735
E-MTAB-6814	liver	12 week post conception	81	4.0	tpm	58735
E-MTAB-6814	liver	12 week post conception	82	5.0	tpm	58735
E-MTAB-6814	liver	12 week post conception	83	5.0	tpm	58735
E-MTAB-6814	liver	12 week post conception	84	6.0	tpm	58735
E-MTAB-6814	liver	12 week post conception	85	7.0	tpm	58735
E-MTAB-6814	liver	12 week post conception	86	8.0	tpm	58735
E-MTAB-6814	liver	12 week post conception	87	10.0	tpm	58735
E-MTAB-6814	liver	12 week post conception	88	11.0	tpm	58735
E-MTAB-6814	liver	12 week post conception	89	13.0	tpm	58735
E-MTAB-6814	liver	12 week post conception	90	15.0	tpm	58735
E-MTAB-6814	liver	12 week post conception	91	17.0	tpm	58735
E-MTAB-6814	liver	12 week post conception	92	19.0	tpm	58735
E-MTAB-6814	liver	12 week post conception	93	22.0	tpm	58735
E-MTAB-6814	liver	12 week post conception	94	27.0	tpm	58735
E-MTAB-6814	liver	12 week post conception	95	32.0	tpm	58735
E-MTAB-6814	liver	12 week post conception	96	40.0	tpm	58735
E-MTAB-6814	liver	12 week post conception	97	52.0	tpm	58735
E-MTAB-6814	liver	12 week post conception	98	75.0	tpm	58735
E-MTAB-6814	liver	12 week post conception	99	136.0	tpm	58735
E-MTAB-6814	liver	12 week post conception	100	128034.0	tpm	58735
E-MTAB-6814	liver	13 week post conception	0	0.0	tpm	58735
E-MTAB-6814	liver	13 week post conception	1	0.0	tpm	58735
E-MTAB-6814	liver	13 week post conception	2	0.0	tpm	58735
E-MTAB-6814	liver	13 week post conception	3	0.0	tpm	58735
E-MTAB-6814	liver	13 week post conception	4	0.0	tpm	58735
E-MTAB-6814	liver	13 week post conception	5	0.0	tpm	58735
E-MTAB-6814	liver	13 week post conception	6	0.0	tpm	58735
E-MTAB-6814	liver	13 week post conception	7	0.0	tpm	58735
E-MTAB-6814	liver	13 week post conception	8	0.0	tpm	58735
E-MTAB-6814	liver	13 week post conception	9	0.0	tpm	58735
E-MTAB-6814	liver	13 week post conception	10	0.0	tpm	58735
E-MTAB-6814	liver	13 week post conception	11	0.0	tpm	58735
E-MTAB-6814	liver	13 week post conception	12	0.0	tpm	58735
E-MTAB-6814	liver	13 week post conception	13	0.0	tpm	58735
E-MTAB-6814	liver	13 week post conception	14	0.0	tpm	58735
E-MTAB-6814	liver	13 week post conception	15	0.0	tpm	58735
E-MTAB-6814	liver	13 week post conception	16	0.0	tpm	58735
E-MTAB-6814	liver	13 week post conception	17	0.0	tpm	58735
E-MTAB-6814	liver	13 week post conception	18	0.0	tpm	58735
E-MTAB-6814	liver	13 week post conception	19	0.0	tpm	58735
E-MTAB-6814	liver	13 week post conception	20	0.0	tpm	58735
E-MTAB-6814	liver	13 week post conception	21	0.0	tpm	58735
E-MTAB-6814	liver	13 week post conception	22	0.0	tpm	58735
E-MTAB-6814	liver	13 week post conception	23	0.0	tpm	58735
E-MTAB-6814	liver	13 week post conception	24	0.0	tpm	58735
E-MTAB-6814	liver	13 week post conception	25	0.0	tpm	58735
E-MTAB-6814	liver	13 week post conception	26	0.0	tpm	58735
E-MTAB-6814	liver	13 week post conception	27	0.0	tpm	58735
E-MTAB-6814	liver	13 week post conception	28	0.0	tpm	58735
E-MTAB-6814	liver	13 week post conception	29	0.0	tpm	58735
E-MTAB-6814	liver	13 week post conception	30	0.0	tpm	58735
E-MTAB-6814	liver	13 week post conception	31	0.0	tpm	58735
E-MTAB-6814	liver	13 week post conception	32	0.0	tpm	58735
E-MTAB-6814	liver	13 week post conception	33	0.0	tpm	58735
E-MTAB-6814	liver	13 week post conception	34	0.0	tpm	58735
E-MTAB-6814	liver	13 week post conception	35	0.0	tpm	58735
E-MTAB-6814	liver	13 week post conception	36	0.0	tpm	58735
E-MTAB-6814	liver	13 week post conception	37	0.0	tpm	58735
E-MTAB-6814	liver	13 week post conception	38	0.0	tpm	58735
E-MTAB-6814	liver	13 week post conception	39	0.0	tpm	58735
E-MTAB-6814	liver	13 week post conception	40	0.0	tpm	58735
E-MTAB-6814	liver	13 week post conception	41	0.0	tpm	58735
E-MTAB-6814	liver	13 week post conception	42	0.0	tpm	58735
E-MTAB-6814	liver	13 week post conception	43	0.0	tpm	58735
E-MTAB-6814	liver	13 week post conception	44	0.0	tpm	58735
E-MTAB-6814	liver	13 week post conception	45	0.0	tpm	58735
E-MTAB-6814	liver	13 week post conception	46	0.0	tpm	58735
E-MTAB-6814	liver	13 week post conception	47	0.0	tpm	58735
E-MTAB-6814	liver	13 week post conception	48	0.0	tpm	58735
E-MTAB-6814	liver	13 week post conception	49	0.0	tpm	58735
E-MTAB-6814	liver	13 week post conception	50	0.0	tpm	58735
E-MTAB-6814	liver	13 week post conception	51	0.0	tpm	58735
E-MTAB-6814	liver	13 week post conception	52	0.0	tpm	58735
E-MTAB-6814	liver	13 week post conception	53	0.0	tpm	58735
E-MTAB-6814	liver	13 week post conception	54	0.0	tpm	58735
E-MTAB-6814	liver	13 week post conception	55	0.0	tpm	58735
E-MTAB-6814	liver	13 week post conception	56	0.0	tpm	58735
E-MTAB-6814	liver	13 week post conception	57	0.0	tpm	58735
E-MTAB-6814	liver	13 week post conception	58	0.1	tpm	58735
E-MTAB-6814	liver	13 week post conception	59	0.1	tpm	58735
E-MTAB-6814	liver	13 week post conception	60	0.1	tpm	58735
E-MTAB-6814	liver	13 week post conception	61	0.1	tpm	58735
E-MTAB-6814	liver	13 week post conception	62	0.2	tpm	58735
E-MTAB-6814	liver	13 week post conception	63	0.2	tpm	58735
E-MTAB-6814	liver	13 week post conception	64	0.3	tpm	58735
E-MTAB-6814	liver	13 week post conception	65	0.3	tpm	58735
E-MTAB-6814	liver	13 week post conception	66	0.3	tpm	58735
E-MTAB-6814	liver	13 week post conception	67	0.4	tpm	58735
E-MTAB-6814	liver	13 week post conception	68	0.4	tpm	58735
E-MTAB-6814	liver	13 week post conception	69	0.5	tpm	58735
E-MTAB-6814	liver	13 week post conception	70	0.6	tpm	58735
E-MTAB-6814	liver	13 week post conception	71	0.7	tpm	58735
E-MTAB-6814	liver	13 week post conception	72	0.8	tpm	58735
E-MTAB-6814	liver	13 week post conception	73	0.9	tpm	58735
E-MTAB-6814	liver	13 week post conception	74	1.0	tpm	58735
E-MTAB-6814	liver	13 week post conception	75	1.0	tpm	58735
E-MTAB-6814	liver	13 week post conception	76	1.0	tpm	58735
E-MTAB-6814	liver	13 week post conception	77	2.0	tpm	58735
E-MTAB-6814	liver	13 week post conception	78	2.0	tpm	58735
E-MTAB-6814	liver	13 week post conception	79	2.0	tpm	58735
E-MTAB-6814	liver	13 week post conception	80	3.0	tpm	58735
E-MTAB-6814	liver	13 week post conception	81	3.0	tpm	58735
E-MTAB-6814	liver	13 week post conception	82	4.0	tpm	58735
E-MTAB-6814	liver	13 week post conception	83	4.0	tpm	58735
E-MTAB-6814	liver	13 week post conception	84	5.0	tpm	58735
E-MTAB-6814	liver	13 week post conception	85	6.0	tpm	58735
E-MTAB-6814	liver	13 week post conception	86	7.0	tpm	58735
E-MTAB-6814	liver	13 week post conception	87	8.0	tpm	58735
E-MTAB-6814	liver	13 week post conception	88	9.0	tpm	58735
E-MTAB-6814	liver	13 week post conception	89	10.0	tpm	58735
E-MTAB-6814	liver	13 week post conception	90	12.0	tpm	58735
E-MTAB-6814	liver	13 week post conception	91	14.0	tpm	58735
E-MTAB-6814	liver	13 week post conception	92	16.0	tpm	58735
E-MTAB-6814	liver	13 week post conception	93	19.0	tpm	58735
E-MTAB-6814	liver	13 week post conception	94	23.0	tpm	58735
E-MTAB-6814	liver	13 week post conception	95	28.0	tpm	58735
E-MTAB-6814	liver	13 week post conception	96	35.0	tpm	58735
E-MTAB-6814	liver	13 week post conception	97	46.0	tpm	58735
E-MTAB-6814	liver	13 week post conception	98	67.0	tpm	58735
E-MTAB-6814	liver	13 week post conception	99	124.0	tpm	58735
E-MTAB-6814	liver	13 week post conception	100	107338.0	tpm	58735
E-MTAB-6814	liver	16 week post conception	0	0.0	tpm	58735
E-MTAB-6814	liver	16 week post conception	1	0.0	tpm	58735
E-MTAB-6814	liver	16 week post conception	2	0.0	tpm	58735
E-MTAB-6814	liver	16 week post conception	3	0.0	tpm	58735
E-MTAB-6814	liver	16 week post conception	4	0.0	tpm	58735
E-MTAB-6814	liver	16 week post conception	5	0.0	tpm	58735
E-MTAB-6814	liver	16 week post conception	6	0.0	tpm	58735
E-MTAB-6814	liver	16 week post conception	7	0.0	tpm	58735
E-MTAB-6814	liver	16 week post conception	8	0.0	tpm	58735
E-MTAB-6814	liver	16 week post conception	9	0.0	tpm	58735
E-MTAB-6814	liver	16 week post conception	10	0.0	tpm	58735
E-MTAB-6814	liver	16 week post conception	11	0.0	tpm	58735
E-MTAB-6814	liver	16 week post conception	12	0.0	tpm	58735
E-MTAB-6814	liver	16 week post conception	13	0.0	tpm	58735
E-MTAB-6814	liver	16 week post conception	14	0.0	tpm	58735
E-MTAB-6814	liver	16 week post conception	15	0.0	tpm	58735
E-MTAB-6814	liver	16 week post conception	16	0.0	tpm	58735
E-MTAB-6814	liver	16 week post conception	17	0.0	tpm	58735
E-MTAB-6814	liver	16 week post conception	18	0.0	tpm	58735
E-MTAB-6814	liver	16 week post conception	19	0.0	tpm	58735
E-MTAB-6814	liver	16 week post conception	20	0.0	tpm	58735
E-MTAB-6814	liver	16 week post conception	21	0.0	tpm	58735
E-MTAB-6814	liver	16 week post conception	22	0.0	tpm	58735
E-MTAB-6814	liver	16 week post conception	23	0.0	tpm	58735
E-MTAB-6814	liver	16 week post conception	24	0.0	tpm	58735
E-MTAB-6814	liver	16 week post conception	25	0.0	tpm	58735
E-MTAB-6814	liver	16 week post conception	26	0.0	tpm	58735
E-MTAB-6814	liver	16 week post conception	27	0.0	tpm	58735
E-MTAB-6814	liver	16 week post conception	28	0.0	tpm	58735
E-MTAB-6814	liver	16 week post conception	29	0.0	tpm	58735
E-MTAB-6814	liver	16 week post conception	30	0.0	tpm	58735
E-MTAB-6814	liver	16 week post conception	31	0.0	tpm	58735
E-MTAB-6814	liver	16 week post conception	32	0.0	tpm	58735
E-MTAB-6814	liver	16 week post conception	33	0.0	tpm	58735
E-MTAB-6814	liver	16 week post conception	34	0.0	tpm	58735
E-MTAB-6814	liver	16 week post conception	35	0.0	tpm	58735
E-MTAB-6814	liver	16 week post conception	36	0.0	tpm	58735
E-MTAB-6814	liver	16 week post conception	37	0.0	tpm	58735
E-MTAB-6814	liver	16 week post conception	38	0.0	tpm	58735
E-MTAB-6814	liver	16 week post conception	39	0.0	tpm	58735
E-MTAB-6814	liver	16 week post conception	40	0.0	tpm	58735
E-MTAB-6814	liver	16 week post conception	41	0.0	tpm	58735
E-MTAB-6814	liver	16 week post conception	42	0.0	tpm	58735
E-MTAB-6814	liver	16 week post conception	43	0.0	tpm	58735
E-MTAB-6814	liver	16 week post conception	44	0.0	tpm	58735
E-MTAB-6814	liver	16 week post conception	45	0.0	tpm	58735
E-MTAB-6814	liver	16 week post conception	46	0.0	tpm	58735
E-MTAB-6814	liver	16 week post conception	47	0.0	tpm	58735
E-MTAB-6814	liver	16 week post conception	48	0.0	tpm	58735
E-MTAB-6814	liver	16 week post conception	49	0.0	tpm	58735
E-MTAB-6814	liver	16 week post conception	50	0.0	tpm	58735
E-MTAB-6814	liver	16 week post conception	51	0.1	tpm	58735
E-MTAB-6814	liver	16 week post conception	52	0.1	tpm	58735
E-MTAB-6814	liver	16 week post conception	53	0.1	tpm	58735
E-MTAB-6814	liver	16 week post conception	54	0.1	tpm	58735
E-MTAB-6814	liver	16 week post conception	55	0.1	tpm	58735
E-MTAB-6814	liver	16 week post conception	56	0.1	tpm	58735
E-MTAB-6814	liver	16 week post conception	57	0.2	tpm	58735
E-MTAB-6814	liver	16 week post conception	58	0.2	tpm	58735
E-MTAB-6814	liver	16 week post conception	59	0.2	tpm	58735
E-MTAB-6814	liver	16 week post conception	60	0.2	tpm	58735
E-MTAB-6814	liver	16 week post conception	61	0.3	tpm	58735
E-MTAB-6814	liver	16 week post conception	62	0.3	tpm	58735
E-MTAB-6814	liver	16 week post conception	63	0.4	tpm	58735
E-MTAB-6814	liver	16 week post conception	64	0.4	tpm	58735
E-MTAB-6814	liver	16 week post conception	65	0.5	tpm	58735
E-MTAB-6814	liver	16 week post conception	66	0.5	tpm	58735
E-MTAB-6814	liver	16 week post conception	67	0.6	tpm	58735
E-MTAB-6814	liver	16 week post conception	68	0.7	tpm	58735
E-MTAB-6814	liver	16 week post conception	69	0.8	tpm	58735
E-MTAB-6814	liver	16 week post conception	70	0.9	tpm	58735
E-MTAB-6814	liver	16 week post conception	71	1.0	tpm	58735
E-MTAB-6814	liver	16 week post conception	72	1.0	tpm	58735
E-MTAB-6814	liver	16 week post conception	73	1.0	tpm	58735
E-MTAB-6814	liver	16 week post conception	74	2.0	tpm	58735
E-MTAB-6814	liver	16 week post conception	75	2.0	tpm	58735
E-MTAB-6814	liver	16 week post conception	76	2.0	tpm	58735
E-MTAB-6814	liver	16 week post conception	77	2.0	tpm	58735
E-MTAB-6814	liver	16 week post conception	78	3.0	tpm	58735
E-MTAB-6814	liver	16 week post conception	79	3.0	tpm	58735
E-MTAB-6814	liver	16 week post conception	80	4.0	tpm	58735
E-MTAB-6814	liver	16 week post conception	81	4.0	tpm	58735
E-MTAB-6814	liver	16 week post conception	82	5.0	tpm	58735
E-MTAB-6814	liver	16 week post conception	83	6.0	tpm	58735
E-MTAB-6814	liver	16 week post conception	84	7.0	tpm	58735
E-MTAB-6814	liver	16 week post conception	85	8.0	tpm	58735
E-MTAB-6814	liver	16 week post conception	86	9.0	tpm	58735
E-MTAB-6814	liver	16 week post conception	87	10.0	tpm	58735
E-MTAB-6814	liver	16 week post conception	88	11.0	tpm	58735
E-MTAB-6814	liver	16 week post conception	89	13.0	tpm	58735
E-MTAB-6814	liver	16 week post conception	90	15.0	tpm	58735
E-MTAB-6814	liver	16 week post conception	91	17.0	tpm	58735
E-MTAB-6814	liver	16 week post conception	92	20.0	tpm	58735
E-MTAB-6814	liver	16 week post conception	93	23.0	tpm	58735
E-MTAB-6814	liver	16 week post conception	94	27.0	tpm	58735
E-MTAB-6814	liver	16 week post conception	95	32.0	tpm	58735
E-MTAB-6814	liver	16 week post conception	96	39.0	tpm	58735
E-MTAB-6814	liver	16 week post conception	97	50.0	tpm	58735
E-MTAB-6814	liver	16 week post conception	98	72.0	tpm	58735
E-MTAB-6814	liver	16 week post conception	99	131.0	tpm	58735
E-MTAB-6814	liver	16 week post conception	100	139105.0	tpm	58735
E-MTAB-6814	liver	18 week post conception	0	0.0	tpm	58735
E-MTAB-6814	liver	18 week post conception	1	0.0	tpm	58735
E-MTAB-6814	liver	18 week post conception	2	0.0	tpm	58735
E-MTAB-6814	liver	18 week post conception	3	0.0	tpm	58735
E-MTAB-6814	liver	18 week post conception	4	0.0	tpm	58735
E-MTAB-6814	liver	18 week post conception	5	0.0	tpm	58735
E-MTAB-6814	liver	18 week post conception	6	0.0	tpm	58735
E-MTAB-6814	liver	18 week post conception	7	0.0	tpm	58735
E-MTAB-6814	liver	18 week post conception	8	0.0	tpm	58735
E-MTAB-6814	liver	18 week post conception	9	0.0	tpm	58735
E-MTAB-6814	liver	18 week post conception	10	0.0	tpm	58735
E-MTAB-6814	liver	18 week post conception	11	0.0	tpm	58735
E-MTAB-6814	liver	18 week post conception	12	0.0	tpm	58735
E-MTAB-6814	liver	18 week post conception	13	0.0	tpm	58735
E-MTAB-6814	liver	18 week post conception	14	0.0	tpm	58735
E-MTAB-6814	liver	18 week post conception	15	0.0	tpm	58735
E-MTAB-6814	liver	18 week post conception	16	0.0	tpm	58735
E-MTAB-6814	liver	18 week post conception	17	0.0	tpm	58735
E-MTAB-6814	liver	18 week post conception	18	0.0	tpm	58735
E-MTAB-6814	liver	18 week post conception	19	0.0	tpm	58735
E-MTAB-6814	liver	18 week post conception	20	0.0	tpm	58735
E-MTAB-6814	liver	18 week post conception	21	0.0	tpm	58735
E-MTAB-6814	liver	18 week post conception	22	0.0	tpm	58735
E-MTAB-6814	liver	18 week post conception	23	0.0	tpm	58735
E-MTAB-6814	liver	18 week post conception	24	0.0	tpm	58735
E-MTAB-6814	liver	18 week post conception	25	0.0	tpm	58735
E-MTAB-6814	liver	18 week post conception	26	0.0	tpm	58735
E-MTAB-6814	liver	18 week post conception	27	0.0	tpm	58735
E-MTAB-6814	liver	18 week post conception	28	0.0	tpm	58735
E-MTAB-6814	liver	18 week post conception	29	0.0	tpm	58735
E-MTAB-6814	liver	18 week post conception	30	0.0	tpm	58735
E-MTAB-6814	liver	18 week post conception	31	0.0	tpm	58735
E-MTAB-6814	liver	18 week post conception	32	0.0	tpm	58735
E-MTAB-6814	liver	18 week post conception	33	0.0	tpm	58735
E-MTAB-6814	liver	18 week post conception	34	0.0	tpm	58735
E-MTAB-6814	liver	18 week post conception	35	0.0	tpm	58735
E-MTAB-6814	liver	18 week post conception	36	0.0	tpm	58735
E-MTAB-6814	liver	18 week post conception	37	0.0	tpm	58735
E-MTAB-6814	liver	18 week post conception	38	0.0	tpm	58735
E-MTAB-6814	liver	18 week post conception	39	0.0	tpm	58735
E-MTAB-6814	liver	18 week post conception	40	0.0	tpm	58735
E-MTAB-6814	liver	18 week post conception	41	0.0	tpm	58735
E-MTAB-6814	liver	18 week post conception	42	0.0	tpm	58735
E-MTAB-6814	liver	18 week post conception	43	0.0	tpm	58735
E-MTAB-6814	liver	18 week post conception	44	0.0	tpm	58735
E-MTAB-6814	liver	18 week post conception	45	0.0	tpm	58735
E-MTAB-6814	liver	18 week post conception	46	0.0	tpm	58735
E-MTAB-6814	liver	18 week post conception	47	0.0	tpm	58735
E-MTAB-6814	liver	18 week post conception	48	0.0	tpm	58735
E-MTAB-6814	liver	18 week post conception	49	0.0	tpm	58735
E-MTAB-6814	liver	18 week post conception	50	0.0	tpm	58735
E-MTAB-6814	liver	18 week post conception	51	0.0	tpm	58735
E-MTAB-6814	liver	18 week post conception	52	0.0	tpm	58735
E-MTAB-6814	liver	18 week post conception	53	0.0	tpm	58735
E-MTAB-6814	liver	18 week post conception	54	0.0	tpm	58735
E-MTAB-6814	liver	18 week post conception	55	0.0	tpm	58735
E-MTAB-6814	liver	18 week post conception	56	0.0	tpm	58735
E-MTAB-6814	liver	18 week post conception	57	0.0	tpm	58735
E-MTAB-6814	liver	18 week post conception	58	0.0	tpm	58735
E-MTAB-6814	liver	18 week post conception	59	0.0	tpm	58735
E-MTAB-6814	liver	18 week post conception	60	0.1	tpm	58735
E-MTAB-6814	liver	18 week post conception	61	0.1	tpm	58735
E-MTAB-6814	liver	18 week post conception	62	0.1	tpm	58735
E-MTAB-6814	liver	18 week post conception	63	0.2	tpm	58735
E-MTAB-6814	liver	18 week post conception	64	0.2	tpm	58735
E-MTAB-6814	liver	18 week post conception	65	0.3	tpm	58735
E-MTAB-6814	liver	18 week post conception	66	0.3	tpm	58735
E-MTAB-6814	liver	18 week post conception	67	0.4	tpm	58735
E-MTAB-6814	liver	18 week post conception	68	0.5	tpm	58735
E-MTAB-6814	liver	18 week post conception	69	0.5	tpm	58735
E-MTAB-6814	liver	18 week post conception	70	0.6	tpm	58735
E-MTAB-6814	liver	18 week post conception	71	0.7	tpm	58735
E-MTAB-6814	liver	18 week post conception	72	0.8	tpm	58735
E-MTAB-6814	liver	18 week post conception	73	1.0	tpm	58735
E-MTAB-6814	liver	18 week post conception	74	1.0	tpm	58735
E-MTAB-6814	liver	18 week post conception	75	1.0	tpm	58735
E-MTAB-6814	liver	18 week post conception	76	2.0	tpm	58735
E-MTAB-6814	liver	18 week post conception	77	2.0	tpm	58735
E-MTAB-6814	liver	18 week post conception	78	2.0	tpm	58735
E-MTAB-6814	liver	18 week post conception	79	3.0	tpm	58735
E-MTAB-6814	liver	18 week post conception	80	3.0	tpm	58735
E-MTAB-6814	liver	18 week post conception	81	4.0	tpm	58735
E-MTAB-6814	liver	18 week post conception	82	4.0	tpm	58735
E-MTAB-6814	liver	18 week post conception	83	5.0	tpm	58735
E-MTAB-6814	liver	18 week post conception	84	6.0	tpm	58735
E-MTAB-6814	liver	18 week post conception	85	7.0	tpm	58735
E-MTAB-6814	liver	18 week post conception	86	8.0	tpm	58735
E-MTAB-6814	liver	18 week post conception	87	9.0	tpm	58735
E-MTAB-6814	liver	18 week post conception	88	10.0	tpm	58735
E-MTAB-6814	liver	18 week post conception	89	12.0	tpm	58735
E-MTAB-6814	liver	18 week post conception	90	14.0	tpm	58735
E-MTAB-6814	liver	18 week post conception	91	16.0	tpm	58735
E-MTAB-6814	liver	18 week post conception	92	18.0	tpm	58735
E-MTAB-6814	liver	18 week post conception	93	21.0	tpm	58735
E-MTAB-6814	liver	18 week post conception	94	25.0	tpm	58735
E-MTAB-6814	liver	18 week post conception	95	30.0	tpm	58735
E-MTAB-6814	liver	18 week post conception	96	37.0	tpm	58735
E-MTAB-6814	liver	18 week post conception	97	49.0	tpm	58735
E-MTAB-6814	liver	18 week post conception	98	71.0	tpm	58735
E-MTAB-6814	liver	18 week post conception	99	133.0	tpm	58735
E-MTAB-6814	liver	18 week post conception	100	106887.0	tpm	58735
E-MTAB-6814	liver	19 week post conception	0	0.0	tpm	58735
E-MTAB-6814	liver	19 week post conception	1	0.0	tpm	58735
E-MTAB-6814	liver	19 week post conception	2	0.0	tpm	58735
E-MTAB-6814	liver	19 week post conception	3	0.0	tpm	58735
E-MTAB-6814	liver	19 week post conception	4	0.0	tpm	58735
E-MTAB-6814	liver	19 week post conception	5	0.0	tpm	58735
E-MTAB-6814	liver	19 week post conception	6	0.0	tpm	58735
E-MTAB-6814	liver	19 week post conception	7	0.0	tpm	58735
E-MTAB-6814	liver	19 week post conception	8	0.0	tpm	58735
E-MTAB-6814	liver	19 week post conception	9	0.0	tpm	58735
E-MTAB-6814	liver	19 week post conception	10	0.0	tpm	58735
E-MTAB-6814	liver	19 week post conception	11	0.0	tpm	58735
E-MTAB-6814	liver	19 week post conception	12	0.0	tpm	58735
E-MTAB-6814	liver	19 week post conception	13	0.0	tpm	58735
E-MTAB-6814	liver	19 week post conception	14	0.0	tpm	58735
E-MTAB-6814	liver	19 week post conception	15	0.0	tpm	58735
E-MTAB-6814	liver	19 week post conception	16	0.0	tpm	58735
E-MTAB-6814	liver	19 week post conception	17	0.0	tpm	58735
E-MTAB-6814	liver	19 week post conception	18	0.0	tpm	58735
E-MTAB-6814	liver	19 week post conception	19	0.0	tpm	58735
E-MTAB-6814	liver	19 week post conception	20	0.0	tpm	58735
E-MTAB-6814	liver	19 week post conception	21	0.0	tpm	58735
E-MTAB-6814	liver	19 week post conception	22	0.0	tpm	58735
E-MTAB-6814	liver	19 week post conception	23	0.0	tpm	58735
E-MTAB-6814	liver	19 week post conception	24	0.0	tpm	58735
E-MTAB-6814	liver	19 week post conception	25	0.0	tpm	58735
E-MTAB-6814	liver	19 week post conception	26	0.0	tpm	58735
E-MTAB-6814	liver	19 week post conception	27	0.0	tpm	58735
E-MTAB-6814	liver	19 week post conception	28	0.0	tpm	58735
E-MTAB-6814	liver	19 week post conception	29	0.0	tpm	58735
E-MTAB-6814	liver	19 week post conception	30	0.0	tpm	58735
E-MTAB-6814	liver	19 week post conception	31	0.0	tpm	58735
E-MTAB-6814	liver	19 week post conception	32	0.0	tpm	58735
E-MTAB-6814	liver	19 week post conception	33	0.0	tpm	58735
E-MTAB-6814	liver	19 week post conception	34	0.0	tpm	58735
E-MTAB-6814	liver	19 week post conception	35	0.0	tpm	58735
E-MTAB-6814	liver	19 week post conception	36	0.0	tpm	58735
E-MTAB-6814	liver	19 week post conception	37	0.0	tpm	58735
E-MTAB-6814	liver	19 week post conception	38	0.0	tpm	58735
E-MTAB-6814	liver	19 week post conception	39	0.0	tpm	58735
E-MTAB-6814	liver	19 week post conception	40	0.0	tpm	58735
E-MTAB-6814	liver	19 week post conception	41	0.0	tpm	58735
E-MTAB-6814	liver	19 week post conception	42	0.0	tpm	58735
E-MTAB-6814	liver	19 week post conception	43	0.0	tpm	58735
E-MTAB-6814	liver	19 week post conception	44	0.0	tpm	58735
E-MTAB-6814	liver	19 week post conception	45	0.0	tpm	58735
E-MTAB-6814	liver	19 week post conception	46	0.0	tpm	58735
E-MTAB-6814	liver	19 week post conception	47	0.0	tpm	58735
E-MTAB-6814	liver	19 week post conception	48	0.0	tpm	58735
E-MTAB-6814	liver	19 week post conception	49	0.0	tpm	58735
E-MTAB-6814	liver	19 week post conception	50	0.0	tpm	58735
E-MTAB-6814	liver	19 week post conception	51	0.0	tpm	58735
E-MTAB-6814	liver	19 week post conception	52	0.0	tpm	58735
E-MTAB-6814	liver	19 week post conception	53	0.0	tpm	58735
E-MTAB-6814	liver	19 week post conception	54	0.0	tpm	58735
E-MTAB-6814	liver	19 week post conception	55	0.0	tpm	58735
E-MTAB-6814	liver	19 week post conception	56	0.0	tpm	58735
E-MTAB-6814	liver	19 week post conception	57	0.1	tpm	58735
E-MTAB-6814	liver	19 week post conception	58	0.1	tpm	58735
E-MTAB-6814	liver	19 week post conception	59	0.1	tpm	58735
E-MTAB-6814	liver	19 week post conception	60	0.1	tpm	58735
E-MTAB-6814	liver	19 week post conception	61	0.1	tpm	58735
E-MTAB-6814	liver	19 week post conception	62	0.2	tpm	58735
E-MTAB-6814	liver	19 week post conception	63	0.2	tpm	58735
E-MTAB-6814	liver	19 week post conception	64	0.2	tpm	58735
E-MTAB-6814	liver	19 week post conception	65	0.3	tpm	58735
E-MTAB-6814	liver	19 week post conception	66	0.3	tpm	58735
E-MTAB-6814	liver	19 week post conception	67	0.3	tpm	58735
E-MTAB-6814	liver	19 week post conception	68	0.4	tpm	58735
E-MTAB-6814	liver	19 week post conception	69	0.5	tpm	58735
E-MTAB-6814	liver	19 week post conception	70	0.5	tpm	58735
E-MTAB-6814	liver	19 week post conception	71	0.6	tpm	58735
E-MTAB-6814	liver	19 week post conception	72	0.7	tpm	58735
E-MTAB-6814	liver	19 week post conception	73	0.8	tpm	58735
E-MTAB-6814	liver	19 week post conception	74	1.0	tpm	58735
E-MTAB-6814	liver	19 week post conception	75	1.0	tpm	58735
E-MTAB-6814	liver	19 week post conception	76	1.0	tpm	58735
E-MTAB-6814	liver	19 week post conception	77	2.0	tpm	58735
E-MTAB-6814	liver	19 week post conception	78	2.0	tpm	58735
E-MTAB-6814	liver	19 week post conception	79	2.0	tpm	58735
E-MTAB-6814	liver	19 week post conception	80	3.0	tpm	58735
E-MTAB-6814	liver	19 week post conception	81	3.0	tpm	58735
E-MTAB-6814	liver	19 week post conception	82	4.0	tpm	58735
E-MTAB-6814	liver	19 week post conception	83	4.0	tpm	58735
E-MTAB-6814	liver	19 week post conception	84	5.0	tpm	58735
E-MTAB-6814	liver	19 week post conception	85	6.0	tpm	58735
E-MTAB-6814	liver	19 week post conception	86	7.0	tpm	58735
E-MTAB-6814	liver	19 week post conception	87	8.0	tpm	58735
E-MTAB-6814	liver	19 week post conception	88	9.0	tpm	58735
E-MTAB-6814	liver	19 week post conception	89	10.0	tpm	58735
E-MTAB-6814	liver	19 week post conception	90	12.0	tpm	58735
E-MTAB-6814	liver	19 week post conception	91	14.0	tpm	58735
E-MTAB-6814	liver	19 week post conception	92	16.0	tpm	58735
E-MTAB-6814	liver	19 week post conception	93	19.0	tpm	58735
E-MTAB-6814	liver	19 week post conception	94	22.0	tpm	58735
E-MTAB-6814	liver	19 week post conception	95	27.0	tpm	58735
E-MTAB-6814	liver	19 week post conception	96	33.0	tpm	58735
E-MTAB-6814	liver	19 week post conception	97	44.0	tpm	58735
E-MTAB-6814	liver	19 week post conception	98	64.0	tpm	58735
E-MTAB-6814	liver	19 week post conception	99	115.0	tpm	58735
E-MTAB-6814	liver	19 week post conception	100	132767.0	tpm	58735
E-MTAB-6814	liver	4 week post conception	0	0.0	tpm	58735
E-MTAB-6814	liver	4 week post conception	1	0.0	tpm	58735
E-MTAB-6814	liver	4 week post conception	2	0.0	tpm	58735
E-MTAB-6814	liver	4 week post conception	3	0.0	tpm	58735
E-MTAB-6814	liver	4 week post conception	4	0.0	tpm	58735
E-MTAB-6814	liver	4 week post conception	5	0.0	tpm	58735
E-MTAB-6814	liver	4 week post conception	6	0.0	tpm	58735
E-MTAB-6814	liver	4 week post conception	7	0.0	tpm	58735
E-MTAB-6814	liver	4 week post conception	8	0.0	tpm	58735
E-MTAB-6814	liver	4 week post conception	9	0.0	tpm	58735
E-MTAB-6814	liver	4 week post conception	10	0.0	tpm	58735
E-MTAB-6814	liver	4 week post conception	11	0.0	tpm	58735
E-MTAB-6814	liver	4 week post conception	12	0.0	tpm	58735
E-MTAB-6814	liver	4 week post conception	13	0.0	tpm	58735
E-MTAB-6814	liver	4 week post conception	14	0.0	tpm	58735
E-MTAB-6814	liver	4 week post conception	15	0.0	tpm	58735
E-MTAB-6814	liver	4 week post conception	16	0.0	tpm	58735
E-MTAB-6814	liver	4 week post conception	17	0.0	tpm	58735
E-MTAB-6814	liver	4 week post conception	18	0.0	tpm	58735
E-MTAB-6814	liver	4 week post conception	19	0.0	tpm	58735
E-MTAB-6814	liver	4 week post conception	20	0.0	tpm	58735
E-MTAB-6814	liver	4 week post conception	21	0.0	tpm	58735
E-MTAB-6814	liver	4 week post conception	22	0.0	tpm	58735
E-MTAB-6814	liver	4 week post conception	23	0.0	tpm	58735
E-MTAB-6814	liver	4 week post conception	24	0.0	tpm	58735
E-MTAB-6814	liver	4 week post conception	25	0.0	tpm	58735
E-MTAB-6814	liver	4 week post conception	26	0.0	tpm	58735
E-MTAB-6814	liver	4 week post conception	27	0.0	tpm	58735
E-MTAB-6814	liver	4 week post conception	28	0.0	tpm	58735
E-MTAB-6814	liver	4 week post conception	29	0.0	tpm	58735
E-MTAB-6814	liver	4 week post conception	30	0.0	tpm	58735
E-MTAB-6814	liver	4 week post conception	31	0.0	tpm	58735
E-MTAB-6814	liver	4 week post conception	32	0.0	tpm	58735
E-MTAB-6814	liver	4 week post conception	33	0.0	tpm	58735
E-MTAB-6814	liver	4 week post conception	34	0.0	tpm	58735
E-MTAB-6814	liver	4 week post conception	35	0.0	tpm	58735
E-MTAB-6814	liver	4 week post conception	36	0.0	tpm	58735
E-MTAB-6814	liver	4 week post conception	37	0.0	tpm	58735
E-MTAB-6814	liver	4 week post conception	38	0.0	tpm	58735
E-MTAB-6814	liver	4 week post conception	39	0.0	tpm	58735
E-MTAB-6814	liver	4 week post conception	40	0.0	tpm	58735
E-MTAB-6814	liver	4 week post conception	41	0.0	tpm	58735
E-MTAB-6814	liver	4 week post conception	42	0.0	tpm	58735
E-MTAB-6814	liver	4 week post conception	43	0.0	tpm	58735
E-MTAB-6814	liver	4 week post conception	44	0.0	tpm	58735
E-MTAB-6814	liver	4 week post conception	45	0.0	tpm	58735
E-MTAB-6814	liver	4 week post conception	46	0.0	tpm	58735
E-MTAB-6814	liver	4 week post conception	47	0.0	tpm	58735
E-MTAB-6814	liver	4 week post conception	48	0.0	tpm	58735
E-MTAB-6814	liver	4 week post conception	49	0.0	tpm	58735
E-MTAB-6814	liver	4 week post conception	50	0.0	tpm	58735
E-MTAB-6814	liver	4 week post conception	51	0.0	tpm	58735
E-MTAB-6814	liver	4 week post conception	52	0.0	tpm	58735
E-MTAB-6814	liver	4 week post conception	53	0.1	tpm	58735
E-MTAB-6814	liver	4 week post conception	54	0.1	tpm	58735
E-MTAB-6814	liver	4 week post conception	55	0.1	tpm	58735
E-MTAB-6814	liver	4 week post conception	56	0.2	tpm	58735
E-MTAB-6814	liver	4 week post conception	57	0.2	tpm	58735
E-MTAB-6814	liver	4 week post conception	58	0.3	tpm	58735
E-MTAB-6814	liver	4 week post conception	59	0.3	tpm	58735
E-MTAB-6814	liver	4 week post conception	60	0.4	tpm	58735
E-MTAB-6814	liver	4 week post conception	61	0.4	tpm	58735
E-MTAB-6814	liver	4 week post conception	62	0.5	tpm	58735
E-MTAB-6814	liver	4 week post conception	63	0.6	tpm	58735
E-MTAB-6814	liver	4 week post conception	64	0.6	tpm	58735
E-MTAB-6814	liver	4 week post conception	65	0.7	tpm	58735
E-MTAB-6814	liver	4 week post conception	66	0.8	tpm	58735
E-MTAB-6814	liver	4 week post conception	67	0.9	tpm	58735
E-MTAB-6814	liver	4 week post conception	68	1.0	tpm	58735
E-MTAB-6814	liver	4 week post conception	69	1.0	tpm	58735
E-MTAB-6814	liver	4 week post conception	70	1.0	tpm	58735
E-MTAB-6814	liver	4 week post conception	71	2.0	tpm	58735
E-MTAB-6814	liver	4 week post conception	72	2.0	tpm	58735
E-MTAB-6814	liver	4 week post conception	73	2.0	tpm	58735
E-MTAB-6814	liver	4 week post conception	74	2.0	tpm	58735
E-MTAB-6814	liver	4 week post conception	75	3.0	tpm	58735
E-MTAB-6814	liver	4 week post conception	76	3.0	tpm	58735
E-MTAB-6814	liver	4 week post conception	77	4.0	tpm	58735
E-MTAB-6814	liver	4 week post conception	78	5.0	tpm	58735
E-MTAB-6814	liver	4 week post conception	79	5.0	tpm	58735
E-MTAB-6814	liver	4 week post conception	80	6.0	tpm	58735
E-MTAB-6814	liver	4 week post conception	81	7.0	tpm	58735
E-MTAB-6814	liver	4 week post conception	82	8.0	tpm	58735
E-MTAB-6814	liver	4 week post conception	83	10.0	tpm	58735
E-MTAB-6814	liver	4 week post conception	84	11.0	tpm	58735
E-MTAB-6814	liver	4 week post conception	85	13.0	tpm	58735
E-MTAB-6814	liver	4 week post conception	86	14.0	tpm	58735
E-MTAB-6814	liver	4 week post conception	87	16.0	tpm	58735
E-MTAB-6814	liver	4 week post conception	88	19.0	tpm	58735
E-MTAB-6814	liver	4 week post conception	89	21.0	tpm	58735
E-MTAB-6814	liver	4 week post conception	90	24.0	tpm	58735
E-MTAB-6814	liver	4 week post conception	91	27.0	tpm	58735
E-MTAB-6814	liver	4 week post conception	92	31.0	tpm	58735
E-MTAB-6814	liver	4 week post conception	93	35.0	tpm	58735
E-MTAB-6814	liver	4 week post conception	94	41.0	tpm	58735
E-MTAB-6814	liver	4 week post conception	95	48.0	tpm	58735
E-MTAB-6814	liver	4 week post conception	96	58.0	tpm	58735
E-MTAB-6814	liver	4 week post conception	97	74.0	tpm	58735
E-MTAB-6814	liver	4 week post conception	98	103.0	tpm	58735
E-MTAB-6814	liver	4 week post conception	99	177.66	tpm	58735
E-MTAB-6814	liver	4 week post conception	100	60688.0	tpm	58735
E-MTAB-6814	liver	5 week post conception	0	0.0	tpm	58735
E-MTAB-6814	liver	5 week post conception	1	0.0	tpm	58735
E-MTAB-6814	liver	5 week post conception	2	0.0	tpm	58735
E-MTAB-6814	liver	5 week post conception	3	0.0	tpm	58735
E-MTAB-6814	liver	5 week post conception	4	0.0	tpm	58735
E-MTAB-6814	liver	5 week post conception	5	0.0	tpm	58735
E-MTAB-6814	liver	5 week post conception	6	0.0	tpm	58735
E-MTAB-6814	liver	5 week post conception	7	0.0	tpm	58735
E-MTAB-6814	liver	5 week post conception	8	0.0	tpm	58735
E-MTAB-6814	liver	5 week post conception	9	0.0	tpm	58735
E-MTAB-6814	liver	5 week post conception	10	0.0	tpm	58735
E-MTAB-6814	liver	5 week post conception	11	0.0	tpm	58735
E-MTAB-6814	liver	5 week post conception	12	0.0	tpm	58735
E-MTAB-6814	liver	5 week post conception	13	0.0	tpm	58735
E-MTAB-6814	liver	5 week post conception	14	0.0	tpm	58735
E-MTAB-6814	liver	5 week post conception	15	0.0	tpm	58735
E-MTAB-6814	liver	5 week post conception	16	0.0	tpm	58735
E-MTAB-6814	liver	5 week post conception	17	0.0	tpm	58735
E-MTAB-6814	liver	5 week post conception	18	0.0	tpm	58735
E-MTAB-6814	liver	5 week post conception	19	0.0	tpm	58735
E-MTAB-6814	liver	5 week post conception	20	0.0	tpm	58735
E-MTAB-6814	liver	5 week post conception	21	0.0	tpm	58735
E-MTAB-6814	liver	5 week post conception	22	0.0	tpm	58735
E-MTAB-6814	liver	5 week post conception	23	0.0	tpm	58735
E-MTAB-6814	liver	5 week post conception	24	0.0	tpm	58735
E-MTAB-6814	liver	5 week post conception	25	0.0	tpm	58735
E-MTAB-6814	liver	5 week post conception	26	0.0	tpm	58735
E-MTAB-6814	liver	5 week post conception	27	0.0	tpm	58735
E-MTAB-6814	liver	5 week post conception	28	0.0	tpm	58735
E-MTAB-6814	liver	5 week post conception	29	0.0	tpm	58735
E-MTAB-6814	liver	5 week post conception	30	0.0	tpm	58735
E-MTAB-6814	liver	5 week post conception	31	0.0	tpm	58735
E-MTAB-6814	liver	5 week post conception	32	0.0	tpm	58735
E-MTAB-6814	liver	5 week post conception	33	0.0	tpm	58735
E-MTAB-6814	liver	5 week post conception	34	0.0	tpm	58735
E-MTAB-6814	liver	5 week post conception	35	0.0	tpm	58735
E-MTAB-6814	liver	5 week post conception	36	0.0	tpm	58735
E-MTAB-6814	liver	5 week post conception	37	0.0	tpm	58735
E-MTAB-6814	liver	5 week post conception	38	0.0	tpm	58735
E-MTAB-6814	liver	5 week post conception	39	0.0	tpm	58735
E-MTAB-6814	liver	5 week post conception	40	0.0	tpm	58735
E-MTAB-6814	liver	5 week post conception	41	0.0	tpm	58735
E-MTAB-6814	liver	5 week post conception	42	0.0	tpm	58735
E-MTAB-6814	liver	5 week post conception	43	0.0	tpm	58735
E-MTAB-6814	liver	5 week post conception	44	0.0	tpm	58735
E-MTAB-6814	liver	5 week post conception	45	0.0	tpm	58735
E-MTAB-6814	liver	5 week post conception	46	0.0	tpm	58735
E-MTAB-6814	liver	5 week post conception	47	0.0	tpm	58735
E-MTAB-6814	liver	5 week post conception	48	0.0	tpm	58735
E-MTAB-6814	liver	5 week post conception	49	0.0	tpm	58735
E-MTAB-6814	liver	5 week post conception	50	0.0	tpm	58735
E-MTAB-6814	liver	5 week post conception	51	0.1	tpm	58735
E-MTAB-6814	liver	5 week post conception	52	0.1	tpm	58735
E-MTAB-6814	liver	5 week post conception	53	0.1	tpm	58735
E-MTAB-6814	liver	5 week post conception	54	0.1	tpm	58735
E-MTAB-6814	liver	5 week post conception	55	0.1	tpm	58735
E-MTAB-6814	liver	5 week post conception	56	0.1	tpm	58735
E-MTAB-6814	liver	5 week post conception	57	0.2	tpm	58735
E-MTAB-6814	liver	5 week post conception	58	0.2	tpm	58735
E-MTAB-6814	liver	5 week post conception	59	0.2	tpm	58735
E-MTAB-6814	liver	5 week post conception	60	0.2	tpm	58735
E-MTAB-6814	liver	5 week post conception	61	0.3	tpm	58735
E-MTAB-6814	liver	5 week post conception	62	0.3	tpm	58735
E-MTAB-6814	liver	5 week post conception	63	0.3	tpm	58735
E-MTAB-6814	liver	5 week post conception	64	0.4	tpm	58735
E-MTAB-6814	liver	5 week post conception	65	0.4	tpm	58735
E-MTAB-6814	liver	5 week post conception	66	0.5	tpm	58735
E-MTAB-6814	liver	5 week post conception	67	0.6	tpm	58735
E-MTAB-6814	liver	5 week post conception	68	0.6	tpm	58735
E-MTAB-6814	liver	5 week post conception	69	0.7	tpm	58735
E-MTAB-6814	liver	5 week post conception	70	0.8	tpm	58735
E-MTAB-6814	liver	5 week post conception	71	0.9	tpm	58735
E-MTAB-6814	liver	5 week post conception	72	1.0	tpm	58735
E-MTAB-6814	liver	5 week post conception	73	1.0	tpm	58735
E-MTAB-6814	liver	5 week post conception	74	1.0	tpm	58735
E-MTAB-6814	liver	5 week post conception	75	2.0	tpm	58735
E-MTAB-6814	liver	5 week post conception	76	2.0	tpm	58735
E-MTAB-6814	liver	5 week post conception	77	2.0	tpm	58735
E-MTAB-6814	liver	5 week post conception	78	3.0	tpm	58735
E-MTAB-6814	liver	5 week post conception	79	3.0	tpm	58735
E-MTAB-6814	liver	5 week post conception	80	3.0	tpm	58735
E-MTAB-6814	liver	5 week post conception	81	4.0	tpm	58735
E-MTAB-6814	liver	5 week post conception	82	5.0	tpm	58735
E-MTAB-6814	liver	5 week post conception	83	5.0	tpm	58735
E-MTAB-6814	liver	5 week post conception	84	6.0	tpm	58735
E-MTAB-6814	liver	5 week post conception	85	7.0	tpm	58735
E-MTAB-6814	liver	5 week post conception	86	8.0	tpm	58735
E-MTAB-6814	liver	5 week post conception	87	9.0	tpm	58735
E-MTAB-6814	liver	5 week post conception	88	10.0	tpm	58735
E-MTAB-6814	liver	5 week post conception	89	12.0	tpm	58735
E-MTAB-6814	liver	5 week post conception	90	14.0	tpm	58735
E-MTAB-6814	liver	5 week post conception	91	16.0	tpm	58735
E-MTAB-6814	liver	5 week post conception	92	18.0	tpm	58735
E-MTAB-6814	liver	5 week post conception	93	21.0	tpm	58735
E-MTAB-6814	liver	5 week post conception	94	25.0	tpm	58735
E-MTAB-6814	liver	5 week post conception	95	30.0	tpm	58735
E-MTAB-6814	liver	5 week post conception	96	38.0	tpm	58735
E-MTAB-6814	liver	5 week post conception	97	50.0	tpm	58735
E-MTAB-6814	liver	5 week post conception	98	73.0	tpm	58735
E-MTAB-6814	liver	5 week post conception	99	141.0	tpm	58735
E-MTAB-6814	liver	5 week post conception	100	97956.0	tpm	58735
E-MTAB-6814	liver	6 week post conception	0	0.0	tpm	58735
E-MTAB-6814	liver	6 week post conception	1	0.0	tpm	58735
E-MTAB-6814	liver	6 week post conception	2	0.0	tpm	58735
E-MTAB-6814	liver	6 week post conception	3	0.0	tpm	58735
E-MTAB-6814	liver	6 week post conception	4	0.0	tpm	58735
E-MTAB-6814	liver	6 week post conception	5	0.0	tpm	58735
E-MTAB-6814	liver	6 week post conception	6	0.0	tpm	58735
E-MTAB-6814	liver	6 week post conception	7	0.0	tpm	58735
E-MTAB-6814	liver	6 week post conception	8	0.0	tpm	58735
E-MTAB-6814	liver	6 week post conception	9	0.0	tpm	58735
E-MTAB-6814	liver	6 week post conception	10	0.0	tpm	58735
E-MTAB-6814	liver	6 week post conception	11	0.0	tpm	58735
E-MTAB-6814	liver	6 week post conception	12	0.0	tpm	58735
E-MTAB-6814	liver	6 week post conception	13	0.0	tpm	58735
E-MTAB-6814	liver	6 week post conception	14	0.0	tpm	58735
E-MTAB-6814	liver	6 week post conception	15	0.0	tpm	58735
E-MTAB-6814	liver	6 week post conception	16	0.0	tpm	58735
E-MTAB-6814	liver	6 week post conception	17	0.0	tpm	58735
E-MTAB-6814	liver	6 week post conception	18	0.0	tpm	58735
E-MTAB-6814	liver	6 week post conception	19	0.0	tpm	58735
E-MTAB-6814	liver	6 week post conception	20	0.0	tpm	58735
E-MTAB-6814	liver	6 week post conception	21	0.0	tpm	58735
E-MTAB-6814	liver	6 week post conception	22	0.0	tpm	58735
E-MTAB-6814	liver	6 week post conception	23	0.0	tpm	58735
E-MTAB-6814	liver	6 week post conception	24	0.0	tpm	58735
E-MTAB-6814	liver	6 week post conception	25	0.0	tpm	58735
E-MTAB-6814	liver	6 week post conception	26	0.0	tpm	58735
E-MTAB-6814	liver	6 week post conception	27	0.0	tpm	58735
E-MTAB-6814	liver	6 week post conception	28	0.0	tpm	58735
E-MTAB-6814	liver	6 week post conception	29	0.0	tpm	58735
E-MTAB-6814	liver	6 week post conception	30	0.0	tpm	58735
E-MTAB-6814	liver	6 week post conception	31	0.0	tpm	58735
E-MTAB-6814	liver	6 week post conception	32	0.0	tpm	58735
E-MTAB-6814	liver	6 week post conception	33	0.0	tpm	58735
E-MTAB-6814	liver	6 week post conception	34	0.0	tpm	58735
E-MTAB-6814	liver	6 week post conception	35	0.0	tpm	58735
E-MTAB-6814	liver	6 week post conception	36	0.0	tpm	58735
E-MTAB-6814	liver	6 week post conception	37	0.0	tpm	58735
E-MTAB-6814	liver	6 week post conception	38	0.0	tpm	58735
E-MTAB-6814	liver	6 week post conception	39	0.0	tpm	58735
E-MTAB-6814	liver	6 week post conception	40	0.0	tpm	58735
E-MTAB-6814	liver	6 week post conception	41	0.0	tpm	58735
E-MTAB-6814	liver	6 week post conception	42	0.0	tpm	58735
E-MTAB-6814	liver	6 week post conception	43	0.0	tpm	58735
E-MTAB-6814	liver	6 week post conception	44	0.0	tpm	58735
E-MTAB-6814	liver	6 week post conception	45	0.0	tpm	58735
E-MTAB-6814	liver	6 week post conception	46	0.0	tpm	58735
E-MTAB-6814	liver	6 week post conception	47	0.0	tpm	58735
E-MTAB-6814	liver	6 week post conception	48	0.0	tpm	58735
E-MTAB-6814	liver	6 week post conception	49	0.0	tpm	58735
E-MTAB-6814	liver	6 week post conception	50	0.0	tpm	58735
E-MTAB-6814	liver	6 week post conception	51	0.0	tpm	58735
E-MTAB-6814	liver	6 week post conception	52	0.1	tpm	58735
E-MTAB-6814	liver	6 week post conception	53	0.1	tpm	58735
E-MTAB-6814	liver	6 week post conception	54	0.1	tpm	58735
E-MTAB-6814	liver	6 week post conception	55	0.1	tpm	58735
E-MTAB-6814	liver	6 week post conception	56	0.1	tpm	58735
E-MTAB-6814	liver	6 week post conception	57	0.1	tpm	58735
E-MTAB-6814	liver	6 week post conception	58	0.1	tpm	58735
E-MTAB-6814	liver	6 week post conception	59	0.2	tpm	58735
E-MTAB-6814	liver	6 week post conception	60	0.2	tpm	58735
E-MTAB-6814	liver	6 week post conception	61	0.2	tpm	58735
E-MTAB-6814	liver	6 week post conception	62	0.2	tpm	58735
E-MTAB-6814	liver	6 week post conception	63	0.3	tpm	58735
E-MTAB-6814	liver	6 week post conception	64	0.3	tpm	58735
E-MTAB-6814	liver	6 week post conception	65	0.4	tpm	58735
E-MTAB-6814	liver	6 week post conception	66	0.4	tpm	58735
E-MTAB-6814	liver	6 week post conception	67	0.5	tpm	58735
E-MTAB-6814	liver	6 week post conception	68	0.5	tpm	58735
E-MTAB-6814	liver	6 week post conception	69	0.6	tpm	58735
E-MTAB-6814	liver	6 week post conception	70	0.7	tpm	58735
E-MTAB-6814	liver	6 week post conception	71	0.8	tpm	58735
E-MTAB-6814	liver	6 week post conception	72	0.9	tpm	58735
E-MTAB-6814	liver	6 week post conception	73	1.0	tpm	58735
E-MTAB-6814	liver	6 week post conception	74	1.0	tpm	58735
E-MTAB-6814	liver	6 week post conception	75	2.0	tpm	58735
E-MTAB-6814	liver	6 week post conception	76	2.0	tpm	58735
E-MTAB-6814	liver	6 week post conception	77	2.0	tpm	58735
E-MTAB-6814	liver	6 week post conception	78	2.0	tpm	58735
E-MTAB-6814	liver	6 week post conception	79	3.0	tpm	58735
E-MTAB-6814	liver	6 week post conception	80	3.0	tpm	58735
E-MTAB-6814	liver	6 week post conception	81	4.0	tpm	58735
E-MTAB-6814	liver	6 week post conception	82	4.0	tpm	58735
E-MTAB-6814	liver	6 week post conception	83	5.0	tpm	58735
E-MTAB-6814	liver	6 week post conception	84	6.0	tpm	58735
E-MTAB-6814	liver	6 week post conception	85	7.0	tpm	58735
E-MTAB-6814	liver	6 week post conception	86	8.0	tpm	58735
E-MTAB-6814	liver	6 week post conception	87	9.0	tpm	58735
E-MTAB-6814	liver	6 week post conception	88	10.0	tpm	58735
E-MTAB-6814	liver	6 week post conception	89	11.0	tpm	58735
E-MTAB-6814	liver	6 week post conception	90	13.0	tpm	58735
E-MTAB-6814	liver	6 week post conception	91	15.0	tpm	58735
E-MTAB-6814	liver	6 week post conception	92	17.0	tpm	58735
E-MTAB-6814	liver	6 week post conception	93	20.0	tpm	58735
E-MTAB-6814	liver	6 week post conception	94	24.0	tpm	58735
E-MTAB-6814	liver	6 week post conception	95	29.0	tpm	58735
E-MTAB-6814	liver	6 week post conception	96	36.0	tpm	58735
E-MTAB-6814	liver	6 week post conception	97	47.0	tpm	58735
E-MTAB-6814	liver	6 week post conception	98	68.0	tpm	58735
E-MTAB-6814	liver	6 week post conception	99	125.0	tpm	58735
E-MTAB-6814	liver	6 week post conception	100	70578.0	tpm	58735
E-MTAB-6814	liver	7 week post conception	0	0.0	tpm	58735
E-MTAB-6814	liver	7 week post conception	1	0.0	tpm	58735
E-MTAB-6814	liver	7 week post conception	2	0.0	tpm	58735
E-MTAB-6814	liver	7 week post conception	3	0.0	tpm	58735
E-MTAB-6814	liver	7 week post conception	4	0.0	tpm	58735
E-MTAB-6814	liver	7 week post conception	5	0.0	tpm	58735
E-MTAB-6814	liver	7 week post conception	6	0.0	tpm	58735
E-MTAB-6814	liver	7 week post conception	7	0.0	tpm	58735
E-MTAB-6814	liver	7 week post conception	8	0.0	tpm	58735
E-MTAB-6814	liver	7 week post conception	9	0.0	tpm	58735
E-MTAB-6814	liver	7 week post conception	10	0.0	tpm	58735
E-MTAB-6814	liver	7 week post conception	11	0.0	tpm	58735
E-MTAB-6814	liver	7 week post conception	12	0.0	tpm	58735
E-MTAB-6814	liver	7 week post conception	13	0.0	tpm	58735
E-MTAB-6814	liver	7 week post conception	14	0.0	tpm	58735
E-MTAB-6814	liver	7 week post conception	15	0.0	tpm	58735
E-MTAB-6814	liver	7 week post conception	16	0.0	tpm	58735
E-MTAB-6814	liver	7 week post conception	17	0.0	tpm	58735
E-MTAB-6814	liver	7 week post conception	18	0.0	tpm	58735
E-MTAB-6814	liver	7 week post conception	19	0.0	tpm	58735
E-MTAB-6814	liver	7 week post conception	20	0.0	tpm	58735
E-MTAB-6814	liver	7 week post conception	21	0.0	tpm	58735
E-MTAB-6814	liver	7 week post conception	22	0.0	tpm	58735
E-MTAB-6814	liver	7 week post conception	23	0.0	tpm	58735
E-MTAB-6814	liver	7 week post conception	24	0.0	tpm	58735
E-MTAB-6814	liver	7 week post conception	25	0.0	tpm	58735
E-MTAB-6814	liver	7 week post conception	26	0.0	tpm	58735
E-MTAB-6814	liver	7 week post conception	27	0.0	tpm	58735
E-MTAB-6814	liver	7 week post conception	28	0.0	tpm	58735
E-MTAB-6814	liver	7 week post conception	29	0.0	tpm	58735
E-MTAB-6814	liver	7 week post conception	30	0.0	tpm	58735
E-MTAB-6814	liver	7 week post conception	31	0.0	tpm	58735
E-MTAB-6814	liver	7 week post conception	32	0.0	tpm	58735
E-MTAB-6814	liver	7 week post conception	33	0.0	tpm	58735
E-MTAB-6814	liver	7 week post conception	34	0.0	tpm	58735
E-MTAB-6814	liver	7 week post conception	35	0.0	tpm	58735
E-MTAB-6814	liver	7 week post conception	36	0.0	tpm	58735
E-MTAB-6814	liver	7 week post conception	37	0.0	tpm	58735
E-MTAB-6814	liver	7 week post conception	38	0.0	tpm	58735
E-MTAB-6814	liver	7 week post conception	39	0.0	tpm	58735
E-MTAB-6814	liver	7 week post conception	40	0.0	tpm	58735
E-MTAB-6814	liver	7 week post conception	41	0.0	tpm	58735
E-MTAB-6814	liver	7 week post conception	42	0.0	tpm	58735
E-MTAB-6814	liver	7 week post conception	43	0.0	tpm	58735
E-MTAB-6814	liver	7 week post conception	44	0.0	tpm	58735
E-MTAB-6814	liver	7 week post conception	45	0.0	tpm	58735
E-MTAB-6814	liver	7 week post conception	46	0.0	tpm	58735
E-MTAB-6814	liver	7 week post conception	47	0.0	tpm	58735
E-MTAB-6814	liver	7 week post conception	48	0.0	tpm	58735
E-MTAB-6814	liver	7 week post conception	49	0.0	tpm	58735
E-MTAB-6814	liver	7 week post conception	50	0.0	tpm	58735
E-MTAB-6814	liver	7 week post conception	51	0.0	tpm	58735
E-MTAB-6814	liver	7 week post conception	52	0.0	tpm	58735
E-MTAB-6814	liver	7 week post conception	53	0.1	tpm	58735
E-MTAB-6814	liver	7 week post conception	54	0.1	tpm	58735
E-MTAB-6814	liver	7 week post conception	55	0.1	tpm	58735
E-MTAB-6814	liver	7 week post conception	56	0.1	tpm	58735
E-MTAB-6814	liver	7 week post conception	57	0.1	tpm	58735
E-MTAB-6814	liver	7 week post conception	58	0.2	tpm	58735
E-MTAB-6814	liver	7 week post conception	59	0.2	tpm	58735
E-MTAB-6814	liver	7 week post conception	60	0.2	tpm	58735
E-MTAB-6814	liver	7 week post conception	61	0.2	tpm	58735
E-MTAB-6814	liver	7 week post conception	62	0.3	tpm	58735
E-MTAB-6814	liver	7 week post conception	63	0.3	tpm	58735
E-MTAB-6814	liver	7 week post conception	64	0.4	tpm	58735
E-MTAB-6814	liver	7 week post conception	65	0.4	tpm	58735
E-MTAB-6814	liver	7 week post conception	66	0.5	tpm	58735
E-MTAB-6814	liver	7 week post conception	67	0.5	tpm	58735
E-MTAB-6814	liver	7 week post conception	68	0.6	tpm	58735
E-MTAB-6814	liver	7 week post conception	69	0.7	tpm	58735
E-MTAB-6814	liver	7 week post conception	70	0.8	tpm	58735
E-MTAB-6814	liver	7 week post conception	71	1.0	tpm	58735
E-MTAB-6814	liver	7 week post conception	72	1.0	tpm	58735
E-MTAB-6814	liver	7 week post conception	73	1.0	tpm	58735
E-MTAB-6814	liver	7 week post conception	74	1.0	tpm	58735
E-MTAB-6814	liver	7 week post conception	75	2.0	tpm	58735
E-MTAB-6814	liver	7 week post conception	76	2.0	tpm	58735
E-MTAB-6814	liver	7 week post conception	77	2.0	tpm	58735
E-MTAB-6814	liver	7 week post conception	78	3.0	tpm	58735
E-MTAB-6814	liver	7 week post conception	79	3.0	tpm	58735
E-MTAB-6814	liver	7 week post conception	80	4.0	tpm	58735
E-MTAB-6814	liver	7 week post conception	81	4.0	tpm	58735
E-MTAB-6814	liver	7 week post conception	82	5.0	tpm	58735
E-MTAB-6814	liver	7 week post conception	83	6.0	tpm	58735
E-MTAB-6814	liver	7 week post conception	84	7.0	tpm	58735
E-MTAB-6814	liver	7 week post conception	85	8.0	tpm	58735
E-MTAB-6814	liver	7 week post conception	86	9.0	tpm	58735
E-MTAB-6814	liver	7 week post conception	87	11.0	tpm	58735
E-MTAB-6814	liver	7 week post conception	88	12.0	tpm	58735
E-MTAB-6814	liver	7 week post conception	89	14.0	tpm	58735
E-MTAB-6814	liver	7 week post conception	90	16.0	tpm	58735
E-MTAB-6814	liver	7 week post conception	91	19.0	tpm	58735
E-MTAB-6814	liver	7 week post conception	92	21.0	tpm	58735
E-MTAB-6814	liver	7 week post conception	93	25.0	tpm	58735
E-MTAB-6814	liver	7 week post conception	94	29.0	tpm	58735
E-MTAB-6814	liver	7 week post conception	95	34.0	tpm	58735
E-MTAB-6814	liver	7 week post conception	96	42.0	tpm	58735
E-MTAB-6814	liver	7 week post conception	97	54.0	tpm	58735
E-MTAB-6814	liver	7 week post conception	98	77.0	tpm	58735
E-MTAB-6814	liver	7 week post conception	99	138.0	tpm	58735
E-MTAB-6814	liver	7 week post conception	100	63688.0	tpm	58735
E-MTAB-6814	liver	8 week post conception	0	0.0	tpm	58735
E-MTAB-6814	liver	8 week post conception	1	0.0	tpm	58735
E-MTAB-6814	liver	8 week post conception	2	0.0	tpm	58735
E-MTAB-6814	liver	8 week post conception	3	0.0	tpm	58735
E-MTAB-6814	liver	8 week post conception	4	0.0	tpm	58735
E-MTAB-6814	liver	8 week post conception	5	0.0	tpm	58735
E-MTAB-6814	liver	8 week post conception	6	0.0	tpm	58735
E-MTAB-6814	liver	8 week post conception	7	0.0	tpm	58735
E-MTAB-6814	liver	8 week post conception	8	0.0	tpm	58735
E-MTAB-6814	liver	8 week post conception	9	0.0	tpm	58735
E-MTAB-6814	liver	8 week post conception	10	0.0	tpm	58735
E-MTAB-6814	liver	8 week post conception	11	0.0	tpm	58735
E-MTAB-6814	liver	8 week post conception	12	0.0	tpm	58735
E-MTAB-6814	liver	8 week post conception	13	0.0	tpm	58735
E-MTAB-6814	liver	8 week post conception	14	0.0	tpm	58735
E-MTAB-6814	liver	8 week post conception	15	0.0	tpm	58735
E-MTAB-6814	liver	8 week post conception	16	0.0	tpm	58735
E-MTAB-6814	liver	8 week post conception	17	0.0	tpm	58735
E-MTAB-6814	liver	8 week post conception	18	0.0	tpm	58735
E-MTAB-6814	liver	8 week post conception	19	0.0	tpm	58735
E-MTAB-6814	liver	8 week post conception	20	0.0	tpm	58735
E-MTAB-6814	liver	8 week post conception	21	0.0	tpm	58735
E-MTAB-6814	liver	8 week post conception	22	0.0	tpm	58735
E-MTAB-6814	liver	8 week post conception	23	0.0	tpm	58735
E-MTAB-6814	liver	8 week post conception	24	0.0	tpm	58735
E-MTAB-6814	liver	8 week post conception	25	0.0	tpm	58735
E-MTAB-6814	liver	8 week post conception	26	0.0	tpm	58735
E-MTAB-6814	liver	8 week post conception	27	0.0	tpm	58735
E-MTAB-6814	liver	8 week post conception	28	0.0	tpm	58735
E-MTAB-6814	liver	8 week post conception	29	0.0	tpm	58735
E-MTAB-6814	liver	8 week post conception	30	0.0	tpm	58735
E-MTAB-6814	liver	8 week post conception	31	0.0	tpm	58735
E-MTAB-6814	liver	8 week post conception	32	0.0	tpm	58735
E-MTAB-6814	liver	8 week post conception	33	0.0	tpm	58735
E-MTAB-6814	liver	8 week post conception	34	0.0	tpm	58735
E-MTAB-6814	liver	8 week post conception	35	0.0	tpm	58735
E-MTAB-6814	liver	8 week post conception	36	0.0	tpm	58735
E-MTAB-6814	liver	8 week post conception	37	0.0	tpm	58735
E-MTAB-6814	liver	8 week post conception	38	0.0	tpm	58735
E-MTAB-6814	liver	8 week post conception	39	0.0	tpm	58735
E-MTAB-6814	liver	8 week post conception	40	0.0	tpm	58735
E-MTAB-6814	liver	8 week post conception	41	0.0	tpm	58735
E-MTAB-6814	liver	8 week post conception	42	0.0	tpm	58735
E-MTAB-6814	liver	8 week post conception	43	0.0	tpm	58735
E-MTAB-6814	liver	8 week post conception	44	0.0	tpm	58735
E-MTAB-6814	liver	8 week post conception	45	0.0	tpm	58735
E-MTAB-6814	liver	8 week post conception	46	0.0	tpm	58735
E-MTAB-6814	liver	8 week post conception	47	0.0	tpm	58735
E-MTAB-6814	liver	8 week post conception	48	0.0	tpm	58735
E-MTAB-6814	liver	8 week post conception	49	0.0	tpm	58735
E-MTAB-6814	liver	8 week post conception	50	0.0	tpm	58735
E-MTAB-6814	liver	8 week post conception	51	0.0	tpm	58735
E-MTAB-6814	liver	8 week post conception	52	0.0	tpm	58735
E-MTAB-6814	liver	8 week post conception	53	0.0	tpm	58735
E-MTAB-6814	liver	8 week post conception	54	0.0	tpm	58735
E-MTAB-6814	liver	8 week post conception	55	0.0	tpm	58735
E-MTAB-6814	liver	8 week post conception	56	0.0	tpm	58735
E-MTAB-6814	liver	8 week post conception	57	0.1	tpm	58735
E-MTAB-6814	liver	8 week post conception	58	0.1	tpm	58735
E-MTAB-6814	liver	8 week post conception	59	0.1	tpm	58735
E-MTAB-6814	liver	8 week post conception	60	0.1	tpm	58735
E-MTAB-6814	liver	8 week post conception	61	0.1	tpm	58735
E-MTAB-6814	liver	8 week post conception	62	0.2	tpm	58735
E-MTAB-6814	liver	8 week post conception	63	0.2	tpm	58735
E-MTAB-6814	liver	8 week post conception	64	0.2	tpm	58735
E-MTAB-6814	liver	8 week post conception	65	0.3	tpm	58735
E-MTAB-6814	liver	8 week post conception	66	0.3	tpm	58735
E-MTAB-6814	liver	8 week post conception	67	0.4	tpm	58735
E-MTAB-6814	liver	8 week post conception	68	0.5	tpm	58735
E-MTAB-6814	liver	8 week post conception	69	0.5	tpm	58735
E-MTAB-6814	liver	8 week post conception	70	0.6	tpm	58735
E-MTAB-6814	liver	8 week post conception	71	0.7	tpm	58735
E-MTAB-6814	liver	8 week post conception	72	0.9	tpm	58735
E-MTAB-6814	liver	8 week post conception	73	1.0	tpm	58735
E-MTAB-6814	liver	8 week post conception	74	1.0	tpm	58735
E-MTAB-6814	liver	8 week post conception	75	1.0	tpm	58735
E-MTAB-6814	liver	8 week post conception	76	2.0	tpm	58735
E-MTAB-6814	liver	8 week post conception	77	2.0	tpm	58735
E-MTAB-6814	liver	8 week post conception	78	2.0	tpm	58735
E-MTAB-6814	liver	8 week post conception	79	3.0	tpm	58735
E-MTAB-6814	liver	8 week post conception	80	3.0	tpm	58735
E-MTAB-6814	liver	8 week post conception	81	4.0	tpm	58735
E-MTAB-6814	liver	8 week post conception	82	4.0	tpm	58735
E-MTAB-6814	liver	8 week post conception	83	5.0	tpm	58735
E-MTAB-6814	liver	8 week post conception	84	6.0	tpm	58735
E-MTAB-6814	liver	8 week post conception	85	6.0	tpm	58735
E-MTAB-6814	liver	8 week post conception	86	7.0	tpm	58735
E-MTAB-6814	liver	8 week post conception	87	8.0	tpm	58735
E-MTAB-6814	liver	8 week post conception	88	10.0	tpm	58735
E-MTAB-6814	liver	8 week post conception	89	11.0	tpm	58735
E-MTAB-6814	liver	8 week post conception	90	13.0	tpm	58735
E-MTAB-6814	liver	8 week post conception	91	15.0	tpm	58735
E-MTAB-6814	liver	8 week post conception	92	17.0	tpm	58735
E-MTAB-6814	liver	8 week post conception	93	20.0	tpm	58735
E-MTAB-6814	liver	8 week post conception	94	24.0	tpm	58735
E-MTAB-6814	liver	8 week post conception	95	28.0	tpm	58735
E-MTAB-6814	liver	8 week post conception	96	36.0	tpm	58735
E-MTAB-6814	liver	8 week post conception	97	47.0	tpm	58735
E-MTAB-6814	liver	8 week post conception	98	67.0	tpm	58735
E-MTAB-6814	liver	8 week post conception	99	127.0	tpm	58735
E-MTAB-6814	liver	8 week post conception	100	54969.0	tpm	58735
E-MTAB-6814	liver	9 week post conception	0	0.0	tpm	58735
E-MTAB-6814	liver	9 week post conception	1	0.0	tpm	58735
E-MTAB-6814	liver	9 week post conception	2	0.0	tpm	58735
E-MTAB-6814	liver	9 week post conception	3	0.0	tpm	58735
E-MTAB-6814	liver	9 week post conception	4	0.0	tpm	58735
E-MTAB-6814	liver	9 week post conception	5	0.0	tpm	58735
E-MTAB-6814	liver	9 week post conception	6	0.0	tpm	58735
E-MTAB-6814	liver	9 week post conception	7	0.0	tpm	58735
E-MTAB-6814	liver	9 week post conception	8	0.0	tpm	58735
E-MTAB-6814	liver	9 week post conception	9	0.0	tpm	58735
E-MTAB-6814	liver	9 week post conception	10	0.0	tpm	58735
E-MTAB-6814	liver	9 week post conception	11	0.0	tpm	58735
E-MTAB-6814	liver	9 week post conception	12	0.0	tpm	58735
E-MTAB-6814	liver	9 week post conception	13	0.0	tpm	58735
E-MTAB-6814	liver	9 week post conception	14	0.0	tpm	58735
E-MTAB-6814	liver	9 week post conception	15	0.0	tpm	58735
E-MTAB-6814	liver	9 week post conception	16	0.0	tpm	58735
E-MTAB-6814	liver	9 week post conception	17	0.0	tpm	58735
E-MTAB-6814	liver	9 week post conception	18	0.0	tpm	58735
E-MTAB-6814	liver	9 week post conception	19	0.0	tpm	58735
E-MTAB-6814	liver	9 week post conception	20	0.0	tpm	58735
E-MTAB-6814	liver	9 week post conception	21	0.0	tpm	58735
E-MTAB-6814	liver	9 week post conception	22	0.0	tpm	58735
E-MTAB-6814	liver	9 week post conception	23	0.0	tpm	58735
E-MTAB-6814	liver	9 week post conception	24	0.0	tpm	58735
E-MTAB-6814	liver	9 week post conception	25	0.0	tpm	58735
E-MTAB-6814	liver	9 week post conception	26	0.0	tpm	58735
E-MTAB-6814	liver	9 week post conception	27	0.0	tpm	58735
E-MTAB-6814	liver	9 week post conception	28	0.0	tpm	58735
E-MTAB-6814	liver	9 week post conception	29	0.0	tpm	58735
E-MTAB-6814	liver	9 week post conception	30	0.0	tpm	58735
E-MTAB-6814	liver	9 week post conception	31	0.0	tpm	58735
E-MTAB-6814	liver	9 week post conception	32	0.0	tpm	58735
E-MTAB-6814	liver	9 week post conception	33	0.0	tpm	58735
E-MTAB-6814	liver	9 week post conception	34	0.0	tpm	58735
E-MTAB-6814	liver	9 week post conception	35	0.0	tpm	58735
E-MTAB-6814	liver	9 week post conception	36	0.0	tpm	58735
E-MTAB-6814	liver	9 week post conception	37	0.0	tpm	58735
E-MTAB-6814	liver	9 week post conception	38	0.0	tpm	58735
E-MTAB-6814	liver	9 week post conception	39	0.0	tpm	58735
E-MTAB-6814	liver	9 week post conception	40	0.0	tpm	58735
E-MTAB-6814	liver	9 week post conception	41	0.0	tpm	58735
E-MTAB-6814	liver	9 week post conception	42	0.0	tpm	58735
E-MTAB-6814	liver	9 week post conception	43	0.0	tpm	58735
E-MTAB-6814	liver	9 week post conception	44	0.0	tpm	58735
E-MTAB-6814	liver	9 week post conception	45	0.0	tpm	58735
E-MTAB-6814	liver	9 week post conception	46	0.0	tpm	58735
E-MTAB-6814	liver	9 week post conception	47	0.0	tpm	58735
E-MTAB-6814	liver	9 week post conception	48	0.0	tpm	58735
E-MTAB-6814	liver	9 week post conception	49	0.0	tpm	58735
E-MTAB-6814	liver	9 week post conception	50	0.0	tpm	58735
E-MTAB-6814	liver	9 week post conception	51	0.0	tpm	58735
E-MTAB-6814	liver	9 week post conception	52	0.0	tpm	58735
E-MTAB-6814	liver	9 week post conception	53	0.0	tpm	58735
E-MTAB-6814	liver	9 week post conception	54	0.0	tpm	58735
E-MTAB-6814	liver	9 week post conception	55	0.0	tpm	58735
E-MTAB-6814	liver	9 week post conception	56	0.0	tpm	58735
E-MTAB-6814	liver	9 week post conception	57	0.0	tpm	58735
E-MTAB-6814	liver	9 week post conception	58	0.0	tpm	58735
E-MTAB-6814	liver	9 week post conception	59	0.0	tpm	58735
E-MTAB-6814	liver	9 week post conception	60	0.0	tpm	58735
E-MTAB-6814	liver	9 week post conception	61	0.1	tpm	58735
E-MTAB-6814	liver	9 week post conception	62	0.1	tpm	58735
E-MTAB-6814	liver	9 week post conception	63	0.1	tpm	58735
E-MTAB-6814	liver	9 week post conception	64	0.2	tpm	58735
E-MTAB-6814	liver	9 week post conception	65	0.2	tpm	58735
E-MTAB-6814	liver	9 week post conception	66	0.2	tpm	58735
E-MTAB-6814	liver	9 week post conception	67	0.3	tpm	58735
E-MTAB-6814	liver	9 week post conception	68	0.3	tpm	58735
E-MTAB-6814	liver	9 week post conception	69	0.4	tpm	58735
E-MTAB-6814	liver	9 week post conception	70	0.5	tpm	58735
E-MTAB-6814	liver	9 week post conception	71	0.6	tpm	58735
E-MTAB-6814	liver	9 week post conception	72	0.7	tpm	58735
E-MTAB-6814	liver	9 week post conception	73	0.8	tpm	58735
E-MTAB-6814	liver	9 week post conception	74	1.0	tpm	58735
E-MTAB-6814	liver	9 week post conception	75	1.0	tpm	58735
E-MTAB-6814	liver	9 week post conception	76	1.0	tpm	58735
E-MTAB-6814	liver	9 week post conception	77	2.0	tpm	58735
E-MTAB-6814	liver	9 week post conception	78	2.0	tpm	58735
E-MTAB-6814	liver	9 week post conception	79	2.0	tpm	58735
E-MTAB-6814	liver	9 week post conception	80	3.0	tpm	58735
E-MTAB-6814	liver	9 week post conception	81	3.0	tpm	58735
E-MTAB-6814	liver	9 week post conception	82	3.0	tpm	58735
E-MTAB-6814	liver	9 week post conception	83	4.0	tpm	58735
E-MTAB-6814	liver	9 week post conception	84	5.0	tpm	58735
E-MTAB-6814	liver	9 week post conception	85	5.0	tpm	58735
E-MTAB-6814	liver	9 week post conception	86	6.0	tpm	58735
E-MTAB-6814	liver	9 week post conception	87	7.0	tpm	58735
E-MTAB-6814	liver	9 week post conception	88	8.0	tpm	58735
E-MTAB-6814	liver	9 week post conception	89	9.0	tpm	58735
E-MTAB-6814	liver	9 week post conception	90	11.0	tpm	58735
E-MTAB-6814	liver	9 week post conception	91	13.0	tpm	58735
E-MTAB-6814	liver	9 week post conception	92	15.0	tpm	58735
E-MTAB-6814	liver	9 week post conception	93	18.0	tpm	58735
E-MTAB-6814	liver	9 week post conception	94	21.0	tpm	58735
E-MTAB-6814	liver	9 week post conception	95	26.0	tpm	58735
E-MTAB-6814	liver	9 week post conception	96	33.0	tpm	58735
E-MTAB-6814	liver	9 week post conception	97	44.0	tpm	58735
E-MTAB-6814	liver	9 week post conception	98	63.32	tpm	58735
E-MTAB-6814	liver	9 week post conception	99	128.0	tpm	58735
E-MTAB-6814	liver	9 week post conception	100	69033.0	tpm	58735
E-MTAB-6814	liver	adolescent	0	0.0	tpm	58735
E-MTAB-6814	liver	adolescent	1	0.0	tpm	58735
E-MTAB-6814	liver	adolescent	2	0.0	tpm	58735
E-MTAB-6814	liver	adolescent	3	0.0	tpm	58735
E-MTAB-6814	liver	adolescent	4	0.0	tpm	58735
E-MTAB-6814	liver	adolescent	5	0.0	tpm	58735
E-MTAB-6814	liver	adolescent	6	0.0	tpm	58735
E-MTAB-6814	liver	adolescent	7	0.0	tpm	58735
E-MTAB-6814	liver	adolescent	8	0.0	tpm	58735
E-MTAB-6814	liver	adolescent	9	0.0	tpm	58735
E-MTAB-6814	liver	adolescent	10	0.0	tpm	58735
E-MTAB-6814	liver	adolescent	11	0.0	tpm	58735
E-MTAB-6814	liver	adolescent	12	0.0	tpm	58735
E-MTAB-6814	liver	adolescent	13	0.0	tpm	58735
E-MTAB-6814	liver	adolescent	14	0.0	tpm	58735
E-MTAB-6814	liver	adolescent	15	0.0	tpm	58735
E-MTAB-6814	liver	adolescent	16	0.0	tpm	58735
E-MTAB-6814	liver	adolescent	17	0.0	tpm	58735
E-MTAB-6814	liver	adolescent	18	0.0	tpm	58735
E-MTAB-6814	liver	adolescent	19	0.0	tpm	58735
E-MTAB-6814	liver	adolescent	20	0.0	tpm	58735
E-MTAB-6814	liver	adolescent	21	0.0	tpm	58735
E-MTAB-6814	liver	adolescent	22	0.0	tpm	58735
E-MTAB-6814	liver	adolescent	23	0.0	tpm	58735
E-MTAB-6814	liver	adolescent	24	0.0	tpm	58735
E-MTAB-6814	liver	adolescent	25	0.0	tpm	58735
E-MTAB-6814	liver	adolescent	26	0.0	tpm	58735
E-MTAB-6814	liver	adolescent	27	0.0	tpm	58735
E-MTAB-6814	liver	adolescent	28	0.0	tpm	58735
E-MTAB-6814	liver	adolescent	29	0.0	tpm	58735
E-MTAB-6814	liver	adolescent	30	0.0	tpm	58735
E-MTAB-6814	liver	adolescent	31	0.0	tpm	58735
E-MTAB-6814	liver	adolescent	32	0.0	tpm	58735
E-MTAB-6814	liver	adolescent	33	0.0	tpm	58735
E-MTAB-6814	liver	adolescent	34	0.0	tpm	58735
E-MTAB-6814	liver	adolescent	35	0.0	tpm	58735
E-MTAB-6814	liver	adolescent	36	0.0	tpm	58735
E-MTAB-6814	liver	adolescent	37	0.0	tpm	58735
E-MTAB-6814	liver	adolescent	38	0.0	tpm	58735
E-MTAB-6814	liver	adolescent	39	0.0	tpm	58735
E-MTAB-6814	liver	adolescent	40	0.0	tpm	58735
E-MTAB-6814	liver	adolescent	41	0.0	tpm	58735
E-MTAB-6814	liver	adolescent	42	0.0	tpm	58735
E-MTAB-6814	liver	adolescent	43	0.0	tpm	58735
E-MTAB-6814	liver	adolescent	44	0.0	tpm	58735
E-MTAB-6814	liver	adolescent	45	0.0	tpm	58735
E-MTAB-6814	liver	adolescent	46	0.0	tpm	58735
E-MTAB-6814	liver	adolescent	47	0.0	tpm	58735
E-MTAB-6814	liver	adolescent	48	0.0	tpm	58735
E-MTAB-6814	liver	adolescent	49	0.0	tpm	58735
E-MTAB-6814	liver	adolescent	50	0.0	tpm	58735
E-MTAB-6814	liver	adolescent	51	0.0	tpm	58735
E-MTAB-6814	liver	adolescent	52	0.0	tpm	58735
E-MTAB-6814	liver	adolescent	53	0.0	tpm	58735
E-MTAB-6814	liver	adolescent	54	0.0	tpm	58735
E-MTAB-6814	liver	adolescent	55	0.0	tpm	58735
E-MTAB-6814	liver	adolescent	56	0.0	tpm	58735
E-MTAB-6814	liver	adolescent	57	0.0	tpm	58735
E-MTAB-6814	liver	adolescent	58	0.0	tpm	58735
E-MTAB-6814	liver	adolescent	59	0.0	tpm	58735
E-MTAB-6814	liver	adolescent	60	0.1	tpm	58735
E-MTAB-6814	liver	adolescent	61	0.1	tpm	58735
E-MTAB-6814	liver	adolescent	62	0.1	tpm	58735
E-MTAB-6814	liver	adolescent	63	0.1	tpm	58735
E-MTAB-6814	liver	adolescent	64	0.1	tpm	58735
E-MTAB-6814	liver	adolescent	65	0.1	tpm	58735
E-MTAB-6814	liver	adolescent	66	0.1	tpm	58735
E-MTAB-6814	liver	adolescent	67	0.2	tpm	58735
E-MTAB-6814	liver	adolescent	68	0.2	tpm	58735
E-MTAB-6814	liver	adolescent	69	0.2	tpm	58735
E-MTAB-6814	liver	adolescent	70	0.3	tpm	58735
E-MTAB-6814	liver	adolescent	71	0.3	tpm	58735
E-MTAB-6814	liver	adolescent	72	0.4	tpm	58735
E-MTAB-6814	liver	adolescent	73	0.4	tpm	58735
E-MTAB-6814	liver	adolescent	74	0.5	tpm	58735
E-MTAB-6814	liver	adolescent	75	0.5	tpm	58735
E-MTAB-6814	liver	adolescent	76	0.6	tpm	58735
E-MTAB-6814	liver	adolescent	77	0.7	tpm	58735
E-MTAB-6814	liver	adolescent	78	0.8	tpm	58735
E-MTAB-6814	liver	adolescent	79	1.0	tpm	58735
E-MTAB-6814	liver	adolescent	80	1.0	tpm	58735
E-MTAB-6814	liver	adolescent	81	1.0	tpm	58735
E-MTAB-6814	liver	adolescent	82	2.0	tpm	58735
E-MTAB-6814	liver	adolescent	83	2.0	tpm	58735
E-MTAB-6814	liver	adolescent	84	2.0	tpm	58735
E-MTAB-6814	liver	adolescent	85	2.0	tpm	58735
E-MTAB-6814	liver	adolescent	86	3.0	tpm	58735
E-MTAB-6814	liver	adolescent	87	3.0	tpm	58735
E-MTAB-6814	liver	adolescent	88	4.0	tpm	58735
E-MTAB-6814	liver	adolescent	89	4.0	tpm	58735
E-MTAB-6814	liver	adolescent	90	5.0	tpm	58735
E-MTAB-6814	liver	adolescent	91	6.0	tpm	58735
E-MTAB-6814	liver	adolescent	92	7.0	tpm	58735
E-MTAB-6814	liver	adolescent	93	8.0	tpm	58735
E-MTAB-6814	liver	adolescent	94	10.0	tpm	58735
E-MTAB-6814	liver	adolescent	95	12.0	tpm	58735
E-MTAB-6814	liver	adolescent	96	15.0	tpm	58735
E-MTAB-6814	liver	adolescent	97	21.0	tpm	58735
E-MTAB-6814	liver	adolescent	98	32.0	tpm	58735
E-MTAB-6814	liver	adolescent	99	71.0	tpm	58735
E-MTAB-6814	liver	adolescent	100	92501.0	tpm	58735
E-MTAB-6814	liver	elderly	0	0.0	tpm	58735
E-MTAB-6814	liver	elderly	1	0.0	tpm	58735
E-MTAB-6814	liver	elderly	2	0.0	tpm	58735
E-MTAB-6814	liver	elderly	3	0.0	tpm	58735
E-MTAB-6814	liver	elderly	4	0.0	tpm	58735
E-MTAB-6814	liver	elderly	5	0.0	tpm	58735
E-MTAB-6814	liver	elderly	6	0.0	tpm	58735
E-MTAB-6814	liver	elderly	7	0.0	tpm	58735
E-MTAB-6814	liver	elderly	8	0.0	tpm	58735
E-MTAB-6814	liver	elderly	9	0.0	tpm	58735
E-MTAB-6814	liver	elderly	10	0.0	tpm	58735
E-MTAB-6814	liver	elderly	11	0.0	tpm	58735
E-MTAB-6814	liver	elderly	12	0.0	tpm	58735
E-MTAB-6814	liver	elderly	13	0.0	tpm	58735
E-MTAB-6814	liver	elderly	14	0.0	tpm	58735
E-MTAB-6814	liver	elderly	15	0.0	tpm	58735
E-MTAB-6814	liver	elderly	16	0.0	tpm	58735
E-MTAB-6814	liver	elderly	17	0.0	tpm	58735
E-MTAB-6814	liver	elderly	18	0.0	tpm	58735
E-MTAB-6814	liver	elderly	19	0.0	tpm	58735
E-MTAB-6814	liver	elderly	20	0.0	tpm	58735
E-MTAB-6814	liver	elderly	21	0.0	tpm	58735
E-MTAB-6814	liver	elderly	22	0.0	tpm	58735
E-MTAB-6814	liver	elderly	23	0.0	tpm	58735
E-MTAB-6814	liver	elderly	24	0.0	tpm	58735
E-MTAB-6814	liver	elderly	25	0.0	tpm	58735
E-MTAB-6814	liver	elderly	26	0.0	tpm	58735
E-MTAB-6814	liver	elderly	27	0.0	tpm	58735
E-MTAB-6814	liver	elderly	28	0.0	tpm	58735
E-MTAB-6814	liver	elderly	29	0.0	tpm	58735
E-MTAB-6814	liver	elderly	30	0.0	tpm	58735
E-MTAB-6814	liver	elderly	31	0.0	tpm	58735
E-MTAB-6814	liver	elderly	32	0.0	tpm	58735
E-MTAB-6814	liver	elderly	33	0.0	tpm	58735
E-MTAB-6814	liver	elderly	34	0.0	tpm	58735
E-MTAB-6814	liver	elderly	35	0.0	tpm	58735
E-MTAB-6814	liver	elderly	36	0.0	tpm	58735
E-MTAB-6814	liver	elderly	37	0.0	tpm	58735
E-MTAB-6814	liver	elderly	38	0.0	tpm	58735
E-MTAB-6814	liver	elderly	39	0.0	tpm	58735
E-MTAB-6814	liver	elderly	40	0.0	tpm	58735
E-MTAB-6814	liver	elderly	41	0.0	tpm	58735
E-MTAB-6814	liver	elderly	42	0.0	tpm	58735
E-MTAB-6814	liver	elderly	43	0.0	tpm	58735
E-MTAB-6814	liver	elderly	44	0.0	tpm	58735
E-MTAB-6814	liver	elderly	45	0.0	tpm	58735
E-MTAB-6814	liver	elderly	46	0.0	tpm	58735
E-MTAB-6814	liver	elderly	47	0.0	tpm	58735
E-MTAB-6814	liver	elderly	48	0.0	tpm	58735
E-MTAB-6814	liver	elderly	49	0.0	tpm	58735
E-MTAB-6814	liver	elderly	50	0.0	tpm	58735
E-MTAB-6814	liver	elderly	51	0.0	tpm	58735
E-MTAB-6814	liver	elderly	52	0.0	tpm	58735
E-MTAB-6814	liver	elderly	53	0.0	tpm	58735
E-MTAB-6814	liver	elderly	54	0.1	tpm	58735
E-MTAB-6814	liver	elderly	55	0.1	tpm	58735
E-MTAB-6814	liver	elderly	56	0.1	tpm	58735
E-MTAB-6814	liver	elderly	57	0.1	tpm	58735
E-MTAB-6814	liver	elderly	58	0.1	tpm	58735
E-MTAB-6814	liver	elderly	59	0.1	tpm	58735
E-MTAB-6814	liver	elderly	60	0.1	tpm	58735
E-MTAB-6814	liver	elderly	61	0.1	tpm	58735
E-MTAB-6814	liver	elderly	62	0.1	tpm	58735
E-MTAB-6814	liver	elderly	63	0.2	tpm	58735
E-MTAB-6814	liver	elderly	64	0.2	tpm	58735
E-MTAB-6814	liver	elderly	65	0.2	tpm	58735
E-MTAB-6814	liver	elderly	66	0.2	tpm	58735
E-MTAB-6814	liver	elderly	67	0.3	tpm	58735
E-MTAB-6814	liver	elderly	68	0.3	tpm	58735
E-MTAB-6814	liver	elderly	69	0.4	tpm	58735
E-MTAB-6814	liver	elderly	70	0.4	tpm	58735
E-MTAB-6814	liver	elderly	71	0.5	tpm	58735
E-MTAB-6814	liver	elderly	72	0.5	tpm	58735
E-MTAB-6814	liver	elderly	73	0.6	tpm	58735
E-MTAB-6814	liver	elderly	74	0.7	tpm	58735
E-MTAB-6814	liver	elderly	75	0.8	tpm	58735
E-MTAB-6814	liver	elderly	76	0.9	tpm	58735
E-MTAB-6814	liver	elderly	77	1.0	tpm	58735
E-MTAB-6814	liver	elderly	78	1.0	tpm	58735
E-MTAB-6814	liver	elderly	79	1.0	tpm	58735
E-MTAB-6814	liver	elderly	80	2.0	tpm	58735
E-MTAB-6814	liver	elderly	81	2.0	tpm	58735
E-MTAB-6814	liver	elderly	82	2.0	tpm	58735
E-MTAB-6814	liver	elderly	83	2.0	tpm	58735
E-MTAB-6814	liver	elderly	84	2.0	tpm	58735
E-MTAB-6814	liver	elderly	85	3.0	tpm	58735
E-MTAB-6814	liver	elderly	86	3.0	tpm	58735
E-MTAB-6814	liver	elderly	87	4.0	tpm	58735
E-MTAB-6814	liver	elderly	88	4.0	tpm	58735
E-MTAB-6814	liver	elderly	89	5.0	tpm	58735
E-MTAB-6814	liver	elderly	90	5.0	tpm	58735
E-MTAB-6814	liver	elderly	91	6.0	tpm	58735
E-MTAB-6814	liver	elderly	92	7.0	tpm	58735
E-MTAB-6814	liver	elderly	93	8.0	tpm	58735
E-MTAB-6814	liver	elderly	94	10.0	tpm	58735
E-MTAB-6814	liver	elderly	95	12.0	tpm	58735
E-MTAB-6814	liver	elderly	96	15.0	tpm	58735
E-MTAB-6814	liver	elderly	97	20.0	tpm	58735
E-MTAB-6814	liver	elderly	98	30.0	tpm	58735
E-MTAB-6814	liver	elderly	99	62.0	tpm	58735
E-MTAB-6814	liver	elderly	100	109267.0	tpm	58735
E-MTAB-6814	liver	infant	0	0.0	tpm	58735
E-MTAB-6814	liver	infant	1	0.0	tpm	58735
E-MTAB-6814	liver	infant	2	0.0	tpm	58735
E-MTAB-6814	liver	infant	3	0.0	tpm	58735
E-MTAB-6814	liver	infant	4	0.0	tpm	58735
E-MTAB-6814	liver	infant	5	0.0	tpm	58735
E-MTAB-6814	liver	infant	6	0.0	tpm	58735
E-MTAB-6814	liver	infant	7	0.0	tpm	58735
E-MTAB-6814	liver	infant	8	0.0	tpm	58735
E-MTAB-6814	liver	infant	9	0.0	tpm	58735
E-MTAB-6814	liver	infant	10	0.0	tpm	58735
E-MTAB-6814	liver	infant	11	0.0	tpm	58735
E-MTAB-6814	liver	infant	12	0.0	tpm	58735
E-MTAB-6814	liver	infant	13	0.0	tpm	58735
E-MTAB-6814	liver	infant	14	0.0	tpm	58735
E-MTAB-6814	liver	infant	15	0.0	tpm	58735
E-MTAB-6814	liver	infant	16	0.0	tpm	58735
E-MTAB-6814	liver	infant	17	0.0	tpm	58735
E-MTAB-6814	liver	infant	18	0.0	tpm	58735
E-MTAB-6814	liver	infant	19	0.0	tpm	58735
E-MTAB-6814	liver	infant	20	0.0	tpm	58735
E-MTAB-6814	liver	infant	21	0.0	tpm	58735
E-MTAB-6814	liver	infant	22	0.0	tpm	58735
E-MTAB-6814	liver	infant	23	0.0	tpm	58735
E-MTAB-6814	liver	infant	24	0.0	tpm	58735
E-MTAB-6814	liver	infant	25	0.0	tpm	58735
E-MTAB-6814	liver	infant	26	0.0	tpm	58735
E-MTAB-6814	liver	infant	27	0.0	tpm	58735
E-MTAB-6814	liver	infant	28	0.0	tpm	58735
E-MTAB-6814	liver	infant	29	0.0	tpm	58735
E-MTAB-6814	liver	infant	30	0.0	tpm	58735
E-MTAB-6814	liver	infant	31	0.0	tpm	58735
E-MTAB-6814	liver	infant	32	0.0	tpm	58735
E-MTAB-6814	liver	infant	33	0.0	tpm	58735
E-MTAB-6814	liver	infant	34	0.0	tpm	58735
E-MTAB-6814	liver	infant	35	0.0	tpm	58735
E-MTAB-6814	liver	infant	36	0.0	tpm	58735
E-MTAB-6814	liver	infant	37	0.0	tpm	58735
E-MTAB-6814	liver	infant	38	0.0	tpm	58735
E-MTAB-6814	liver	infant	39	0.0	tpm	58735
E-MTAB-6814	liver	infant	40	0.0	tpm	58735
E-MTAB-6814	liver	infant	41	0.0	tpm	58735
E-MTAB-6814	liver	infant	42	0.0	tpm	58735
E-MTAB-6814	liver	infant	43	0.0	tpm	58735
E-MTAB-6814	liver	infant	44	0.0	tpm	58735
E-MTAB-6814	liver	infant	45	0.0	tpm	58735
E-MTAB-6814	liver	infant	46	0.0	tpm	58735
E-MTAB-6814	liver	infant	47	0.0	tpm	58735
E-MTAB-6814	liver	infant	48	0.0	tpm	58735
E-MTAB-6814	liver	infant	49	0.0	tpm	58735
E-MTAB-6814	liver	infant	50	0.0	tpm	58735
E-MTAB-6814	liver	infant	51	0.0	tpm	58735
E-MTAB-6814	liver	infant	52	0.0	tpm	58735
E-MTAB-6814	liver	infant	53	0.0	tpm	58735
E-MTAB-6814	liver	infant	54	0.0	tpm	58735
E-MTAB-6814	liver	infant	55	0.1	tpm	58735
E-MTAB-6814	liver	infant	56	0.1	tpm	58735
E-MTAB-6814	liver	infant	57	0.1	tpm	58735
E-MTAB-6814	liver	infant	58	0.1	tpm	58735
E-MTAB-6814	liver	infant	59	0.1	tpm	58735
E-MTAB-6814	liver	infant	60	0.1	tpm	58735
E-MTAB-6814	liver	infant	61	0.1	tpm	58735
E-MTAB-6814	liver	infant	62	0.2	tpm	58735
E-MTAB-6814	liver	infant	63	0.2	tpm	58735
E-MTAB-6814	liver	infant	64	0.2	tpm	58735
E-MTAB-6814	liver	infant	65	0.2	tpm	58735
E-MTAB-6814	liver	infant	66	0.3	tpm	58735
E-MTAB-6814	liver	infant	67	0.3	tpm	58735
E-MTAB-6814	liver	infant	68	0.4	tpm	58735
E-MTAB-6814	liver	infant	69	0.4	tpm	58735
E-MTAB-6814	liver	infant	70	0.5	tpm	58735
E-MTAB-6814	liver	infant	71	0.6	tpm	58735
E-MTAB-6814	liver	infant	72	0.6	tpm	58735
E-MTAB-6814	liver	infant	73	0.7	tpm	58735
E-MTAB-6814	liver	infant	74	0.9	tpm	58735
E-MTAB-6814	liver	infant	75	1.0	tpm	58735
E-MTAB-6814	liver	infant	76	1.0	tpm	58735
E-MTAB-6814	liver	infant	77	1.0	tpm	58735
E-MTAB-6814	liver	infant	78	2.0	tpm	58735
E-MTAB-6814	liver	infant	79	2.0	tpm	58735
E-MTAB-6814	liver	infant	80	2.0	tpm	58735
E-MTAB-6814	liver	infant	81	2.0	tpm	58735
E-MTAB-6814	liver	infant	82	3.0	tpm	58735
E-MTAB-6814	liver	infant	83	3.0	tpm	58735
E-MTAB-6814	liver	infant	84	4.0	tpm	58735
E-MTAB-6814	liver	infant	85	4.0	tpm	58735
E-MTAB-6814	liver	infant	86	5.0	tpm	58735
E-MTAB-6814	liver	infant	87	6.0	tpm	58735
E-MTAB-6814	liver	infant	88	6.0	tpm	58735
E-MTAB-6814	liver	infant	89	7.0	tpm	58735
E-MTAB-6814	liver	infant	90	9.0	tpm	58735
E-MTAB-6814	liver	infant	91	10.0	tpm	58735
E-MTAB-6814	liver	infant	92	12.0	tpm	58735
E-MTAB-6814	liver	infant	93	14.0	tpm	58735
E-MTAB-6814	liver	infant	94	17.0	tpm	58735
E-MTAB-6814	liver	infant	95	21.0	tpm	58735
E-MTAB-6814	liver	infant	96	27.0	tpm	58735
E-MTAB-6814	liver	infant	97	37.0	tpm	58735
E-MTAB-6814	liver	infant	98	59.0	tpm	58735
E-MTAB-6814	liver	infant	99	137.0	tpm	58735
E-MTAB-6814	liver	infant	100	63729.0	tpm	58735
E-MTAB-6814	liver	middle adult	0	0.0	tpm	58735
E-MTAB-6814	liver	middle adult	1	0.0	tpm	58735
E-MTAB-6814	liver	middle adult	2	0.0	tpm	58735
E-MTAB-6814	liver	middle adult	3	0.0	tpm	58735
E-MTAB-6814	liver	middle adult	4	0.0	tpm	58735
E-MTAB-6814	liver	middle adult	5	0.0	tpm	58735
E-MTAB-6814	liver	middle adult	6	0.0	tpm	58735
E-MTAB-6814	liver	middle adult	7	0.0	tpm	58735
E-MTAB-6814	liver	middle adult	8	0.0	tpm	58735
E-MTAB-6814	liver	middle adult	9	0.0	tpm	58735
E-MTAB-6814	liver	middle adult	10	0.0	tpm	58735
E-MTAB-6814	liver	middle adult	11	0.0	tpm	58735
E-MTAB-6814	liver	middle adult	12	0.0	tpm	58735
E-MTAB-6814	liver	middle adult	13	0.0	tpm	58735
E-MTAB-6814	liver	middle adult	14	0.0	tpm	58735
E-MTAB-6814	liver	middle adult	15	0.0	tpm	58735
E-MTAB-6814	liver	middle adult	16	0.0	tpm	58735
E-MTAB-6814	liver	middle adult	17	0.0	tpm	58735
E-MTAB-6814	liver	middle adult	18	0.0	tpm	58735
E-MTAB-6814	liver	middle adult	19	0.0	tpm	58735
E-MTAB-6814	liver	middle adult	20	0.0	tpm	58735
E-MTAB-6814	liver	middle adult	21	0.0	tpm	58735
E-MTAB-6814	liver	middle adult	22	0.0	tpm	58735
E-MTAB-6814	liver	middle adult	23	0.0	tpm	58735
E-MTAB-6814	liver	middle adult	24	0.0	tpm	58735
E-MTAB-6814	liver	middle adult	25	0.0	tpm	58735
E-MTAB-6814	liver	middle adult	26	0.0	tpm	58735
E-MTAB-6814	liver	middle adult	27	0.0	tpm	58735
E-MTAB-6814	liver	middle adult	28	0.0	tpm	58735
E-MTAB-6814	liver	middle adult	29	0.0	tpm	58735
E-MTAB-6814	liver	middle adult	30	0.0	tpm	58735
E-MTAB-6814	liver	middle adult	31	0.0	tpm	58735
E-MTAB-6814	liver	middle adult	32	0.0	tpm	58735
E-MTAB-6814	liver	middle adult	33	0.0	tpm	58735
E-MTAB-6814	liver	middle adult	34	0.0	tpm	58735
E-MTAB-6814	liver	middle adult	35	0.0	tpm	58735
E-MTAB-6814	liver	middle adult	36	0.0	tpm	58735
E-MTAB-6814	liver	middle adult	37	0.0	tpm	58735
E-MTAB-6814	liver	middle adult	38	0.0	tpm	58735
E-MTAB-6814	liver	middle adult	39	0.0	tpm	58735
E-MTAB-6814	liver	middle adult	40	0.0	tpm	58735
E-MTAB-6814	liver	middle adult	41	0.0	tpm	58735
E-MTAB-6814	liver	middle adult	42	0.0	tpm	58735
E-MTAB-6814	liver	middle adult	43	0.0	tpm	58735
E-MTAB-6814	liver	middle adult	44	0.0	tpm	58735
E-MTAB-6814	liver	middle adult	45	0.0	tpm	58735
E-MTAB-6814	liver	middle adult	46	0.0	tpm	58735
E-MTAB-6814	liver	middle adult	47	0.0	tpm	58735
E-MTAB-6814	liver	middle adult	48	0.0	tpm	58735
E-MTAB-6814	liver	middle adult	49	0.0	tpm	58735
E-MTAB-6814	liver	middle adult	50	0.0	tpm	58735
E-MTAB-6814	liver	middle adult	51	0.0	tpm	58735
E-MTAB-6814	liver	middle adult	52	0.0	tpm	58735
E-MTAB-6814	liver	middle adult	53	0.0	tpm	58735
E-MTAB-6814	liver	middle adult	54	0.0	tpm	58735
E-MTAB-6814	liver	middle adult	55	0.0	tpm	58735
E-MTAB-6814	liver	middle adult	56	0.0	tpm	58735
E-MTAB-6814	liver	middle adult	57	0.1	tpm	58735
E-MTAB-6814	liver	middle adult	58	0.1	tpm	58735
E-MTAB-6814	liver	middle adult	59	0.1	tpm	58735
E-MTAB-6814	liver	middle adult	60	0.1	tpm	58735
E-MTAB-6814	liver	middle adult	61	0.1	tpm	58735
E-MTAB-6814	liver	middle adult	62	0.1	tpm	58735
E-MTAB-6814	liver	middle adult	63	0.2	tpm	58735
E-MTAB-6814	liver	middle adult	64	0.2	tpm	58735
E-MTAB-6814	liver	middle adult	65	0.2	tpm	58735
E-MTAB-6814	liver	middle adult	66	0.2	tpm	58735
E-MTAB-6814	liver	middle adult	67	0.3	tpm	58735
E-MTAB-6814	liver	middle adult	68	0.3	tpm	58735
E-MTAB-6814	liver	middle adult	69	0.4	tpm	58735
E-MTAB-6814	liver	middle adult	70	0.4	tpm	58735
E-MTAB-6814	liver	middle adult	71	0.5	tpm	58735
E-MTAB-6814	liver	middle adult	72	0.5	tpm	58735
E-MTAB-6814	liver	middle adult	73	0.6	tpm	58735
E-MTAB-6814	liver	middle adult	74	0.7	tpm	58735
E-MTAB-6814	liver	middle adult	75	0.8	tpm	58735
E-MTAB-6814	liver	middle adult	76	0.9	tpm	58735
E-MTAB-6814	liver	middle adult	77	1.0	tpm	58735
E-MTAB-6814	liver	middle adult	78	1.0	tpm	58735
E-MTAB-6814	liver	middle adult	79	1.0	tpm	58735
E-MTAB-6814	liver	middle adult	80	2.0	tpm	58735
E-MTAB-6814	liver	middle adult	81	2.0	tpm	58735
E-MTAB-6814	liver	middle adult	82	2.0	tpm	58735
E-MTAB-6814	liver	middle adult	83	3.0	tpm	58735
E-MTAB-6814	liver	middle adult	84	3.0	tpm	58735
E-MTAB-6814	liver	middle adult	85	4.0	tpm	58735
E-MTAB-6814	liver	middle adult	86	4.0	tpm	58735
E-MTAB-6814	liver	middle adult	87	5.0	tpm	58735
E-MTAB-6814	liver	middle adult	88	5.0	tpm	58735
E-MTAB-6814	liver	middle adult	89	6.0	tpm	58735
E-MTAB-6814	liver	middle adult	90	7.0	tpm	58735
E-MTAB-6814	liver	middle adult	91	8.0	tpm	58735
E-MTAB-6814	liver	middle adult	92	10.0	tpm	58735
E-MTAB-6814	liver	middle adult	93	12.0	tpm	58735
E-MTAB-6814	liver	middle adult	94	14.0	tpm	58735
E-MTAB-6814	liver	middle adult	95	17.0	tpm	58735
E-MTAB-6814	liver	middle adult	96	22.0	tpm	58735
E-MTAB-6814	liver	middle adult	97	30.0	tpm	58735
E-MTAB-6814	liver	middle adult	98	44.32	tpm	58735
E-MTAB-6814	liver	middle adult	99	98.66	tpm	58735
E-MTAB-6814	liver	middle adult	100	85133.0	tpm	58735
E-MTAB-6814	liver	neonate	0	0.0	tpm	58735
E-MTAB-6814	liver	neonate	1	0.0	tpm	58735
E-MTAB-6814	liver	neonate	2	0.0	tpm	58735
E-MTAB-6814	liver	neonate	3	0.0	tpm	58735
E-MTAB-6814	liver	neonate	4	0.0	tpm	58735
E-MTAB-6814	liver	neonate	5	0.0	tpm	58735
E-MTAB-6814	liver	neonate	6	0.0	tpm	58735
E-MTAB-6814	liver	neonate	7	0.0	tpm	58735
E-MTAB-6814	liver	neonate	8	0.0	tpm	58735
E-MTAB-6814	liver	neonate	9	0.0	tpm	58735
E-MTAB-6814	liver	neonate	10	0.0	tpm	58735
E-MTAB-6814	liver	neonate	11	0.0	tpm	58735
E-MTAB-6814	liver	neonate	12	0.0	tpm	58735
E-MTAB-6814	liver	neonate	13	0.0	tpm	58735
E-MTAB-6814	liver	neonate	14	0.0	tpm	58735
E-MTAB-6814	liver	neonate	15	0.0	tpm	58735
E-MTAB-6814	liver	neonate	16	0.0	tpm	58735
E-MTAB-6814	liver	neonate	17	0.0	tpm	58735
E-MTAB-6814	liver	neonate	18	0.0	tpm	58735
E-MTAB-6814	liver	neonate	19	0.0	tpm	58735
E-MTAB-6814	liver	neonate	20	0.0	tpm	58735
E-MTAB-6814	liver	neonate	21	0.0	tpm	58735
E-MTAB-6814	liver	neonate	22	0.0	tpm	58735
E-MTAB-6814	liver	neonate	23	0.0	tpm	58735
E-MTAB-6814	liver	neonate	24	0.0	tpm	58735
E-MTAB-6814	liver	neonate	25	0.0	tpm	58735
E-MTAB-6814	liver	neonate	26	0.0	tpm	58735
E-MTAB-6814	liver	neonate	27	0.0	tpm	58735
E-MTAB-6814	liver	neonate	28	0.0	tpm	58735
E-MTAB-6814	liver	neonate	29	0.0	tpm	58735
E-MTAB-6814	liver	neonate	30	0.0	tpm	58735
E-MTAB-6814	liver	neonate	31	0.0	tpm	58735
E-MTAB-6814	liver	neonate	32	0.0	tpm	58735
E-MTAB-6814	liver	neonate	33	0.0	tpm	58735
E-MTAB-6814	liver	neonate	34	0.0	tpm	58735
E-MTAB-6814	liver	neonate	35	0.0	tpm	58735
E-MTAB-6814	liver	neonate	36	0.0	tpm	58735
E-MTAB-6814	liver	neonate	37	0.0	tpm	58735
E-MTAB-6814	liver	neonate	38	0.0	tpm	58735
E-MTAB-6814	liver	neonate	39	0.0	tpm	58735
E-MTAB-6814	liver	neonate	40	0.0	tpm	58735
E-MTAB-6814	liver	neonate	41	0.0	tpm	58735
E-MTAB-6814	liver	neonate	42	0.0	tpm	58735
E-MTAB-6814	liver	neonate	43	0.0	tpm	58735
E-MTAB-6814	liver	neonate	44	0.0	tpm	58735
E-MTAB-6814	liver	neonate	45	0.0	tpm	58735
E-MTAB-6814	liver	neonate	46	0.0	tpm	58735
E-MTAB-6814	liver	neonate	47	0.0	tpm	58735
E-MTAB-6814	liver	neonate	48	0.0	tpm	58735
E-MTAB-6814	liver	neonate	49	0.0	tpm	58735
E-MTAB-6814	liver	neonate	50	0.0	tpm	58735
E-MTAB-6814	liver	neonate	51	0.1	tpm	58735
E-MTAB-6814	liver	neonate	52	0.1	tpm	58735
E-MTAB-6814	liver	neonate	53	0.1	tpm	58735
E-MTAB-6814	liver	neonate	54	0.1	tpm	58735
E-MTAB-6814	liver	neonate	55	0.1	tpm	58735
E-MTAB-6814	liver	neonate	56	0.1	tpm	58735
E-MTAB-6814	liver	neonate	57	0.1	tpm	58735
E-MTAB-6814	liver	neonate	58	0.2	tpm	58735
E-MTAB-6814	liver	neonate	59	0.2	tpm	58735
E-MTAB-6814	liver	neonate	60	0.2	tpm	58735
E-MTAB-6814	liver	neonate	61	0.2	tpm	58735
E-MTAB-6814	liver	neonate	62	0.3	tpm	58735
E-MTAB-6814	liver	neonate	63	0.3	tpm	58735
E-MTAB-6814	liver	neonate	64	0.3	tpm	58735
E-MTAB-6814	liver	neonate	65	0.4	tpm	58735
E-MTAB-6814	liver	neonate	66	0.4	tpm	58735
E-MTAB-6814	liver	neonate	67	0.5	tpm	58735
E-MTAB-6814	liver	neonate	68	0.6	tpm	58735
E-MTAB-6814	liver	neonate	69	0.6	tpm	58735
E-MTAB-6814	liver	neonate	70	0.7	tpm	58735
E-MTAB-6814	liver	neonate	71	0.8	tpm	58735
E-MTAB-6814	liver	neonate	72	1.0	tpm	58735
E-MTAB-6814	liver	neonate	73	1.0	tpm	58735
E-MTAB-6814	liver	neonate	74	1.0	tpm	58735
E-MTAB-6814	liver	neonate	75	1.0	tpm	58735
E-MTAB-6814	liver	neonate	76	2.0	tpm	58735
E-MTAB-6814	liver	neonate	77	2.0	tpm	58735
E-MTAB-6814	liver	neonate	78	2.0	tpm	58735
E-MTAB-6814	liver	neonate	79	3.0	tpm	58735
E-MTAB-6814	liver	neonate	80	3.0	tpm	58735
E-MTAB-6814	liver	neonate	81	4.0	tpm	58735
E-MTAB-6814	liver	neonate	82	4.0	tpm	58735
E-MTAB-6814	liver	neonate	83	5.0	tpm	58735
E-MTAB-6814	liver	neonate	84	5.0	tpm	58735
E-MTAB-6814	liver	neonate	85	6.0	tpm	58735
E-MTAB-6814	liver	neonate	86	7.0	tpm	58735
E-MTAB-6814	liver	neonate	87	8.0	tpm	58735
E-MTAB-6814	liver	neonate	88	9.0	tpm	58735
E-MTAB-6814	liver	neonate	89	10.0	tpm	58735
E-MTAB-6814	liver	neonate	90	12.0	tpm	58735
E-MTAB-6814	liver	neonate	91	13.0	tpm	58735
E-MTAB-6814	liver	neonate	92	15.0	tpm	58735
E-MTAB-6814	liver	neonate	93	18.0	tpm	58735
E-MTAB-6814	liver	neonate	94	21.0	tpm	58735
E-MTAB-6814	liver	neonate	95	25.0	tpm	58735
E-MTAB-6814	liver	neonate	96	31.0	tpm	58735
E-MTAB-6814	liver	neonate	97	42.0	tpm	58735
E-MTAB-6814	liver	neonate	98	61.0	tpm	58735
E-MTAB-6814	liver	neonate	99	120.66	tpm	58735
E-MTAB-6814	liver	neonate	100	76554.0	tpm	58735
E-MTAB-6814	liver	school age child	0	0.0	tpm	58735
E-MTAB-6814	liver	school age child	1	0.0	tpm	58735
E-MTAB-6814	liver	school age child	2	0.0	tpm	58735
E-MTAB-6814	liver	school age child	3	0.0	tpm	58735
E-MTAB-6814	liver	school age child	4	0.0	tpm	58735
E-MTAB-6814	liver	school age child	5	0.0	tpm	58735
E-MTAB-6814	liver	school age child	6	0.0	tpm	58735
E-MTAB-6814	liver	school age child	7	0.0	tpm	58735
E-MTAB-6814	liver	school age child	8	0.0	tpm	58735
E-MTAB-6814	liver	school age child	9	0.0	tpm	58735
E-MTAB-6814	liver	school age child	10	0.0	tpm	58735
E-MTAB-6814	liver	school age child	11	0.0	tpm	58735
E-MTAB-6814	liver	school age child	12	0.0	tpm	58735
E-MTAB-6814	liver	school age child	13	0.0	tpm	58735
E-MTAB-6814	liver	school age child	14	0.0	tpm	58735
E-MTAB-6814	liver	school age child	15	0.0	tpm	58735
E-MTAB-6814	liver	school age child	16	0.0	tpm	58735
E-MTAB-6814	liver	school age child	17	0.0	tpm	58735
E-MTAB-6814	liver	school age child	18	0.0	tpm	58735
E-MTAB-6814	liver	school age child	19	0.0	tpm	58735
E-MTAB-6814	liver	school age child	20	0.0	tpm	58735
E-MTAB-6814	liver	school age child	21	0.0	tpm	58735
E-MTAB-6814	liver	school age child	22	0.0	tpm	58735
E-MTAB-6814	liver	school age child	23	0.0	tpm	58735
E-MTAB-6814	liver	school age child	24	0.0	tpm	58735
E-MTAB-6814	liver	school age child	25	0.0	tpm	58735
E-MTAB-6814	liver	school age child	26	0.0	tpm	58735
E-MTAB-6814	liver	school age child	27	0.0	tpm	58735
E-MTAB-6814	liver	school age child	28	0.0	tpm	58735
E-MTAB-6814	liver	school age child	29	0.0	tpm	58735
E-MTAB-6814	liver	school age child	30	0.0	tpm	58735
E-MTAB-6814	liver	school age child	31	0.0	tpm	58735
E-MTAB-6814	liver	school age child	32	0.0	tpm	58735
E-MTAB-6814	liver	school age child	33	0.0	tpm	58735
E-MTAB-6814	liver	school age child	34	0.0	tpm	58735
E-MTAB-6814	liver	school age child	35	0.0	tpm	58735
E-MTAB-6814	liver	school age child	36	0.0	tpm	58735
E-MTAB-6814	liver	school age child	37	0.0	tpm	58735
E-MTAB-6814	liver	school age child	38	0.0	tpm	58735
E-MTAB-6814	liver	school age child	39	0.0	tpm	58735
E-MTAB-6814	liver	school age child	40	0.0	tpm	58735
E-MTAB-6814	liver	school age child	41	0.0	tpm	58735
E-MTAB-6814	liver	school age child	42	0.0	tpm	58735
E-MTAB-6814	liver	school age child	43	0.0	tpm	58735
E-MTAB-6814	liver	school age child	44	0.0	tpm	58735
E-MTAB-6814	liver	school age child	45	0.0	tpm	58735
E-MTAB-6814	liver	school age child	46	0.0	tpm	58735
E-MTAB-6814	liver	school age child	47	0.0	tpm	58735
E-MTAB-6814	liver	school age child	48	0.0	tpm	58735
E-MTAB-6814	liver	school age child	49	0.0	tpm	58735
E-MTAB-6814	liver	school age child	50	0.0	tpm	58735
E-MTAB-6814	liver	school age child	51	0.0	tpm	58735
E-MTAB-6814	liver	school age child	52	0.0	tpm	58735
E-MTAB-6814	liver	school age child	53	0.0	tpm	58735
E-MTAB-6814	liver	school age child	54	0.0	tpm	58735
E-MTAB-6814	liver	school age child	55	0.0	tpm	58735
E-MTAB-6814	liver	school age child	56	0.0	tpm	58735
E-MTAB-6814	liver	school age child	57	0.0	tpm	58735
E-MTAB-6814	liver	school age child	58	0.1	tpm	58735
E-MTAB-6814	liver	school age child	59	0.1	tpm	58735
E-MTAB-6814	liver	school age child	60	0.1	tpm	58735
E-MTAB-6814	liver	school age child	61	0.1	tpm	58735
E-MTAB-6814	liver	school age child	62	0.1	tpm	58735
E-MTAB-6814	liver	school age child	63	0.2	tpm	58735
E-MTAB-6814	liver	school age child	64	0.2	tpm	58735
E-MTAB-6814	liver	school age child	65	0.2	tpm	58735
E-MTAB-6814	liver	school age child	66	0.2	tpm	58735
E-MTAB-6814	liver	school age child	67	0.3	tpm	58735
E-MTAB-6814	liver	school age child	68	0.3	tpm	58735
E-MTAB-6814	liver	school age child	69	0.4	tpm	58735
E-MTAB-6814	liver	school age child	70	0.4	tpm	58735
E-MTAB-6814	liver	school age child	71	0.5	tpm	58735
E-MTAB-6814	liver	school age child	72	0.6	tpm	58735
E-MTAB-6814	liver	school age child	73	0.7	tpm	58735
E-MTAB-6814	liver	school age child	74	0.8	tpm	58735
E-MTAB-6814	liver	school age child	75	0.9	tpm	58735
E-MTAB-6814	liver	school age child	76	1.0	tpm	58735
E-MTAB-6814	liver	school age child	77	1.0	tpm	58735
E-MTAB-6814	liver	school age child	78	1.0	tpm	58735
E-MTAB-6814	liver	school age child	79	2.0	tpm	58735
E-MTAB-6814	liver	school age child	80	2.0	tpm	58735
E-MTAB-6814	liver	school age child	81	2.0	tpm	58735
E-MTAB-6814	liver	school age child	82	2.0	tpm	58735
E-MTAB-6814	liver	school age child	83	3.0	tpm	58735
E-MTAB-6814	liver	school age child	84	3.0	tpm	58735
E-MTAB-6814	liver	school age child	85	4.0	tpm	58735
E-MTAB-6814	liver	school age child	86	4.0	tpm	58735
E-MTAB-6814	liver	school age child	87	5.0	tpm	58735
E-MTAB-6814	liver	school age child	88	6.0	tpm	58735
E-MTAB-6814	liver	school age child	89	6.0	tpm	58735
E-MTAB-6814	liver	school age child	90	7.0	tpm	58735
E-MTAB-6814	liver	school age child	91	9.0	tpm	58735
E-MTAB-6814	liver	school age child	92	10.0	tpm	58735
E-MTAB-6814	liver	school age child	93	12.0	tpm	58735
E-MTAB-6814	liver	school age child	94	14.0	tpm	58735
E-MTAB-6814	liver	school age child	95	17.0	tpm	58735
E-MTAB-6814	liver	school age child	96	22.0	tpm	58735
E-MTAB-6814	liver	school age child	97	30.0	tpm	58735
E-MTAB-6814	liver	school age child	98	47.0	tpm	58735
E-MTAB-6814	liver	school age child	99	98.0	tpm	58735
E-MTAB-6814	liver	school age child	100	73430.0	tpm	58735
E-MTAB-6814	liver	toddler	0	0.0	tpm	58735
E-MTAB-6814	liver	toddler	1	0.0	tpm	58735
E-MTAB-6814	liver	toddler	2	0.0	tpm	58735
E-MTAB-6814	liver	toddler	3	0.0	tpm	58735
E-MTAB-6814	liver	toddler	4	0.0	tpm	58735
E-MTAB-6814	liver	toddler	5	0.0	tpm	58735
E-MTAB-6814	liver	toddler	6	0.0	tpm	58735
E-MTAB-6814	liver	toddler	7	0.0	tpm	58735
E-MTAB-6814	liver	toddler	8	0.0	tpm	58735
E-MTAB-6814	liver	toddler	9	0.0	tpm	58735
E-MTAB-6814	liver	toddler	10	0.0	tpm	58735
E-MTAB-6814	liver	toddler	11	0.0	tpm	58735
E-MTAB-6814	liver	toddler	12	0.0	tpm	58735
E-MTAB-6814	liver	toddler	13	0.0	tpm	58735
E-MTAB-6814	liver	toddler	14	0.0	tpm	58735
E-MTAB-6814	liver	toddler	15	0.0	tpm	58735
E-MTAB-6814	liver	toddler	16	0.0	tpm	58735
E-MTAB-6814	liver	toddler	17	0.0	tpm	58735
E-MTAB-6814	liver	toddler	18	0.0	tpm	58735
E-MTAB-6814	liver	toddler	19	0.0	tpm	58735
E-MTAB-6814	liver	toddler	20	0.0	tpm	58735
E-MTAB-6814	liver	toddler	21	0.0	tpm	58735
E-MTAB-6814	liver	toddler	22	0.0	tpm	58735
E-MTAB-6814	liver	toddler	23	0.0	tpm	58735
E-MTAB-6814	liver	toddler	24	0.0	tpm	58735
E-MTAB-6814	liver	toddler	25	0.0	tpm	58735
E-MTAB-6814	liver	toddler	26	0.0	tpm	58735
E-MTAB-6814	liver	toddler	27	0.0	tpm	58735
E-MTAB-6814	liver	toddler	28	0.0	tpm	58735
E-MTAB-6814	liver	toddler	29	0.0	tpm	58735
E-MTAB-6814	liver	toddler	30	0.0	tpm	58735
E-MTAB-6814	liver	toddler	31	0.0	tpm	58735
E-MTAB-6814	liver	toddler	32	0.0	tpm	58735
E-MTAB-6814	liver	toddler	33	0.0	tpm	58735
E-MTAB-6814	liver	toddler	34	0.0	tpm	58735
E-MTAB-6814	liver	toddler	35	0.0	tpm	58735
E-MTAB-6814	liver	toddler	36	0.0	tpm	58735
E-MTAB-6814	liver	toddler	37	0.0	tpm	58735
E-MTAB-6814	liver	toddler	38	0.0	tpm	58735
E-MTAB-6814	liver	toddler	39	0.0	tpm	58735
E-MTAB-6814	liver	toddler	40	0.0	tpm	58735
E-MTAB-6814	liver	toddler	41	0.0	tpm	58735
E-MTAB-6814	liver	toddler	42	0.0	tpm	58735
E-MTAB-6814	liver	toddler	43	0.0	tpm	58735
E-MTAB-6814	liver	toddler	44	0.0	tpm	58735
E-MTAB-6814	liver	toddler	45	0.0	tpm	58735
E-MTAB-6814	liver	toddler	46	0.0	tpm	58735
E-MTAB-6814	liver	toddler	47	0.0	tpm	58735
E-MTAB-6814	liver	toddler	48	0.0	tpm	58735
E-MTAB-6814	liver	toddler	49	0.0	tpm	58735
E-MTAB-6814	liver	toddler	50	0.0	tpm	58735
E-MTAB-6814	liver	toddler	51	0.0	tpm	58735
E-MTAB-6814	liver	toddler	52	0.0	tpm	58735
E-MTAB-6814	liver	toddler	53	0.0	tpm	58735
E-MTAB-6814	liver	toddler	54	0.0	tpm	58735
E-MTAB-6814	liver	toddler	55	0.1	tpm	58735
E-MTAB-6814	liver	toddler	56	0.1	tpm	58735
E-MTAB-6814	liver	toddler	57	0.1	tpm	58735
E-MTAB-6814	liver	toddler	58	0.1	tpm	58735
E-MTAB-6814	liver	toddler	59	0.1	tpm	58735
E-MTAB-6814	liver	toddler	60	0.2	tpm	58735
E-MTAB-6814	liver	toddler	61	0.2	tpm	58735
E-MTAB-6814	liver	toddler	62	0.2	tpm	58735
E-MTAB-6814	liver	toddler	63	0.3	tpm	58735
E-MTAB-6814	liver	toddler	64	0.3	tpm	58735
E-MTAB-6814	liver	toddler	65	0.3	tpm	58735
E-MTAB-6814	liver	toddler	66	0.4	tpm	58735
E-MTAB-6814	liver	toddler	67	0.4	tpm	58735
E-MTAB-6814	liver	toddler	68	0.5	tpm	58735
E-MTAB-6814	liver	toddler	69	0.6	tpm	58735
E-MTAB-6814	liver	toddler	70	0.6	tpm	58735
E-MTAB-6814	liver	toddler	71	0.7	tpm	58735
E-MTAB-6814	liver	toddler	72	0.8	tpm	58735
E-MTAB-6814	liver	toddler	73	0.9	tpm	58735
E-MTAB-6814	liver	toddler	74	1.0	tpm	58735
E-MTAB-6814	liver	toddler	75	1.0	tpm	58735
E-MTAB-6814	liver	toddler	76	1.0	tpm	58735
E-MTAB-6814	liver	toddler	77	2.0	tpm	58735
E-MTAB-6814	liver	toddler	78	2.0	tpm	58735
E-MTAB-6814	liver	toddler	79	2.0	tpm	58735
E-MTAB-6814	liver	toddler	80	2.0	tpm	58735
E-MTAB-6814	liver	toddler	81	3.0	tpm	58735
E-MTAB-6814	liver	toddler	82	3.0	tpm	58735
E-MTAB-6814	liver	toddler	83	4.0	tpm	58735
E-MTAB-6814	liver	toddler	84	4.0	tpm	58735
E-MTAB-6814	liver	toddler	85	5.0	tpm	58735
E-MTAB-6814	liver	toddler	86	5.0	tpm	58735
E-MTAB-6814	liver	toddler	87	6.0	tpm	58735
E-MTAB-6814	liver	toddler	88	7.0	tpm	58735
E-MTAB-6814	liver	toddler	89	8.0	tpm	58735
E-MTAB-6814	liver	toddler	90	9.0	tpm	58735
E-MTAB-6814	liver	toddler	91	10.0	tpm	58735
E-MTAB-6814	liver	toddler	92	12.0	tpm	58735
E-MTAB-6814	liver	toddler	93	14.0	tpm	58735
E-MTAB-6814	liver	toddler	94	17.0	tpm	58735
E-MTAB-6814	liver	toddler	95	21.0	tpm	58735
E-MTAB-6814	liver	toddler	96	26.0	tpm	58735
E-MTAB-6814	liver	toddler	97	35.0	tpm	58735
E-MTAB-6814	liver	toddler	98	53.0	tpm	58735
E-MTAB-6814	liver	toddler	99	111.0	tpm	58735
E-MTAB-6814	liver	toddler	100	61687.0	tpm	58735
E-MTAB-6814	liver	young adult	0	0.0	tpm	58735
E-MTAB-6814	liver	young adult	1	0.0	tpm	58735
E-MTAB-6814	liver	young adult	2	0.0	tpm	58735
E-MTAB-6814	liver	young adult	3	0.0	tpm	58735
E-MTAB-6814	liver	young adult	4	0.0	tpm	58735
E-MTAB-6814	liver	young adult	5	0.0	tpm	58735
E-MTAB-6814	liver	young adult	6	0.0	tpm	58735
E-MTAB-6814	liver	young adult	7	0.0	tpm	58735
E-MTAB-6814	liver	young adult	8	0.0	tpm	58735
E-MTAB-6814	liver	young adult	9	0.0	tpm	58735
E-MTAB-6814	liver	young adult	10	0.0	tpm	58735
E-MTAB-6814	liver	young adult	11	0.0	tpm	58735
E-MTAB-6814	liver	young adult	12	0.0	tpm	58735
E-MTAB-6814	liver	young adult	13	0.0	tpm	58735
E-MTAB-6814	liver	young adult	14	0.0	tpm	58735
E-MTAB-6814	liver	young adult	15	0.0	tpm	58735
E-MTAB-6814	liver	young adult	16	0.0	tpm	58735
E-MTAB-6814	liver	young adult	17	0.0	tpm	58735
E-MTAB-6814	liver	young adult	18	0.0	tpm	58735
E-MTAB-6814	liver	young adult	19	0.0	tpm	58735
E-MTAB-6814	liver	young adult	20	0.0	tpm	58735
E-MTAB-6814	liver	young adult	21	0.0	tpm	58735
E-MTAB-6814	liver	young adult	22	0.0	tpm	58735
E-MTAB-6814	liver	young adult	23	0.0	tpm	58735
E-MTAB-6814	liver	young adult	24	0.0	tpm	58735
E-MTAB-6814	liver	young adult	25	0.0	tpm	58735
E-MTAB-6814	liver	young adult	26	0.0	tpm	58735
E-MTAB-6814	liver	young adult	27	0.0	tpm	58735
E-MTAB-6814	liver	young adult	28	0.0	tpm	58735
E-MTAB-6814	liver	young adult	29	0.0	tpm	58735
E-MTAB-6814	liver	young adult	30	0.0	tpm	58735
E-MTAB-6814	liver	young adult	31	0.0	tpm	58735
E-MTAB-6814	liver	young adult	32	0.0	tpm	58735
E-MTAB-6814	liver	young adult	33	0.0	tpm	58735
E-MTAB-6814	liver	young adult	34	0.0	tpm	58735
E-MTAB-6814	liver	young adult	35	0.0	tpm	58735
E-MTAB-6814	liver	young adult	36	0.0	tpm	58735
E-MTAB-6814	liver	young adult	37	0.0	tpm	58735
E-MTAB-6814	liver	young adult	38	0.0	tpm	58735
E-MTAB-6814	liver	young adult	39	0.0	tpm	58735
E-MTAB-6814	liver	young adult	40	0.0	tpm	58735
E-MTAB-6814	liver	young adult	41	0.0	tpm	58735
E-MTAB-6814	liver	young adult	42	0.0	tpm	58735
E-MTAB-6814	liver	young adult	43	0.0	tpm	58735
E-MTAB-6814	liver	young adult	44	0.0	tpm	58735
E-MTAB-6814	liver	young adult	45	0.0	tpm	58735
E-MTAB-6814	liver	young adult	46	0.0	tpm	58735
E-MTAB-6814	liver	young adult	47	0.0	tpm	58735
E-MTAB-6814	liver	young adult	48	0.0	tpm	58735
E-MTAB-6814	liver	young adult	49	0.0	tpm	58735
E-MTAB-6814	liver	young adult	50	0.0	tpm	58735
E-MTAB-6814	liver	young adult	51	0.0	tpm	58735
E-MTAB-6814	liver	young adult	52	0.0	tpm	58735
E-MTAB-6814	liver	young adult	53	0.0	tpm	58735
E-MTAB-6814	liver	young adult	54	0.0	tpm	58735
E-MTAB-6814	liver	young adult	55	0.0	tpm	58735
E-MTAB-6814	liver	young adult	56	0.0	tpm	58735
E-MTAB-6814	liver	young adult	57	0.1	tpm	58735
E-MTAB-6814	liver	young adult	58	0.1	tpm	58735
E-MTAB-6814	liver	young adult	59	0.1	tpm	58735
E-MTAB-6814	liver	young adult	60	0.1	tpm	58735
E-MTAB-6814	liver	young adult	61	0.1	tpm	58735
E-MTAB-6814	liver	young adult	62	0.1	tpm	58735
E-MTAB-6814	liver	young adult	63	0.2	tpm	58735
E-MTAB-6814	liver	young adult	64	0.2	tpm	58735
E-MTAB-6814	liver	young adult	65	0.2	tpm	58735
E-MTAB-6814	liver	young adult	66	0.3	tpm	58735
E-MTAB-6814	liver	young adult	67	0.3	tpm	58735
E-MTAB-6814	liver	young adult	68	0.3	tpm	58735
E-MTAB-6814	liver	young adult	69	0.4	tpm	58735
E-MTAB-6814	liver	young adult	70	0.4	tpm	58735
E-MTAB-6814	liver	young adult	71	0.5	tpm	58735
E-MTAB-6814	liver	young adult	72	0.6	tpm	58735
E-MTAB-6814	liver	young adult	73	0.7	tpm	58735
E-MTAB-6814	liver	young adult	74	0.8	tpm	58735
E-MTAB-6814	liver	young adult	75	0.9	tpm	58735
E-MTAB-6814	liver	young adult	76	1.0	tpm	58735
E-MTAB-6814	liver	young adult	77	1.0	tpm	58735
E-MTAB-6814	liver	young adult	78	1.0	tpm	58735
E-MTAB-6814	liver	young adult	79	2.0	tpm	58735
E-MTAB-6814	liver	young adult	80	2.0	tpm	58735
E-MTAB-6814	liver	young adult	81	2.0	tpm	58735
E-MTAB-6814	liver	young adult	82	3.0	tpm	58735
E-MTAB-6814	liver	young adult	83	3.0	tpm	58735
E-MTAB-6814	liver	young adult	84	3.0	tpm	58735
E-MTAB-6814	liver	young adult	85	4.0	tpm	58735
E-MTAB-6814	liver	young adult	86	4.0	tpm	58735
E-MTAB-6814	liver	young adult	87	5.0	tpm	58735
E-MTAB-6814	liver	young adult	88	6.0	tpm	58735
E-MTAB-6814	liver	young adult	89	7.0	tpm	58735
E-MTAB-6814	liver	young adult	90	8.0	tpm	58735
E-MTAB-6814	liver	young adult	91	9.0	tpm	58735
E-MTAB-6814	liver	young adult	92	10.0	tpm	58735
E-MTAB-6814	liver	young adult	93	12.0	tpm	58735
E-MTAB-6814	liver	young adult	94	14.0	tpm	58735
E-MTAB-6814	liver	young adult	95	18.0	tpm	58735
E-MTAB-6814	liver	young adult	96	23.0	tpm	58735
E-MTAB-6814	liver	young adult	97	30.0	tpm	58735
E-MTAB-6814	liver	young adult	98	46.0	tpm	58735
E-MTAB-6814	liver	young adult	99	101.0	tpm	58735
E-MTAB-6814	liver	young adult	100	65636.0	tpm	58735
E-MTAB-6814	ovary	10 week post conception	0	0.0	tpm	58735
E-MTAB-6814	ovary	10 week post conception	1	0.0	tpm	58735
E-MTAB-6814	ovary	10 week post conception	2	0.0	tpm	58735
E-MTAB-6814	ovary	10 week post conception	3	0.0	tpm	58735
E-MTAB-6814	ovary	10 week post conception	4	0.0	tpm	58735
E-MTAB-6814	ovary	10 week post conception	5	0.0	tpm	58735
E-MTAB-6814	ovary	10 week post conception	6	0.0	tpm	58735
E-MTAB-6814	ovary	10 week post conception	7	0.0	tpm	58735
E-MTAB-6814	ovary	10 week post conception	8	0.0	tpm	58735
E-MTAB-6814	ovary	10 week post conception	9	0.0	tpm	58735
E-MTAB-6814	ovary	10 week post conception	10	0.0	tpm	58735
E-MTAB-6814	ovary	10 week post conception	11	0.0	tpm	58735
E-MTAB-6814	ovary	10 week post conception	12	0.0	tpm	58735
E-MTAB-6814	ovary	10 week post conception	13	0.0	tpm	58735
E-MTAB-6814	ovary	10 week post conception	14	0.0	tpm	58735
E-MTAB-6814	ovary	10 week post conception	15	0.0	tpm	58735
E-MTAB-6814	ovary	10 week post conception	16	0.0	tpm	58735
E-MTAB-6814	ovary	10 week post conception	17	0.0	tpm	58735
E-MTAB-6814	ovary	10 week post conception	18	0.0	tpm	58735
E-MTAB-6814	ovary	10 week post conception	19	0.0	tpm	58735
E-MTAB-6814	ovary	10 week post conception	20	0.0	tpm	58735
E-MTAB-6814	ovary	10 week post conception	21	0.0	tpm	58735
E-MTAB-6814	ovary	10 week post conception	22	0.0	tpm	58735
E-MTAB-6814	ovary	10 week post conception	23	0.0	tpm	58735
E-MTAB-6814	ovary	10 week post conception	24	0.0	tpm	58735
E-MTAB-6814	ovary	10 week post conception	25	0.0	tpm	58735
E-MTAB-6814	ovary	10 week post conception	26	0.0	tpm	58735
E-MTAB-6814	ovary	10 week post conception	27	0.0	tpm	58735
E-MTAB-6814	ovary	10 week post conception	28	0.0	tpm	58735
E-MTAB-6814	ovary	10 week post conception	29	0.0	tpm	58735
E-MTAB-6814	ovary	10 week post conception	30	0.0	tpm	58735
E-MTAB-6814	ovary	10 week post conception	31	0.0	tpm	58735
E-MTAB-6814	ovary	10 week post conception	32	0.0	tpm	58735
E-MTAB-6814	ovary	10 week post conception	33	0.0	tpm	58735
E-MTAB-6814	ovary	10 week post conception	34	0.0	tpm	58735
E-MTAB-6814	ovary	10 week post conception	35	0.0	tpm	58735
E-MTAB-6814	ovary	10 week post conception	36	0.0	tpm	58735
E-MTAB-6814	ovary	10 week post conception	37	0.0	tpm	58735
E-MTAB-6814	ovary	10 week post conception	38	0.0	tpm	58735
E-MTAB-6814	ovary	10 week post conception	39	0.1	tpm	58735
E-MTAB-6814	ovary	10 week post conception	40	0.1	tpm	58735
E-MTAB-6814	ovary	10 week post conception	41	0.1	tpm	58735
E-MTAB-6814	ovary	10 week post conception	42	0.1	tpm	58735
E-MTAB-6814	ovary	10 week post conception	43	0.1	tpm	58735
E-MTAB-6814	ovary	10 week post conception	44	0.2	tpm	58735
E-MTAB-6814	ovary	10 week post conception	45	0.2	tpm	58735
E-MTAB-6814	ovary	10 week post conception	46	0.2	tpm	58735
E-MTAB-6814	ovary	10 week post conception	47	0.2	tpm	58735
E-MTAB-6814	ovary	10 week post conception	48	0.3	tpm	58735
E-MTAB-6814	ovary	10 week post conception	49	0.3	tpm	58735
E-MTAB-6814	ovary	10 week post conception	50	0.3	tpm	58735
E-MTAB-6814	ovary	10 week post conception	51	0.4	tpm	58735
E-MTAB-6814	ovary	10 week post conception	52	0.4	tpm	58735
E-MTAB-6814	ovary	10 week post conception	53	0.4	tpm	58735
E-MTAB-6814	ovary	10 week post conception	54	0.5	tpm	58735
E-MTAB-6814	ovary	10 week post conception	55	0.5	tpm	58735
E-MTAB-6814	ovary	10 week post conception	56	0.6	tpm	58735
E-MTAB-6814	ovary	10 week post conception	57	0.7	tpm	58735
E-MTAB-6814	ovary	10 week post conception	58	0.7	tpm	58735
E-MTAB-6814	ovary	10 week post conception	59	0.8	tpm	58735
E-MTAB-6814	ovary	10 week post conception	60	0.9	tpm	58735
E-MTAB-6814	ovary	10 week post conception	61	1.0	tpm	58735
E-MTAB-6814	ovary	10 week post conception	62	1.0	tpm	58735
E-MTAB-6814	ovary	10 week post conception	63	1.0	tpm	58735
E-MTAB-6814	ovary	10 week post conception	64	1.0	tpm	58735
E-MTAB-6814	ovary	10 week post conception	65	2.0	tpm	58735
E-MTAB-6814	ovary	10 week post conception	66	2.0	tpm	58735
E-MTAB-6814	ovary	10 week post conception	67	2.0	tpm	58735
E-MTAB-6814	ovary	10 week post conception	68	2.0	tpm	58735
E-MTAB-6814	ovary	10 week post conception	69	2.0	tpm	58735
E-MTAB-6814	ovary	10 week post conception	70	3.0	tpm	58735
E-MTAB-6814	ovary	10 week post conception	71	3.0	tpm	58735
E-MTAB-6814	ovary	10 week post conception	72	3.0	tpm	58735
E-MTAB-6814	ovary	10 week post conception	73	4.0	tpm	58735
E-MTAB-6814	ovary	10 week post conception	74	4.0	tpm	58735
E-MTAB-6814	ovary	10 week post conception	75	5.0	tpm	58735
E-MTAB-6814	ovary	10 week post conception	76	6.0	tpm	58735
E-MTAB-6814	ovary	10 week post conception	77	7.0	tpm	58735
E-MTAB-6814	ovary	10 week post conception	78	8.0	tpm	58735
E-MTAB-6814	ovary	10 week post conception	79	9.0	tpm	58735
E-MTAB-6814	ovary	10 week post conception	80	10.0	tpm	58735
E-MTAB-6814	ovary	10 week post conception	81	12.0	tpm	58735
E-MTAB-6814	ovary	10 week post conception	82	13.0	tpm	58735
E-MTAB-6814	ovary	10 week post conception	83	15.0	tpm	58735
E-MTAB-6814	ovary	10 week post conception	84	17.0	tpm	58735
E-MTAB-6814	ovary	10 week post conception	85	20.0	tpm	58735
E-MTAB-6814	ovary	10 week post conception	86	22.0	tpm	58735
E-MTAB-6814	ovary	10 week post conception	87	25.0	tpm	58735
E-MTAB-6814	ovary	10 week post conception	88	28.0	tpm	58735
E-MTAB-6814	ovary	10 week post conception	89	32.0	tpm	58735
E-MTAB-6814	ovary	10 week post conception	90	36.0	tpm	58735
E-MTAB-6814	ovary	10 week post conception	91	40.0	tpm	58735
E-MTAB-6814	ovary	10 week post conception	92	46.0	tpm	58735
E-MTAB-6814	ovary	10 week post conception	93	52.0	tpm	58735
E-MTAB-6814	ovary	10 week post conception	94	60.0	tpm	58735
E-MTAB-6814	ovary	10 week post conception	95	70.0	tpm	58735
E-MTAB-6814	ovary	10 week post conception	96	82.0	tpm	58735
E-MTAB-6814	ovary	10 week post conception	97	100.0	tpm	58735
E-MTAB-6814	ovary	10 week post conception	98	136.0	tpm	58735
E-MTAB-6814	ovary	10 week post conception	99	213.66	tpm	58735
E-MTAB-6814	ovary	10 week post conception	100	18383.0	tpm	58735
E-MTAB-6814	ovary	11 week post conception	0	0.0	tpm	58735
E-MTAB-6814	ovary	11 week post conception	1	0.0	tpm	58735
E-MTAB-6814	ovary	11 week post conception	2	0.0	tpm	58735
E-MTAB-6814	ovary	11 week post conception	3	0.0	tpm	58735
E-MTAB-6814	ovary	11 week post conception	4	0.0	tpm	58735
E-MTAB-6814	ovary	11 week post conception	5	0.0	tpm	58735
E-MTAB-6814	ovary	11 week post conception	6	0.0	tpm	58735
E-MTAB-6814	ovary	11 week post conception	7	0.0	tpm	58735
E-MTAB-6814	ovary	11 week post conception	8	0.0	tpm	58735
E-MTAB-6814	ovary	11 week post conception	9	0.0	tpm	58735
E-MTAB-6814	ovary	11 week post conception	10	0.0	tpm	58735
E-MTAB-6814	ovary	11 week post conception	11	0.0	tpm	58735
E-MTAB-6814	ovary	11 week post conception	12	0.0	tpm	58735
E-MTAB-6814	ovary	11 week post conception	13	0.0	tpm	58735
E-MTAB-6814	ovary	11 week post conception	14	0.0	tpm	58735
E-MTAB-6814	ovary	11 week post conception	15	0.0	tpm	58735
E-MTAB-6814	ovary	11 week post conception	16	0.0	tpm	58735
E-MTAB-6814	ovary	11 week post conception	17	0.0	tpm	58735
E-MTAB-6814	ovary	11 week post conception	18	0.0	tpm	58735
E-MTAB-6814	ovary	11 week post conception	19	0.0	tpm	58735
E-MTAB-6814	ovary	11 week post conception	20	0.0	tpm	58735
E-MTAB-6814	ovary	11 week post conception	21	0.0	tpm	58735
E-MTAB-6814	ovary	11 week post conception	22	0.0	tpm	58735
E-MTAB-6814	ovary	11 week post conception	23	0.0	tpm	58735
E-MTAB-6814	ovary	11 week post conception	24	0.0	tpm	58735
E-MTAB-6814	ovary	11 week post conception	25	0.0	tpm	58735
E-MTAB-6814	ovary	11 week post conception	26	0.0	tpm	58735
E-MTAB-6814	ovary	11 week post conception	27	0.0	tpm	58735
E-MTAB-6814	ovary	11 week post conception	28	0.0	tpm	58735
E-MTAB-6814	ovary	11 week post conception	29	0.0	tpm	58735
E-MTAB-6814	ovary	11 week post conception	30	0.0	tpm	58735
E-MTAB-6814	ovary	11 week post conception	31	0.0	tpm	58735
E-MTAB-6814	ovary	11 week post conception	32	0.0	tpm	58735
E-MTAB-6814	ovary	11 week post conception	33	0.0	tpm	58735
E-MTAB-6814	ovary	11 week post conception	34	0.0	tpm	58735
E-MTAB-6814	ovary	11 week post conception	35	0.0	tpm	58735
E-MTAB-6814	ovary	11 week post conception	36	0.0	tpm	58735
E-MTAB-6814	ovary	11 week post conception	37	0.0	tpm	58735
E-MTAB-6814	ovary	11 week post conception	38	0.0	tpm	58735
E-MTAB-6814	ovary	11 week post conception	39	0.0	tpm	58735
E-MTAB-6814	ovary	11 week post conception	40	0.0	tpm	58735
E-MTAB-6814	ovary	11 week post conception	41	0.0	tpm	58735
E-MTAB-6814	ovary	11 week post conception	42	0.0	tpm	58735
E-MTAB-6814	ovary	11 week post conception	43	0.0	tpm	58735
E-MTAB-6814	ovary	11 week post conception	44	0.1	tpm	58735
E-MTAB-6814	ovary	11 week post conception	45	0.1	tpm	58735
E-MTAB-6814	ovary	11 week post conception	46	0.1	tpm	58735
E-MTAB-6814	ovary	11 week post conception	47	0.2	tpm	58735
E-MTAB-6814	ovary	11 week post conception	48	0.2	tpm	58735
E-MTAB-6814	ovary	11 week post conception	49	0.2	tpm	58735
E-MTAB-6814	ovary	11 week post conception	50	0.3	tpm	58735
E-MTAB-6814	ovary	11 week post conception	51	0.3	tpm	58735
E-MTAB-6814	ovary	11 week post conception	52	0.3	tpm	58735
E-MTAB-6814	ovary	11 week post conception	53	0.4	tpm	58735
E-MTAB-6814	ovary	11 week post conception	54	0.4	tpm	58735
E-MTAB-6814	ovary	11 week post conception	55	0.5	tpm	58735
E-MTAB-6814	ovary	11 week post conception	56	0.5	tpm	58735
E-MTAB-6814	ovary	11 week post conception	57	0.6	tpm	58735
E-MTAB-6814	ovary	11 week post conception	58	0.6	tpm	58735
E-MTAB-6814	ovary	11 week post conception	59	0.7	tpm	58735
E-MTAB-6814	ovary	11 week post conception	60	0.8	tpm	58735
E-MTAB-6814	ovary	11 week post conception	61	0.9	tpm	58735
E-MTAB-6814	ovary	11 week post conception	62	1.0	tpm	58735
E-MTAB-6814	ovary	11 week post conception	63	1.0	tpm	58735
E-MTAB-6814	ovary	11 week post conception	64	1.0	tpm	58735
E-MTAB-6814	ovary	11 week post conception	65	1.0	tpm	58735
E-MTAB-6814	ovary	11 week post conception	66	2.0	tpm	58735
E-MTAB-6814	ovary	11 week post conception	67	2.0	tpm	58735
E-MTAB-6814	ovary	11 week post conception	68	2.0	tpm	58735
E-MTAB-6814	ovary	11 week post conception	69	2.0	tpm	58735
E-MTAB-6814	ovary	11 week post conception	70	2.0	tpm	58735
E-MTAB-6814	ovary	11 week post conception	71	3.0	tpm	58735
E-MTAB-6814	ovary	11 week post conception	72	3.0	tpm	58735
E-MTAB-6814	ovary	11 week post conception	73	3.0	tpm	58735
E-MTAB-6814	ovary	11 week post conception	74	4.0	tpm	58735
E-MTAB-6814	ovary	11 week post conception	75	5.0	tpm	58735
E-MTAB-6814	ovary	11 week post conception	76	5.0	tpm	58735
E-MTAB-6814	ovary	11 week post conception	77	6.0	tpm	58735
E-MTAB-6814	ovary	11 week post conception	78	7.0	tpm	58735
E-MTAB-6814	ovary	11 week post conception	79	8.0	tpm	58735
E-MTAB-6814	ovary	11 week post conception	80	10.0	tpm	58735
E-MTAB-6814	ovary	11 week post conception	81	11.0	tpm	58735
E-MTAB-6814	ovary	11 week post conception	82	13.0	tpm	58735
E-MTAB-6814	ovary	11 week post conception	83	15.0	tpm	58735
E-MTAB-6814	ovary	11 week post conception	84	17.0	tpm	58735
E-MTAB-6814	ovary	11 week post conception	85	20.0	tpm	58735
E-MTAB-6814	ovary	11 week post conception	86	22.0	tpm	58735
E-MTAB-6814	ovary	11 week post conception	87	25.0	tpm	58735
E-MTAB-6814	ovary	11 week post conception	88	29.0	tpm	58735
E-MTAB-6814	ovary	11 week post conception	89	32.0	tpm	58735
E-MTAB-6814	ovary	11 week post conception	90	36.0	tpm	58735
E-MTAB-6814	ovary	11 week post conception	91	41.0	tpm	58735
E-MTAB-6814	ovary	11 week post conception	92	47.0	tpm	58735
E-MTAB-6814	ovary	11 week post conception	93	53.0	tpm	58735
E-MTAB-6814	ovary	11 week post conception	94	61.0	tpm	58735
E-MTAB-6814	ovary	11 week post conception	95	71.0	tpm	58735
E-MTAB-6814	ovary	11 week post conception	96	83.0	tpm	58735
E-MTAB-6814	ovary	11 week post conception	97	103.0	tpm	58735
E-MTAB-6814	ovary	11 week post conception	98	135.0	tpm	58735
E-MTAB-6814	ovary	11 week post conception	99	206.66	tpm	58735
E-MTAB-6814	ovary	11 week post conception	100	26420.0	tpm	58735
E-MTAB-6814	ovary	12 week post conception	0	0.0	tpm	58735
E-MTAB-6814	ovary	12 week post conception	1	0.0	tpm	58735
E-MTAB-6814	ovary	12 week post conception	2	0.0	tpm	58735
E-MTAB-6814	ovary	12 week post conception	3	0.0	tpm	58735
E-MTAB-6814	ovary	12 week post conception	4	0.0	tpm	58735
E-MTAB-6814	ovary	12 week post conception	5	0.0	tpm	58735
E-MTAB-6814	ovary	12 week post conception	6	0.0	tpm	58735
E-MTAB-6814	ovary	12 week post conception	7	0.0	tpm	58735
E-MTAB-6814	ovary	12 week post conception	8	0.0	tpm	58735
E-MTAB-6814	ovary	12 week post conception	9	0.0	tpm	58735
E-MTAB-6814	ovary	12 week post conception	10	0.0	tpm	58735
E-MTAB-6814	ovary	12 week post conception	11	0.0	tpm	58735
E-MTAB-6814	ovary	12 week post conception	12	0.0	tpm	58735
E-MTAB-6814	ovary	12 week post conception	13	0.0	tpm	58735
E-MTAB-6814	ovary	12 week post conception	14	0.0	tpm	58735
E-MTAB-6814	ovary	12 week post conception	15	0.0	tpm	58735
E-MTAB-6814	ovary	12 week post conception	16	0.0	tpm	58735
E-MTAB-6814	ovary	12 week post conception	17	0.0	tpm	58735
E-MTAB-6814	ovary	12 week post conception	18	0.0	tpm	58735
E-MTAB-6814	ovary	12 week post conception	19	0.0	tpm	58735
E-MTAB-6814	ovary	12 week post conception	20	0.0	tpm	58735
E-MTAB-6814	ovary	12 week post conception	21	0.0	tpm	58735
E-MTAB-6814	ovary	12 week post conception	22	0.0	tpm	58735
E-MTAB-6814	ovary	12 week post conception	23	0.0	tpm	58735
E-MTAB-6814	ovary	12 week post conception	24	0.0	tpm	58735
E-MTAB-6814	ovary	12 week post conception	25	0.0	tpm	58735
E-MTAB-6814	ovary	12 week post conception	26	0.0	tpm	58735
E-MTAB-6814	ovary	12 week post conception	27	0.0	tpm	58735
E-MTAB-6814	ovary	12 week post conception	28	0.0	tpm	58735
E-MTAB-6814	ovary	12 week post conception	29	0.0	tpm	58735
E-MTAB-6814	ovary	12 week post conception	30	0.0	tpm	58735
E-MTAB-6814	ovary	12 week post conception	31	0.0	tpm	58735
E-MTAB-6814	ovary	12 week post conception	32	0.0	tpm	58735
E-MTAB-6814	ovary	12 week post conception	33	0.0	tpm	58735
E-MTAB-6814	ovary	12 week post conception	34	0.0	tpm	58735
E-MTAB-6814	ovary	12 week post conception	35	0.0	tpm	58735
E-MTAB-6814	ovary	12 week post conception	36	0.0	tpm	58735
E-MTAB-6814	ovary	12 week post conception	37	0.0	tpm	58735
E-MTAB-6814	ovary	12 week post conception	38	0.0	tpm	58735
E-MTAB-6814	ovary	12 week post conception	39	0.1	tpm	58735
E-MTAB-6814	ovary	12 week post conception	40	0.1	tpm	58735
E-MTAB-6814	ovary	12 week post conception	41	0.1	tpm	58735
E-MTAB-6814	ovary	12 week post conception	42	0.1	tpm	58735
E-MTAB-6814	ovary	12 week post conception	43	0.1	tpm	58735
E-MTAB-6814	ovary	12 week post conception	44	0.1	tpm	58735
E-MTAB-6814	ovary	12 week post conception	45	0.2	tpm	58735
E-MTAB-6814	ovary	12 week post conception	46	0.2	tpm	58735
E-MTAB-6814	ovary	12 week post conception	47	0.2	tpm	58735
E-MTAB-6814	ovary	12 week post conception	48	0.2	tpm	58735
E-MTAB-6814	ovary	12 week post conception	49	0.3	tpm	58735
E-MTAB-6814	ovary	12 week post conception	50	0.3	tpm	58735
E-MTAB-6814	ovary	12 week post conception	51	0.3	tpm	58735
E-MTAB-6814	ovary	12 week post conception	52	0.4	tpm	58735
E-MTAB-6814	ovary	12 week post conception	53	0.4	tpm	58735
E-MTAB-6814	ovary	12 week post conception	54	0.5	tpm	58735
E-MTAB-6814	ovary	12 week post conception	55	0.5	tpm	58735
E-MTAB-6814	ovary	12 week post conception	56	0.6	tpm	58735
E-MTAB-6814	ovary	12 week post conception	57	0.6	tpm	58735
E-MTAB-6814	ovary	12 week post conception	58	0.7	tpm	58735
E-MTAB-6814	ovary	12 week post conception	59	0.8	tpm	58735
E-MTAB-6814	ovary	12 week post conception	60	0.8	tpm	58735
E-MTAB-6814	ovary	12 week post conception	61	0.9	tpm	58735
E-MTAB-6814	ovary	12 week post conception	62	1.0	tpm	58735
E-MTAB-6814	ovary	12 week post conception	63	1.0	tpm	58735
E-MTAB-6814	ovary	12 week post conception	64	1.0	tpm	58735
E-MTAB-6814	ovary	12 week post conception	65	1.0	tpm	58735
E-MTAB-6814	ovary	12 week post conception	66	2.0	tpm	58735
E-MTAB-6814	ovary	12 week post conception	67	2.0	tpm	58735
E-MTAB-6814	ovary	12 week post conception	68	2.0	tpm	58735
E-MTAB-6814	ovary	12 week post conception	69	2.0	tpm	58735
E-MTAB-6814	ovary	12 week post conception	70	2.0	tpm	58735
E-MTAB-6814	ovary	12 week post conception	71	3.0	tpm	58735
E-MTAB-6814	ovary	12 week post conception	72	3.0	tpm	58735
E-MTAB-6814	ovary	12 week post conception	73	4.0	tpm	58735
E-MTAB-6814	ovary	12 week post conception	74	4.0	tpm	58735
E-MTAB-6814	ovary	12 week post conception	75	5.0	tpm	58735
E-MTAB-6814	ovary	12 week post conception	76	5.0	tpm	58735
E-MTAB-6814	ovary	12 week post conception	77	6.0	tpm	58735
E-MTAB-6814	ovary	12 week post conception	78	7.0	tpm	58735
E-MTAB-6814	ovary	12 week post conception	79	9.0	tpm	58735
E-MTAB-6814	ovary	12 week post conception	80	10.0	tpm	58735
E-MTAB-6814	ovary	12 week post conception	81	11.0	tpm	58735
E-MTAB-6814	ovary	12 week post conception	82	13.0	tpm	58735
E-MTAB-6814	ovary	12 week post conception	83	14.0	tpm	58735
E-MTAB-6814	ovary	12 week post conception	84	16.0	tpm	58735
E-MTAB-6814	ovary	12 week post conception	85	18.0	tpm	58735
E-MTAB-6814	ovary	12 week post conception	86	21.0	tpm	58735
E-MTAB-6814	ovary	12 week post conception	87	23.0	tpm	58735
E-MTAB-6814	ovary	12 week post conception	88	26.0	tpm	58735
E-MTAB-6814	ovary	12 week post conception	89	29.0	tpm	58735
E-MTAB-6814	ovary	12 week post conception	90	33.0	tpm	58735
E-MTAB-6814	ovary	12 week post conception	91	38.0	tpm	58735
E-MTAB-6814	ovary	12 week post conception	92	42.0	tpm	58735
E-MTAB-6814	ovary	12 week post conception	93	48.0	tpm	58735
E-MTAB-6814	ovary	12 week post conception	94	55.0	tpm	58735
E-MTAB-6814	ovary	12 week post conception	95	64.0	tpm	58735
E-MTAB-6814	ovary	12 week post conception	96	76.0	tpm	58735
E-MTAB-6814	ovary	12 week post conception	97	93.0	tpm	58735
E-MTAB-6814	ovary	12 week post conception	98	126.0	tpm	58735
E-MTAB-6814	ovary	12 week post conception	99	197.66	tpm	58735
E-MTAB-6814	ovary	12 week post conception	100	30452.0	tpm	58735
E-MTAB-6814	ovary	13 week post conception	0	0.0	tpm	58735
E-MTAB-6814	ovary	13 week post conception	1	0.0	tpm	58735
E-MTAB-6814	ovary	13 week post conception	2	0.0	tpm	58735
E-MTAB-6814	ovary	13 week post conception	3	0.0	tpm	58735
E-MTAB-6814	ovary	13 week post conception	4	0.0	tpm	58735
E-MTAB-6814	ovary	13 week post conception	5	0.0	tpm	58735
E-MTAB-6814	ovary	13 week post conception	6	0.0	tpm	58735
E-MTAB-6814	ovary	13 week post conception	7	0.0	tpm	58735
E-MTAB-6814	ovary	13 week post conception	8	0.0	tpm	58735
E-MTAB-6814	ovary	13 week post conception	9	0.0	tpm	58735
E-MTAB-6814	ovary	13 week post conception	10	0.0	tpm	58735
E-MTAB-6814	ovary	13 week post conception	11	0.0	tpm	58735
E-MTAB-6814	ovary	13 week post conception	12	0.0	tpm	58735
E-MTAB-6814	ovary	13 week post conception	13	0.0	tpm	58735
E-MTAB-6814	ovary	13 week post conception	14	0.0	tpm	58735
E-MTAB-6814	ovary	13 week post conception	15	0.0	tpm	58735
E-MTAB-6814	ovary	13 week post conception	16	0.0	tpm	58735
E-MTAB-6814	ovary	13 week post conception	17	0.0	tpm	58735
E-MTAB-6814	ovary	13 week post conception	18	0.0	tpm	58735
E-MTAB-6814	ovary	13 week post conception	19	0.0	tpm	58735
E-MTAB-6814	ovary	13 week post conception	20	0.0	tpm	58735
E-MTAB-6814	ovary	13 week post conception	21	0.0	tpm	58735
E-MTAB-6814	ovary	13 week post conception	22	0.0	tpm	58735
E-MTAB-6814	ovary	13 week post conception	23	0.0	tpm	58735
E-MTAB-6814	ovary	13 week post conception	24	0.0	tpm	58735
E-MTAB-6814	ovary	13 week post conception	25	0.0	tpm	58735
E-MTAB-6814	ovary	13 week post conception	26	0.0	tpm	58735
E-MTAB-6814	ovary	13 week post conception	27	0.0	tpm	58735
E-MTAB-6814	ovary	13 week post conception	28	0.0	tpm	58735
E-MTAB-6814	ovary	13 week post conception	29	0.0	tpm	58735
E-MTAB-6814	ovary	13 week post conception	30	0.0	tpm	58735
E-MTAB-6814	ovary	13 week post conception	31	0.0	tpm	58735
E-MTAB-6814	ovary	13 week post conception	32	0.0	tpm	58735
E-MTAB-6814	ovary	13 week post conception	33	0.0	tpm	58735
E-MTAB-6814	ovary	13 week post conception	34	0.0	tpm	58735
E-MTAB-6814	ovary	13 week post conception	35	0.0	tpm	58735
E-MTAB-6814	ovary	13 week post conception	36	0.0	tpm	58735
E-MTAB-6814	ovary	13 week post conception	37	0.0	tpm	58735
E-MTAB-6814	ovary	13 week post conception	38	0.0	tpm	58735
E-MTAB-6814	ovary	13 week post conception	39	0.0	tpm	58735
E-MTAB-6814	ovary	13 week post conception	40	0.0	tpm	58735
E-MTAB-6814	ovary	13 week post conception	41	0.0	tpm	58735
E-MTAB-6814	ovary	13 week post conception	42	0.0	tpm	58735
E-MTAB-6814	ovary	13 week post conception	43	0.0	tpm	58735
E-MTAB-6814	ovary	13 week post conception	44	0.0	tpm	58735
E-MTAB-6814	ovary	13 week post conception	45	0.0	tpm	58735
E-MTAB-6814	ovary	13 week post conception	46	0.1	tpm	58735
E-MTAB-6814	ovary	13 week post conception	47	0.1	tpm	58735
E-MTAB-6814	ovary	13 week post conception	48	0.2	tpm	58735
E-MTAB-6814	ovary	13 week post conception	49	0.2	tpm	58735
E-MTAB-6814	ovary	13 week post conception	50	0.3	tpm	58735
E-MTAB-6814	ovary	13 week post conception	51	0.3	tpm	58735
E-MTAB-6814	ovary	13 week post conception	52	0.4	tpm	58735
E-MTAB-6814	ovary	13 week post conception	53	0.4	tpm	58735
E-MTAB-6814	ovary	13 week post conception	54	0.4	tpm	58735
E-MTAB-6814	ovary	13 week post conception	55	0.5	tpm	58735
E-MTAB-6814	ovary	13 week post conception	56	0.5	tpm	58735
E-MTAB-6814	ovary	13 week post conception	57	0.6	tpm	58735
E-MTAB-6814	ovary	13 week post conception	58	0.7	tpm	58735
E-MTAB-6814	ovary	13 week post conception	59	0.8	tpm	58735
E-MTAB-6814	ovary	13 week post conception	60	0.8	tpm	58735
E-MTAB-6814	ovary	13 week post conception	61	0.9	tpm	58735
E-MTAB-6814	ovary	13 week post conception	62	1.0	tpm	58735
E-MTAB-6814	ovary	13 week post conception	63	1.0	tpm	58735
E-MTAB-6814	ovary	13 week post conception	64	1.0	tpm	58735
E-MTAB-6814	ovary	13 week post conception	65	1.0	tpm	58735
E-MTAB-6814	ovary	13 week post conception	66	2.0	tpm	58735
E-MTAB-6814	ovary	13 week post conception	67	2.0	tpm	58735
E-MTAB-6814	ovary	13 week post conception	68	2.0	tpm	58735
E-MTAB-6814	ovary	13 week post conception	69	2.0	tpm	58735
E-MTAB-6814	ovary	13 week post conception	70	3.0	tpm	58735
E-MTAB-6814	ovary	13 week post conception	71	3.0	tpm	58735
E-MTAB-6814	ovary	13 week post conception	72	3.0	tpm	58735
E-MTAB-6814	ovary	13 week post conception	73	4.0	tpm	58735
E-MTAB-6814	ovary	13 week post conception	74	4.0	tpm	58735
E-MTAB-6814	ovary	13 week post conception	75	5.0	tpm	58735
E-MTAB-6814	ovary	13 week post conception	76	5.0	tpm	58735
E-MTAB-6814	ovary	13 week post conception	77	6.0	tpm	58735
E-MTAB-6814	ovary	13 week post conception	78	7.0	tpm	58735
E-MTAB-6814	ovary	13 week post conception	79	8.0	tpm	58735
E-MTAB-6814	ovary	13 week post conception	80	10.0	tpm	58735
E-MTAB-6814	ovary	13 week post conception	81	11.0	tpm	58735
E-MTAB-6814	ovary	13 week post conception	82	13.0	tpm	58735
E-MTAB-6814	ovary	13 week post conception	83	14.0	tpm	58735
E-MTAB-6814	ovary	13 week post conception	84	16.0	tpm	58735
E-MTAB-6814	ovary	13 week post conception	85	18.0	tpm	58735
E-MTAB-6814	ovary	13 week post conception	86	21.0	tpm	58735
E-MTAB-6814	ovary	13 week post conception	87	23.0	tpm	58735
E-MTAB-6814	ovary	13 week post conception	88	26.0	tpm	58735
E-MTAB-6814	ovary	13 week post conception	89	29.0	tpm	58735
E-MTAB-6814	ovary	13 week post conception	90	33.0	tpm	58735
E-MTAB-6814	ovary	13 week post conception	91	37.0	tpm	58735
E-MTAB-6814	ovary	13 week post conception	92	41.0	tpm	58735
E-MTAB-6814	ovary	13 week post conception	93	47.0	tpm	58735
E-MTAB-6814	ovary	13 week post conception	94	54.0	tpm	58735
E-MTAB-6814	ovary	13 week post conception	95	62.0	tpm	58735
E-MTAB-6814	ovary	13 week post conception	96	74.0	tpm	58735
E-MTAB-6814	ovary	13 week post conception	97	92.0	tpm	58735
E-MTAB-6814	ovary	13 week post conception	98	120.0	tpm	58735
E-MTAB-6814	ovary	13 week post conception	99	184.0	tpm	58735
E-MTAB-6814	ovary	13 week post conception	100	33826.0	tpm	58735
E-MTAB-6814	ovary	16 week post conception	0	0.0	tpm	58735
E-MTAB-6814	ovary	16 week post conception	1	0.0	tpm	58735
E-MTAB-6814	ovary	16 week post conception	2	0.0	tpm	58735
E-MTAB-6814	ovary	16 week post conception	3	0.0	tpm	58735
E-MTAB-6814	ovary	16 week post conception	4	0.0	tpm	58735
E-MTAB-6814	ovary	16 week post conception	5	0.0	tpm	58735
E-MTAB-6814	ovary	16 week post conception	6	0.0	tpm	58735
E-MTAB-6814	ovary	16 week post conception	7	0.0	tpm	58735
E-MTAB-6814	ovary	16 week post conception	8	0.0	tpm	58735
E-MTAB-6814	ovary	16 week post conception	9	0.0	tpm	58735
E-MTAB-6814	ovary	16 week post conception	10	0.0	tpm	58735
E-MTAB-6814	ovary	16 week post conception	11	0.0	tpm	58735
E-MTAB-6814	ovary	16 week post conception	12	0.0	tpm	58735
E-MTAB-6814	ovary	16 week post conception	13	0.0	tpm	58735
E-MTAB-6814	ovary	16 week post conception	14	0.0	tpm	58735
E-MTAB-6814	ovary	16 week post conception	15	0.0	tpm	58735
E-MTAB-6814	ovary	16 week post conception	16	0.0	tpm	58735
E-MTAB-6814	ovary	16 week post conception	17	0.0	tpm	58735
E-MTAB-6814	ovary	16 week post conception	18	0.0	tpm	58735
E-MTAB-6814	ovary	16 week post conception	19	0.0	tpm	58735
E-MTAB-6814	ovary	16 week post conception	20	0.0	tpm	58735
E-MTAB-6814	ovary	16 week post conception	21	0.0	tpm	58735
E-MTAB-6814	ovary	16 week post conception	22	0.0	tpm	58735
E-MTAB-6814	ovary	16 week post conception	23	0.0	tpm	58735
E-MTAB-6814	ovary	16 week post conception	24	0.0	tpm	58735
E-MTAB-6814	ovary	16 week post conception	25	0.0	tpm	58735
E-MTAB-6814	ovary	16 week post conception	26	0.0	tpm	58735
E-MTAB-6814	ovary	16 week post conception	27	0.0	tpm	58735
E-MTAB-6814	ovary	16 week post conception	28	0.0	tpm	58735
E-MTAB-6814	ovary	16 week post conception	29	0.0	tpm	58735
E-MTAB-6814	ovary	16 week post conception	30	0.0	tpm	58735
E-MTAB-6814	ovary	16 week post conception	31	0.0	tpm	58735
E-MTAB-6814	ovary	16 week post conception	32	0.0	tpm	58735
E-MTAB-6814	ovary	16 week post conception	33	0.1	tpm	58735
E-MTAB-6814	ovary	16 week post conception	34	0.1	tpm	58735
E-MTAB-6814	ovary	16 week post conception	35	0.1	tpm	58735
E-MTAB-6814	ovary	16 week post conception	36	0.1	tpm	58735
E-MTAB-6814	ovary	16 week post conception	37	0.1	tpm	58735
E-MTAB-6814	ovary	16 week post conception	38	0.2	tpm	58735
E-MTAB-6814	ovary	16 week post conception	39	0.2	tpm	58735
E-MTAB-6814	ovary	16 week post conception	40	0.2	tpm	58735
E-MTAB-6814	ovary	16 week post conception	41	0.2	tpm	58735
E-MTAB-6814	ovary	16 week post conception	42	0.2	tpm	58735
E-MTAB-6814	ovary	16 week post conception	43	0.3	tpm	58735
E-MTAB-6814	ovary	16 week post conception	44	0.3	tpm	58735
E-MTAB-6814	ovary	16 week post conception	45	0.3	tpm	58735
E-MTAB-6814	ovary	16 week post conception	46	0.4	tpm	58735
E-MTAB-6814	ovary	16 week post conception	47	0.4	tpm	58735
E-MTAB-6814	ovary	16 week post conception	48	0.4	tpm	58735
E-MTAB-6814	ovary	16 week post conception	49	0.5	tpm	58735
E-MTAB-6814	ovary	16 week post conception	50	0.5	tpm	58735
E-MTAB-6814	ovary	16 week post conception	51	0.6	tpm	58735
E-MTAB-6814	ovary	16 week post conception	52	0.7	tpm	58735
E-MTAB-6814	ovary	16 week post conception	53	0.7	tpm	58735
E-MTAB-6814	ovary	16 week post conception	54	0.8	tpm	58735
E-MTAB-6814	ovary	16 week post conception	55	0.8	tpm	58735
E-MTAB-6814	ovary	16 week post conception	56	0.9	tpm	58735
E-MTAB-6814	ovary	16 week post conception	57	1.0	tpm	58735
E-MTAB-6814	ovary	16 week post conception	58	1.0	tpm	58735
E-MTAB-6814	ovary	16 week post conception	59	1.0	tpm	58735
E-MTAB-6814	ovary	16 week post conception	60	1.0	tpm	58735
E-MTAB-6814	ovary	16 week post conception	61	1.0	tpm	58735
E-MTAB-6814	ovary	16 week post conception	62	2.0	tpm	58735
E-MTAB-6814	ovary	16 week post conception	63	2.0	tpm	58735
E-MTAB-6814	ovary	16 week post conception	64	2.0	tpm	58735
E-MTAB-6814	ovary	16 week post conception	65	2.0	tpm	58735
E-MTAB-6814	ovary	16 week post conception	66	2.0	tpm	58735
E-MTAB-6814	ovary	16 week post conception	67	2.0	tpm	58735
E-MTAB-6814	ovary	16 week post conception	68	3.0	tpm	58735
E-MTAB-6814	ovary	16 week post conception	69	3.0	tpm	58735
E-MTAB-6814	ovary	16 week post conception	70	3.0	tpm	58735
E-MTAB-6814	ovary	16 week post conception	71	4.0	tpm	58735
E-MTAB-6814	ovary	16 week post conception	72	4.0	tpm	58735
E-MTAB-6814	ovary	16 week post conception	73	5.0	tpm	58735
E-MTAB-6814	ovary	16 week post conception	74	5.0	tpm	58735
E-MTAB-6814	ovary	16 week post conception	75	6.0	tpm	58735
E-MTAB-6814	ovary	16 week post conception	76	7.0	tpm	58735
E-MTAB-6814	ovary	16 week post conception	77	8.0	tpm	58735
E-MTAB-6814	ovary	16 week post conception	78	9.0	tpm	58735
E-MTAB-6814	ovary	16 week post conception	79	10.0	tpm	58735
E-MTAB-6814	ovary	16 week post conception	80	11.0	tpm	58735
E-MTAB-6814	ovary	16 week post conception	81	13.0	tpm	58735
E-MTAB-6814	ovary	16 week post conception	82	15.0	tpm	58735
E-MTAB-6814	ovary	16 week post conception	83	17.0	tpm	58735
E-MTAB-6814	ovary	16 week post conception	84	19.0	tpm	58735
E-MTAB-6814	ovary	16 week post conception	85	21.0	tpm	58735
E-MTAB-6814	ovary	16 week post conception	86	24.0	tpm	58735
E-MTAB-6814	ovary	16 week post conception	87	27.0	tpm	58735
E-MTAB-6814	ovary	16 week post conception	88	30.0	tpm	58735
E-MTAB-6814	ovary	16 week post conception	89	33.0	tpm	58735
E-MTAB-6814	ovary	16 week post conception	90	37.0	tpm	58735
E-MTAB-6814	ovary	16 week post conception	91	41.0	tpm	58735
E-MTAB-6814	ovary	16 week post conception	92	46.0	tpm	58735
E-MTAB-6814	ovary	16 week post conception	93	52.0	tpm	58735
E-MTAB-6814	ovary	16 week post conception	94	59.0	tpm	58735
E-MTAB-6814	ovary	16 week post conception	95	68.0	tpm	58735
E-MTAB-6814	ovary	16 week post conception	96	80.0	tpm	58735
E-MTAB-6814	ovary	16 week post conception	97	97.0	tpm	58735
E-MTAB-6814	ovary	16 week post conception	98	125.0	tpm	58735
E-MTAB-6814	ovary	16 week post conception	99	195.0	tpm	58735
E-MTAB-6814	ovary	16 week post conception	100	24170.0	tpm	58735
E-MTAB-6814	ovary	18 week post conception	0	0.0	tpm	58735
E-MTAB-6814	ovary	18 week post conception	1	0.0	tpm	58735
E-MTAB-6814	ovary	18 week post conception	2	0.0	tpm	58735
E-MTAB-6814	ovary	18 week post conception	3	0.0	tpm	58735
E-MTAB-6814	ovary	18 week post conception	4	0.0	tpm	58735
E-MTAB-6814	ovary	18 week post conception	5	0.0	tpm	58735
E-MTAB-6814	ovary	18 week post conception	6	0.0	tpm	58735
E-MTAB-6814	ovary	18 week post conception	7	0.0	tpm	58735
E-MTAB-6814	ovary	18 week post conception	8	0.0	tpm	58735
E-MTAB-6814	ovary	18 week post conception	9	0.0	tpm	58735
E-MTAB-6814	ovary	18 week post conception	10	0.0	tpm	58735
E-MTAB-6814	ovary	18 week post conception	11	0.0	tpm	58735
E-MTAB-6814	ovary	18 week post conception	12	0.0	tpm	58735
E-MTAB-6814	ovary	18 week post conception	13	0.0	tpm	58735
E-MTAB-6814	ovary	18 week post conception	14	0.0	tpm	58735
E-MTAB-6814	ovary	18 week post conception	15	0.0	tpm	58735
E-MTAB-6814	ovary	18 week post conception	16	0.0	tpm	58735
E-MTAB-6814	ovary	18 week post conception	17	0.0	tpm	58735
E-MTAB-6814	ovary	18 week post conception	18	0.0	tpm	58735
E-MTAB-6814	ovary	18 week post conception	19	0.0	tpm	58735
E-MTAB-6814	ovary	18 week post conception	20	0.0	tpm	58735
E-MTAB-6814	ovary	18 week post conception	21	0.0	tpm	58735
E-MTAB-6814	ovary	18 week post conception	22	0.0	tpm	58735
E-MTAB-6814	ovary	18 week post conception	23	0.0	tpm	58735
E-MTAB-6814	ovary	18 week post conception	24	0.0	tpm	58735
E-MTAB-6814	ovary	18 week post conception	25	0.0	tpm	58735
E-MTAB-6814	ovary	18 week post conception	26	0.0	tpm	58735
E-MTAB-6814	ovary	18 week post conception	27	0.0	tpm	58735
E-MTAB-6814	ovary	18 week post conception	28	0.0	tpm	58735
E-MTAB-6814	ovary	18 week post conception	29	0.0	tpm	58735
E-MTAB-6814	ovary	18 week post conception	30	0.0	tpm	58735
E-MTAB-6814	ovary	18 week post conception	31	0.0	tpm	58735
E-MTAB-6814	ovary	18 week post conception	32	0.0	tpm	58735
E-MTAB-6814	ovary	18 week post conception	33	0.0	tpm	58735
E-MTAB-6814	ovary	18 week post conception	34	0.0	tpm	58735
E-MTAB-6814	ovary	18 week post conception	35	0.0	tpm	58735
E-MTAB-6814	ovary	18 week post conception	36	0.0	tpm	58735
E-MTAB-6814	ovary	18 week post conception	37	0.0	tpm	58735
E-MTAB-6814	ovary	18 week post conception	38	0.0	tpm	58735
E-MTAB-6814	ovary	18 week post conception	39	0.0	tpm	58735
E-MTAB-6814	ovary	18 week post conception	40	0.0	tpm	58735
E-MTAB-6814	ovary	18 week post conception	41	0.1	tpm	58735
E-MTAB-6814	ovary	18 week post conception	42	0.1	tpm	58735
E-MTAB-6814	ovary	18 week post conception	43	0.1	tpm	58735
E-MTAB-6814	ovary	18 week post conception	44	0.2	tpm	58735
E-MTAB-6814	ovary	18 week post conception	45	0.2	tpm	58735
E-MTAB-6814	ovary	18 week post conception	46	0.3	tpm	58735
E-MTAB-6814	ovary	18 week post conception	47	0.3	tpm	58735
E-MTAB-6814	ovary	18 week post conception	48	0.3	tpm	58735
E-MTAB-6814	ovary	18 week post conception	49	0.4	tpm	58735
E-MTAB-6814	ovary	18 week post conception	50	0.4	tpm	58735
E-MTAB-6814	ovary	18 week post conception	51	0.5	tpm	58735
E-MTAB-6814	ovary	18 week post conception	52	0.5	tpm	58735
E-MTAB-6814	ovary	18 week post conception	53	0.6	tpm	58735
E-MTAB-6814	ovary	18 week post conception	54	0.7	tpm	58735
E-MTAB-6814	ovary	18 week post conception	55	0.7	tpm	58735
E-MTAB-6814	ovary	18 week post conception	56	0.8	tpm	58735
E-MTAB-6814	ovary	18 week post conception	57	0.9	tpm	58735
E-MTAB-6814	ovary	18 week post conception	58	1.0	tpm	58735
E-MTAB-6814	ovary	18 week post conception	59	1.0	tpm	58735
E-MTAB-6814	ovary	18 week post conception	60	1.0	tpm	58735
E-MTAB-6814	ovary	18 week post conception	61	1.0	tpm	58735
E-MTAB-6814	ovary	18 week post conception	62	1.0	tpm	58735
E-MTAB-6814	ovary	18 week post conception	63	2.0	tpm	58735
E-MTAB-6814	ovary	18 week post conception	64	2.0	tpm	58735
E-MTAB-6814	ovary	18 week post conception	65	2.0	tpm	58735
E-MTAB-6814	ovary	18 week post conception	66	2.0	tpm	58735
E-MTAB-6814	ovary	18 week post conception	67	2.0	tpm	58735
E-MTAB-6814	ovary	18 week post conception	68	2.0	tpm	58735
E-MTAB-6814	ovary	18 week post conception	69	3.0	tpm	58735
E-MTAB-6814	ovary	18 week post conception	70	3.0	tpm	58735
E-MTAB-6814	ovary	18 week post conception	71	3.0	tpm	58735
E-MTAB-6814	ovary	18 week post conception	72	4.0	tpm	58735
E-MTAB-6814	ovary	18 week post conception	73	4.0	tpm	58735
E-MTAB-6814	ovary	18 week post conception	74	5.0	tpm	58735
E-MTAB-6814	ovary	18 week post conception	75	6.0	tpm	58735
E-MTAB-6814	ovary	18 week post conception	76	6.0	tpm	58735
E-MTAB-6814	ovary	18 week post conception	77	7.0	tpm	58735
E-MTAB-6814	ovary	18 week post conception	78	8.0	tpm	58735
E-MTAB-6814	ovary	18 week post conception	79	9.0	tpm	58735
E-MTAB-6814	ovary	18 week post conception	80	11.0	tpm	58735
E-MTAB-6814	ovary	18 week post conception	81	12.0	tpm	58735
E-MTAB-6814	ovary	18 week post conception	82	13.0	tpm	58735
E-MTAB-6814	ovary	18 week post conception	83	15.0	tpm	58735
E-MTAB-6814	ovary	18 week post conception	84	17.0	tpm	58735
E-MTAB-6814	ovary	18 week post conception	85	20.0	tpm	58735
E-MTAB-6814	ovary	18 week post conception	86	22.0	tpm	58735
E-MTAB-6814	ovary	18 week post conception	87	24.0	tpm	58735
E-MTAB-6814	ovary	18 week post conception	88	28.0	tpm	58735
E-MTAB-6814	ovary	18 week post conception	89	31.0	tpm	58735
E-MTAB-6814	ovary	18 week post conception	90	35.0	tpm	58735
E-MTAB-6814	ovary	18 week post conception	91	39.0	tpm	58735
E-MTAB-6814	ovary	18 week post conception	92	44.0	tpm	58735
E-MTAB-6814	ovary	18 week post conception	93	50.0	tpm	58735
E-MTAB-6814	ovary	18 week post conception	94	58.0	tpm	58735
E-MTAB-6814	ovary	18 week post conception	95	67.0	tpm	58735
E-MTAB-6814	ovary	18 week post conception	96	80.0	tpm	58735
E-MTAB-6814	ovary	18 week post conception	97	100.0	tpm	58735
E-MTAB-6814	ovary	18 week post conception	98	131.0	tpm	58735
E-MTAB-6814	ovary	18 week post conception	99	203.0	tpm	58735
E-MTAB-6814	ovary	18 week post conception	100	22598.0	tpm	58735
E-MTAB-6814	ovary	4 week post conception	0	0.0	tpm	58735
E-MTAB-6814	ovary	4 week post conception	1	0.0	tpm	58735
E-MTAB-6814	ovary	4 week post conception	2	0.0	tpm	58735
E-MTAB-6814	ovary	4 week post conception	3	0.0	tpm	58735
E-MTAB-6814	ovary	4 week post conception	4	0.0	tpm	58735
E-MTAB-6814	ovary	4 week post conception	5	0.0	tpm	58735
E-MTAB-6814	ovary	4 week post conception	6	0.0	tpm	58735
E-MTAB-6814	ovary	4 week post conception	7	0.0	tpm	58735
E-MTAB-6814	ovary	4 week post conception	8	0.0	tpm	58735
E-MTAB-6814	ovary	4 week post conception	9	0.0	tpm	58735
E-MTAB-6814	ovary	4 week post conception	10	0.0	tpm	58735
E-MTAB-6814	ovary	4 week post conception	11	0.0	tpm	58735
E-MTAB-6814	ovary	4 week post conception	12	0.0	tpm	58735
E-MTAB-6814	ovary	4 week post conception	13	0.0	tpm	58735
E-MTAB-6814	ovary	4 week post conception	14	0.0	tpm	58735
E-MTAB-6814	ovary	4 week post conception	15	0.0	tpm	58735
E-MTAB-6814	ovary	4 week post conception	16	0.0	tpm	58735
E-MTAB-6814	ovary	4 week post conception	17	0.0	tpm	58735
E-MTAB-6814	ovary	4 week post conception	18	0.0	tpm	58735
E-MTAB-6814	ovary	4 week post conception	19	0.0	tpm	58735
E-MTAB-6814	ovary	4 week post conception	20	0.0	tpm	58735
E-MTAB-6814	ovary	4 week post conception	21	0.0	tpm	58735
E-MTAB-6814	ovary	4 week post conception	22	0.0	tpm	58735
E-MTAB-6814	ovary	4 week post conception	23	0.0	tpm	58735
E-MTAB-6814	ovary	4 week post conception	24	0.0	tpm	58735
E-MTAB-6814	ovary	4 week post conception	25	0.0	tpm	58735
E-MTAB-6814	ovary	4 week post conception	26	0.0	tpm	58735
E-MTAB-6814	ovary	4 week post conception	27	0.0	tpm	58735
E-MTAB-6814	ovary	4 week post conception	28	0.0	tpm	58735
E-MTAB-6814	ovary	4 week post conception	29	0.0	tpm	58735
E-MTAB-6814	ovary	4 week post conception	30	0.0	tpm	58735
E-MTAB-6814	ovary	4 week post conception	31	0.0	tpm	58735
E-MTAB-6814	ovary	4 week post conception	32	0.0	tpm	58735
E-MTAB-6814	ovary	4 week post conception	33	0.0	tpm	58735
E-MTAB-6814	ovary	4 week post conception	34	0.0	tpm	58735
E-MTAB-6814	ovary	4 week post conception	35	0.0	tpm	58735
E-MTAB-6814	ovary	4 week post conception	36	0.0	tpm	58735
E-MTAB-6814	ovary	4 week post conception	37	0.0	tpm	58735
E-MTAB-6814	ovary	4 week post conception	38	0.0	tpm	58735
E-MTAB-6814	ovary	4 week post conception	39	0.0	tpm	58735
E-MTAB-6814	ovary	4 week post conception	40	0.0	tpm	58735
E-MTAB-6814	ovary	4 week post conception	41	0.0	tpm	58735
E-MTAB-6814	ovary	4 week post conception	42	0.0	tpm	58735
E-MTAB-6814	ovary	4 week post conception	43	0.0	tpm	58735
E-MTAB-6814	ovary	4 week post conception	44	0.1	tpm	58735
E-MTAB-6814	ovary	4 week post conception	45	0.1	tpm	58735
E-MTAB-6814	ovary	4 week post conception	46	0.1	tpm	58735
E-MTAB-6814	ovary	4 week post conception	47	0.1	tpm	58735
E-MTAB-6814	ovary	4 week post conception	48	0.1	tpm	58735
E-MTAB-6814	ovary	4 week post conception	49	0.2	tpm	58735
E-MTAB-6814	ovary	4 week post conception	50	0.2	tpm	58735
E-MTAB-6814	ovary	4 week post conception	51	0.2	tpm	58735
E-MTAB-6814	ovary	4 week post conception	52	0.2	tpm	58735
E-MTAB-6814	ovary	4 week post conception	53	0.3	tpm	58735
E-MTAB-6814	ovary	4 week post conception	54	0.3	tpm	58735
E-MTAB-6814	ovary	4 week post conception	55	0.4	tpm	58735
E-MTAB-6814	ovary	4 week post conception	56	0.4	tpm	58735
E-MTAB-6814	ovary	4 week post conception	57	0.5	tpm	58735
E-MTAB-6814	ovary	4 week post conception	58	0.5	tpm	58735
E-MTAB-6814	ovary	4 week post conception	59	0.6	tpm	58735
E-MTAB-6814	ovary	4 week post conception	60	0.6	tpm	58735
E-MTAB-6814	ovary	4 week post conception	61	0.7	tpm	58735
E-MTAB-6814	ovary	4 week post conception	62	0.8	tpm	58735
E-MTAB-6814	ovary	4 week post conception	63	0.9	tpm	58735
E-MTAB-6814	ovary	4 week post conception	64	1.0	tpm	58735
E-MTAB-6814	ovary	4 week post conception	65	1.0	tpm	58735
E-MTAB-6814	ovary	4 week post conception	66	1.0	tpm	58735
E-MTAB-6814	ovary	4 week post conception	67	1.0	tpm	58735
E-MTAB-6814	ovary	4 week post conception	68	2.0	tpm	58735
E-MTAB-6814	ovary	4 week post conception	69	2.0	tpm	58735
E-MTAB-6814	ovary	4 week post conception	70	2.0	tpm	58735
E-MTAB-6814	ovary	4 week post conception	71	2.0	tpm	58735
E-MTAB-6814	ovary	4 week post conception	72	3.0	tpm	58735
E-MTAB-6814	ovary	4 week post conception	73	3.0	tpm	58735
E-MTAB-6814	ovary	4 week post conception	74	3.0	tpm	58735
E-MTAB-6814	ovary	4 week post conception	75	4.0	tpm	58735
E-MTAB-6814	ovary	4 week post conception	76	5.0	tpm	58735
E-MTAB-6814	ovary	4 week post conception	77	5.0	tpm	58735
E-MTAB-6814	ovary	4 week post conception	78	6.0	tpm	58735
E-MTAB-6814	ovary	4 week post conception	79	7.0	tpm	58735
E-MTAB-6814	ovary	4 week post conception	80	8.0	tpm	58735
E-MTAB-6814	ovary	4 week post conception	81	10.0	tpm	58735
E-MTAB-6814	ovary	4 week post conception	82	11.0	tpm	58735
E-MTAB-6814	ovary	4 week post conception	83	13.0	tpm	58735
E-MTAB-6814	ovary	4 week post conception	84	15.0	tpm	58735
E-MTAB-6814	ovary	4 week post conception	85	17.0	tpm	58735
E-MTAB-6814	ovary	4 week post conception	86	19.0	tpm	58735
E-MTAB-6814	ovary	4 week post conception	87	22.0	tpm	58735
E-MTAB-6814	ovary	4 week post conception	88	25.0	tpm	58735
E-MTAB-6814	ovary	4 week post conception	89	28.0	tpm	58735
E-MTAB-6814	ovary	4 week post conception	90	31.0	tpm	58735
E-MTAB-6814	ovary	4 week post conception	91	36.0	tpm	58735
E-MTAB-6814	ovary	4 week post conception	92	40.0	tpm	58735
E-MTAB-6814	ovary	4 week post conception	93	45.0	tpm	58735
E-MTAB-6814	ovary	4 week post conception	94	52.0	tpm	58735
E-MTAB-6814	ovary	4 week post conception	95	61.0	tpm	58735
E-MTAB-6814	ovary	4 week post conception	96	72.0	tpm	58735
E-MTAB-6814	ovary	4 week post conception	97	90.0	tpm	58735
E-MTAB-6814	ovary	4 week post conception	98	121.0	tpm	58735
E-MTAB-6814	ovary	4 week post conception	99	201.0	tpm	58735
E-MTAB-6814	ovary	4 week post conception	100	33250.0	tpm	58735
E-MTAB-6814	ovary	5 week post conception	0	0.0	tpm	58735
E-MTAB-6814	ovary	5 week post conception	1	0.0	tpm	58735
E-MTAB-6814	ovary	5 week post conception	2	0.0	tpm	58735
E-MTAB-6814	ovary	5 week post conception	3	0.0	tpm	58735
E-MTAB-6814	ovary	5 week post conception	4	0.0	tpm	58735
E-MTAB-6814	ovary	5 week post conception	5	0.0	tpm	58735
E-MTAB-6814	ovary	5 week post conception	6	0.0	tpm	58735
E-MTAB-6814	ovary	5 week post conception	7	0.0	tpm	58735
E-MTAB-6814	ovary	5 week post conception	8	0.0	tpm	58735
E-MTAB-6814	ovary	5 week post conception	9	0.0	tpm	58735
E-MTAB-6814	ovary	5 week post conception	10	0.0	tpm	58735
E-MTAB-6814	ovary	5 week post conception	11	0.0	tpm	58735
E-MTAB-6814	ovary	5 week post conception	12	0.0	tpm	58735
E-MTAB-6814	ovary	5 week post conception	13	0.0	tpm	58735
E-MTAB-6814	ovary	5 week post conception	14	0.0	tpm	58735
E-MTAB-6814	ovary	5 week post conception	15	0.0	tpm	58735
E-MTAB-6814	ovary	5 week post conception	16	0.0	tpm	58735
E-MTAB-6814	ovary	5 week post conception	17	0.0	tpm	58735
E-MTAB-6814	ovary	5 week post conception	18	0.0	tpm	58735
E-MTAB-6814	ovary	5 week post conception	19	0.0	tpm	58735
E-MTAB-6814	ovary	5 week post conception	20	0.0	tpm	58735
E-MTAB-6814	ovary	5 week post conception	21	0.0	tpm	58735
E-MTAB-6814	ovary	5 week post conception	22	0.0	tpm	58735
E-MTAB-6814	ovary	5 week post conception	23	0.0	tpm	58735
E-MTAB-6814	ovary	5 week post conception	24	0.0	tpm	58735
E-MTAB-6814	ovary	5 week post conception	25	0.0	tpm	58735
E-MTAB-6814	ovary	5 week post conception	26	0.0	tpm	58735
E-MTAB-6814	ovary	5 week post conception	27	0.0	tpm	58735
E-MTAB-6814	ovary	5 week post conception	28	0.0	tpm	58735
E-MTAB-6814	ovary	5 week post conception	29	0.0	tpm	58735
E-MTAB-6814	ovary	5 week post conception	30	0.0	tpm	58735
E-MTAB-6814	ovary	5 week post conception	31	0.0	tpm	58735
E-MTAB-6814	ovary	5 week post conception	32	0.0	tpm	58735
E-MTAB-6814	ovary	5 week post conception	33	0.0	tpm	58735
E-MTAB-6814	ovary	5 week post conception	34	0.0	tpm	58735
E-MTAB-6814	ovary	5 week post conception	35	0.0	tpm	58735
E-MTAB-6814	ovary	5 week post conception	36	0.0	tpm	58735
E-MTAB-6814	ovary	5 week post conception	37	0.0	tpm	58735
E-MTAB-6814	ovary	5 week post conception	38	0.0	tpm	58735
E-MTAB-6814	ovary	5 week post conception	39	0.0	tpm	58735
E-MTAB-6814	ovary	5 week post conception	40	0.0	tpm	58735
E-MTAB-6814	ovary	5 week post conception	41	0.0	tpm	58735
E-MTAB-6814	ovary	5 week post conception	42	0.0	tpm	58735
E-MTAB-6814	ovary	5 week post conception	43	0.0	tpm	58735
E-MTAB-6814	ovary	5 week post conception	44	0.0	tpm	58735
E-MTAB-6814	ovary	5 week post conception	45	0.1	tpm	58735
E-MTAB-6814	ovary	5 week post conception	46	0.1	tpm	58735
E-MTAB-6814	ovary	5 week post conception	47	0.1	tpm	58735
E-MTAB-6814	ovary	5 week post conception	48	0.2	tpm	58735
E-MTAB-6814	ovary	5 week post conception	49	0.2	tpm	58735
E-MTAB-6814	ovary	5 week post conception	50	0.2	tpm	58735
E-MTAB-6814	ovary	5 week post conception	51	0.3	tpm	58735
E-MTAB-6814	ovary	5 week post conception	52	0.3	tpm	58735
E-MTAB-6814	ovary	5 week post conception	53	0.3	tpm	58735
E-MTAB-6814	ovary	5 week post conception	54	0.4	tpm	58735
E-MTAB-6814	ovary	5 week post conception	55	0.4	tpm	58735
E-MTAB-6814	ovary	5 week post conception	56	0.5	tpm	58735
E-MTAB-6814	ovary	5 week post conception	57	0.6	tpm	58735
E-MTAB-6814	ovary	5 week post conception	58	0.6	tpm	58735
E-MTAB-6814	ovary	5 week post conception	59	0.7	tpm	58735
E-MTAB-6814	ovary	5 week post conception	60	0.8	tpm	58735
E-MTAB-6814	ovary	5 week post conception	61	0.9	tpm	58735
E-MTAB-6814	ovary	5 week post conception	62	1.0	tpm	58735
E-MTAB-6814	ovary	5 week post conception	63	1.0	tpm	58735
E-MTAB-6814	ovary	5 week post conception	64	1.0	tpm	58735
E-MTAB-6814	ovary	5 week post conception	65	1.0	tpm	58735
E-MTAB-6814	ovary	5 week post conception	66	2.0	tpm	58735
E-MTAB-6814	ovary	5 week post conception	67	2.0	tpm	58735
E-MTAB-6814	ovary	5 week post conception	68	2.0	tpm	58735
E-MTAB-6814	ovary	5 week post conception	69	2.0	tpm	58735
E-MTAB-6814	ovary	5 week post conception	70	3.0	tpm	58735
E-MTAB-6814	ovary	5 week post conception	71	3.0	tpm	58735
E-MTAB-6814	ovary	5 week post conception	72	3.0	tpm	58735
E-MTAB-6814	ovary	5 week post conception	73	4.0	tpm	58735
E-MTAB-6814	ovary	5 week post conception	74	4.0	tpm	58735
E-MTAB-6814	ovary	5 week post conception	75	5.0	tpm	58735
E-MTAB-6814	ovary	5 week post conception	76	6.0	tpm	58735
E-MTAB-6814	ovary	5 week post conception	77	6.0	tpm	58735
E-MTAB-6814	ovary	5 week post conception	78	7.0	tpm	58735
E-MTAB-6814	ovary	5 week post conception	79	8.0	tpm	58735
E-MTAB-6814	ovary	5 week post conception	80	10.0	tpm	58735
E-MTAB-6814	ovary	5 week post conception	81	11.0	tpm	58735
E-MTAB-6814	ovary	5 week post conception	82	13.0	tpm	58735
E-MTAB-6814	ovary	5 week post conception	83	15.0	tpm	58735
E-MTAB-6814	ovary	5 week post conception	84	17.0	tpm	58735
E-MTAB-6814	ovary	5 week post conception	85	19.0	tpm	58735
E-MTAB-6814	ovary	5 week post conception	86	21.0	tpm	58735
E-MTAB-6814	ovary	5 week post conception	87	24.0	tpm	58735
E-MTAB-6814	ovary	5 week post conception	88	27.0	tpm	58735
E-MTAB-6814	ovary	5 week post conception	89	30.0	tpm	58735
E-MTAB-6814	ovary	5 week post conception	90	33.0	tpm	58735
E-MTAB-6814	ovary	5 week post conception	91	37.0	tpm	58735
E-MTAB-6814	ovary	5 week post conception	92	42.0	tpm	58735
E-MTAB-6814	ovary	5 week post conception	93	47.0	tpm	58735
E-MTAB-6814	ovary	5 week post conception	94	54.0	tpm	58735
E-MTAB-6814	ovary	5 week post conception	95	62.0	tpm	58735
E-MTAB-6814	ovary	5 week post conception	96	74.0	tpm	58735
E-MTAB-6814	ovary	5 week post conception	97	90.0	tpm	58735
E-MTAB-6814	ovary	5 week post conception	98	117.0	tpm	58735
E-MTAB-6814	ovary	5 week post conception	99	195.0	tpm	58735
E-MTAB-6814	ovary	5 week post conception	100	29404.0	tpm	58735
E-MTAB-6814	ovary	6 week post conception	0	0.0	tpm	58735
E-MTAB-6814	ovary	6 week post conception	1	0.0	tpm	58735
E-MTAB-6814	ovary	6 week post conception	2	0.0	tpm	58735
E-MTAB-6814	ovary	6 week post conception	3	0.0	tpm	58735
E-MTAB-6814	ovary	6 week post conception	4	0.0	tpm	58735
E-MTAB-6814	ovary	6 week post conception	5	0.0	tpm	58735
E-MTAB-6814	ovary	6 week post conception	6	0.0	tpm	58735
E-MTAB-6814	ovary	6 week post conception	7	0.0	tpm	58735
E-MTAB-6814	ovary	6 week post conception	8	0.0	tpm	58735
E-MTAB-6814	ovary	6 week post conception	9	0.0	tpm	58735
E-MTAB-6814	ovary	6 week post conception	10	0.0	tpm	58735
E-MTAB-6814	ovary	6 week post conception	11	0.0	tpm	58735
E-MTAB-6814	ovary	6 week post conception	12	0.0	tpm	58735
E-MTAB-6814	ovary	6 week post conception	13	0.0	tpm	58735
E-MTAB-6814	ovary	6 week post conception	14	0.0	tpm	58735
E-MTAB-6814	ovary	6 week post conception	15	0.0	tpm	58735
E-MTAB-6814	ovary	6 week post conception	16	0.0	tpm	58735
E-MTAB-6814	ovary	6 week post conception	17	0.0	tpm	58735
E-MTAB-6814	ovary	6 week post conception	18	0.0	tpm	58735
E-MTAB-6814	ovary	6 week post conception	19	0.0	tpm	58735
E-MTAB-6814	ovary	6 week post conception	20	0.0	tpm	58735
E-MTAB-6814	ovary	6 week post conception	21	0.0	tpm	58735
E-MTAB-6814	ovary	6 week post conception	22	0.0	tpm	58735
E-MTAB-6814	ovary	6 week post conception	23	0.0	tpm	58735
E-MTAB-6814	ovary	6 week post conception	24	0.0	tpm	58735
E-MTAB-6814	ovary	6 week post conception	25	0.0	tpm	58735
E-MTAB-6814	ovary	6 week post conception	26	0.0	tpm	58735
E-MTAB-6814	ovary	6 week post conception	27	0.0	tpm	58735
E-MTAB-6814	ovary	6 week post conception	28	0.0	tpm	58735
E-MTAB-6814	ovary	6 week post conception	29	0.0	tpm	58735
E-MTAB-6814	ovary	6 week post conception	30	0.0	tpm	58735
E-MTAB-6814	ovary	6 week post conception	31	0.0	tpm	58735
E-MTAB-6814	ovary	6 week post conception	32	0.0	tpm	58735
E-MTAB-6814	ovary	6 week post conception	33	0.0	tpm	58735
E-MTAB-6814	ovary	6 week post conception	34	0.0	tpm	58735
E-MTAB-6814	ovary	6 week post conception	35	0.0	tpm	58735
E-MTAB-6814	ovary	6 week post conception	36	0.0	tpm	58735
E-MTAB-6814	ovary	6 week post conception	37	0.0	tpm	58735
E-MTAB-6814	ovary	6 week post conception	38	0.0	tpm	58735
E-MTAB-6814	ovary	6 week post conception	39	0.0	tpm	58735
E-MTAB-6814	ovary	6 week post conception	40	0.0	tpm	58735
E-MTAB-6814	ovary	6 week post conception	41	0.0	tpm	58735
E-MTAB-6814	ovary	6 week post conception	42	0.0	tpm	58735
E-MTAB-6814	ovary	6 week post conception	43	0.0	tpm	58735
E-MTAB-6814	ovary	6 week post conception	44	0.1	tpm	58735
E-MTAB-6814	ovary	6 week post conception	45	0.1	tpm	58735
E-MTAB-6814	ovary	6 week post conception	46	0.2	tpm	58735
E-MTAB-6814	ovary	6 week post conception	47	0.2	tpm	58735
E-MTAB-6814	ovary	6 week post conception	48	0.3	tpm	58735
E-MTAB-6814	ovary	6 week post conception	49	0.3	tpm	58735
E-MTAB-6814	ovary	6 week post conception	50	0.4	tpm	58735
E-MTAB-6814	ovary	6 week post conception	51	0.4	tpm	58735
E-MTAB-6814	ovary	6 week post conception	52	0.4	tpm	58735
E-MTAB-6814	ovary	6 week post conception	53	0.5	tpm	58735
E-MTAB-6814	ovary	6 week post conception	54	0.6	tpm	58735
E-MTAB-6814	ovary	6 week post conception	55	0.6	tpm	58735
E-MTAB-6814	ovary	6 week post conception	56	0.7	tpm	58735
E-MTAB-6814	ovary	6 week post conception	57	0.8	tpm	58735
E-MTAB-6814	ovary	6 week post conception	58	0.9	tpm	58735
E-MTAB-6814	ovary	6 week post conception	59	1.0	tpm	58735
E-MTAB-6814	ovary	6 week post conception	60	1.0	tpm	58735
E-MTAB-6814	ovary	6 week post conception	61	1.0	tpm	58735
E-MTAB-6814	ovary	6 week post conception	62	1.0	tpm	58735
E-MTAB-6814	ovary	6 week post conception	63	2.0	tpm	58735
E-MTAB-6814	ovary	6 week post conception	64	2.0	tpm	58735
E-MTAB-6814	ovary	6 week post conception	65	2.0	tpm	58735
E-MTAB-6814	ovary	6 week post conception	66	2.0	tpm	58735
E-MTAB-6814	ovary	6 week post conception	67	2.0	tpm	58735
E-MTAB-6814	ovary	6 week post conception	68	3.0	tpm	58735
E-MTAB-6814	ovary	6 week post conception	69	3.0	tpm	58735
E-MTAB-6814	ovary	6 week post conception	70	3.0	tpm	58735
E-MTAB-6814	ovary	6 week post conception	71	4.0	tpm	58735
E-MTAB-6814	ovary	6 week post conception	72	4.0	tpm	58735
E-MTAB-6814	ovary	6 week post conception	73	5.0	tpm	58735
E-MTAB-6814	ovary	6 week post conception	74	5.0	tpm	58735
E-MTAB-6814	ovary	6 week post conception	75	6.0	tpm	58735
E-MTAB-6814	ovary	6 week post conception	76	7.0	tpm	58735
E-MTAB-6814	ovary	6 week post conception	77	8.0	tpm	58735
E-MTAB-6814	ovary	6 week post conception	78	9.0	tpm	58735
E-MTAB-6814	ovary	6 week post conception	79	10.0	tpm	58735
E-MTAB-6814	ovary	6 week post conception	80	12.0	tpm	58735
E-MTAB-6814	ovary	6 week post conception	81	13.0	tpm	58735
E-MTAB-6814	ovary	6 week post conception	82	15.0	tpm	58735
E-MTAB-6814	ovary	6 week post conception	83	17.0	tpm	58735
E-MTAB-6814	ovary	6 week post conception	84	19.0	tpm	58735
E-MTAB-6814	ovary	6 week post conception	85	21.0	tpm	58735
E-MTAB-6814	ovary	6 week post conception	86	24.0	tpm	58735
E-MTAB-6814	ovary	6 week post conception	87	26.0	tpm	58735
E-MTAB-6814	ovary	6 week post conception	88	29.0	tpm	58735
E-MTAB-6814	ovary	6 week post conception	89	33.0	tpm	58735
E-MTAB-6814	ovary	6 week post conception	90	36.0	tpm	58735
E-MTAB-6814	ovary	6 week post conception	91	40.0	tpm	58735
E-MTAB-6814	ovary	6 week post conception	92	45.0	tpm	58735
E-MTAB-6814	ovary	6 week post conception	93	51.0	tpm	58735
E-MTAB-6814	ovary	6 week post conception	94	58.0	tpm	58735
E-MTAB-6814	ovary	6 week post conception	95	67.0	tpm	58735
E-MTAB-6814	ovary	6 week post conception	96	78.0	tpm	58735
E-MTAB-6814	ovary	6 week post conception	97	96.0	tpm	58735
E-MTAB-6814	ovary	6 week post conception	98	126.32	tpm	58735
E-MTAB-6814	ovary	6 week post conception	99	205.0	tpm	58735
E-MTAB-6814	ovary	6 week post conception	100	22509.0	tpm	58735
E-MTAB-6814	ovary	7 week post conception	0	0.0	tpm	58735
E-MTAB-6814	ovary	7 week post conception	1	0.0	tpm	58735
E-MTAB-6814	ovary	7 week post conception	2	0.0	tpm	58735
E-MTAB-6814	ovary	7 week post conception	3	0.0	tpm	58735
E-MTAB-6814	ovary	7 week post conception	4	0.0	tpm	58735
E-MTAB-6814	ovary	7 week post conception	5	0.0	tpm	58735
E-MTAB-6814	ovary	7 week post conception	6	0.0	tpm	58735
E-MTAB-6814	ovary	7 week post conception	7	0.0	tpm	58735
E-MTAB-6814	ovary	7 week post conception	8	0.0	tpm	58735
E-MTAB-6814	ovary	7 week post conception	9	0.0	tpm	58735
E-MTAB-6814	ovary	7 week post conception	10	0.0	tpm	58735
E-MTAB-6814	ovary	7 week post conception	11	0.0	tpm	58735
E-MTAB-6814	ovary	7 week post conception	12	0.0	tpm	58735
E-MTAB-6814	ovary	7 week post conception	13	0.0	tpm	58735
E-MTAB-6814	ovary	7 week post conception	14	0.0	tpm	58735
E-MTAB-6814	ovary	7 week post conception	15	0.0	tpm	58735
E-MTAB-6814	ovary	7 week post conception	16	0.0	tpm	58735
E-MTAB-6814	ovary	7 week post conception	17	0.0	tpm	58735
E-MTAB-6814	ovary	7 week post conception	18	0.0	tpm	58735
E-MTAB-6814	ovary	7 week post conception	19	0.0	tpm	58735
E-MTAB-6814	ovary	7 week post conception	20	0.0	tpm	58735
E-MTAB-6814	ovary	7 week post conception	21	0.0	tpm	58735
E-MTAB-6814	ovary	7 week post conception	22	0.0	tpm	58735
E-MTAB-6814	ovary	7 week post conception	23	0.0	tpm	58735
E-MTAB-6814	ovary	7 week post conception	24	0.0	tpm	58735
E-MTAB-6814	ovary	7 week post conception	25	0.0	tpm	58735
E-MTAB-6814	ovary	7 week post conception	26	0.0	tpm	58735
E-MTAB-6814	ovary	7 week post conception	27	0.0	tpm	58735
E-MTAB-6814	ovary	7 week post conception	28	0.0	tpm	58735
E-MTAB-6814	ovary	7 week post conception	29	0.0	tpm	58735
E-MTAB-6814	ovary	7 week post conception	30	0.0	tpm	58735
E-MTAB-6814	ovary	7 week post conception	31	0.0	tpm	58735
E-MTAB-6814	ovary	7 week post conception	32	0.0	tpm	58735
E-MTAB-6814	ovary	7 week post conception	33	0.0	tpm	58735
E-MTAB-6814	ovary	7 week post conception	34	0.0	tpm	58735
E-MTAB-6814	ovary	7 week post conception	35	0.0	tpm	58735
E-MTAB-6814	ovary	7 week post conception	36	0.0	tpm	58735
E-MTAB-6814	ovary	7 week post conception	37	0.0	tpm	58735
E-MTAB-6814	ovary	7 week post conception	38	0.0	tpm	58735
E-MTAB-6814	ovary	7 week post conception	39	0.0	tpm	58735
E-MTAB-6814	ovary	7 week post conception	40	0.0	tpm	58735
E-MTAB-6814	ovary	7 week post conception	41	0.0	tpm	58735
E-MTAB-6814	ovary	7 week post conception	42	0.1	tpm	58735
E-MTAB-6814	ovary	7 week post conception	43	0.1	tpm	58735
E-MTAB-6814	ovary	7 week post conception	44	0.1	tpm	58735
E-MTAB-6814	ovary	7 week post conception	45	0.2	tpm	58735
E-MTAB-6814	ovary	7 week post conception	46	0.2	tpm	58735
E-MTAB-6814	ovary	7 week post conception	47	0.2	tpm	58735
E-MTAB-6814	ovary	7 week post conception	48	0.2	tpm	58735
E-MTAB-6814	ovary	7 week post conception	49	0.3	tpm	58735
E-MTAB-6814	ovary	7 week post conception	50	0.3	tpm	58735
E-MTAB-6814	ovary	7 week post conception	51	0.3	tpm	58735
E-MTAB-6814	ovary	7 week post conception	52	0.4	tpm	58735
E-MTAB-6814	ovary	7 week post conception	53	0.4	tpm	58735
E-MTAB-6814	ovary	7 week post conception	54	0.5	tpm	58735
E-MTAB-6814	ovary	7 week post conception	55	0.5	tpm	58735
E-MTAB-6814	ovary	7 week post conception	56	0.6	tpm	58735
E-MTAB-6814	ovary	7 week post conception	57	0.7	tpm	58735
E-MTAB-6814	ovary	7 week post conception	58	0.8	tpm	58735
E-MTAB-6814	ovary	7 week post conception	59	0.8	tpm	58735
E-MTAB-6814	ovary	7 week post conception	60	0.9	tpm	58735
E-MTAB-6814	ovary	7 week post conception	61	1.0	tpm	58735
E-MTAB-6814	ovary	7 week post conception	62	1.0	tpm	58735
E-MTAB-6814	ovary	7 week post conception	63	1.0	tpm	58735
E-MTAB-6814	ovary	7 week post conception	64	1.0	tpm	58735
E-MTAB-6814	ovary	7 week post conception	65	2.0	tpm	58735
E-MTAB-6814	ovary	7 week post conception	66	2.0	tpm	58735
E-MTAB-6814	ovary	7 week post conception	67	2.0	tpm	58735
E-MTAB-6814	ovary	7 week post conception	68	2.0	tpm	58735
E-MTAB-6814	ovary	7 week post conception	69	2.0	tpm	58735
E-MTAB-6814	ovary	7 week post conception	70	3.0	tpm	58735
E-MTAB-6814	ovary	7 week post conception	71	3.0	tpm	58735
E-MTAB-6814	ovary	7 week post conception	72	4.0	tpm	58735
E-MTAB-6814	ovary	7 week post conception	73	4.0	tpm	58735
E-MTAB-6814	ovary	7 week post conception	74	5.0	tpm	58735
E-MTAB-6814	ovary	7 week post conception	75	5.0	tpm	58735
E-MTAB-6814	ovary	7 week post conception	76	6.0	tpm	58735
E-MTAB-6814	ovary	7 week post conception	77	7.0	tpm	58735
E-MTAB-6814	ovary	7 week post conception	78	8.0	tpm	58735
E-MTAB-6814	ovary	7 week post conception	79	9.0	tpm	58735
E-MTAB-6814	ovary	7 week post conception	80	11.0	tpm	58735
E-MTAB-6814	ovary	7 week post conception	81	12.0	tpm	58735
E-MTAB-6814	ovary	7 week post conception	82	14.0	tpm	58735
E-MTAB-6814	ovary	7 week post conception	83	16.0	tpm	58735
E-MTAB-6814	ovary	7 week post conception	84	18.0	tpm	58735
E-MTAB-6814	ovary	7 week post conception	85	20.0	tpm	58735
E-MTAB-6814	ovary	7 week post conception	86	22.0	tpm	58735
E-MTAB-6814	ovary	7 week post conception	87	25.0	tpm	58735
E-MTAB-6814	ovary	7 week post conception	88	28.0	tpm	58735
E-MTAB-6814	ovary	7 week post conception	89	31.0	tpm	58735
E-MTAB-6814	ovary	7 week post conception	90	34.0	tpm	58735
E-MTAB-6814	ovary	7 week post conception	91	38.0	tpm	58735
E-MTAB-6814	ovary	7 week post conception	92	43.0	tpm	58735
E-MTAB-6814	ovary	7 week post conception	93	49.0	tpm	58735
E-MTAB-6814	ovary	7 week post conception	94	55.0	tpm	58735
E-MTAB-6814	ovary	7 week post conception	95	64.0	tpm	58735
E-MTAB-6814	ovary	7 week post conception	96	74.0	tpm	58735
E-MTAB-6814	ovary	7 week post conception	97	91.0	tpm	58735
E-MTAB-6814	ovary	7 week post conception	98	119.0	tpm	58735
E-MTAB-6814	ovary	7 week post conception	99	190.0	tpm	58735
E-MTAB-6814	ovary	7 week post conception	100	27186.0	tpm	58735
E-MTAB-6814	ovary	8 week post conception	0	0.0	tpm	58735
E-MTAB-6814	ovary	8 week post conception	1	0.0	tpm	58735
E-MTAB-6814	ovary	8 week post conception	2	0.0	tpm	58735
E-MTAB-6814	ovary	8 week post conception	3	0.0	tpm	58735
E-MTAB-6814	ovary	8 week post conception	4	0.0	tpm	58735
E-MTAB-6814	ovary	8 week post conception	5	0.0	tpm	58735
E-MTAB-6814	ovary	8 week post conception	6	0.0	tpm	58735
E-MTAB-6814	ovary	8 week post conception	7	0.0	tpm	58735
E-MTAB-6814	ovary	8 week post conception	8	0.0	tpm	58735
E-MTAB-6814	ovary	8 week post conception	9	0.0	tpm	58735
E-MTAB-6814	ovary	8 week post conception	10	0.0	tpm	58735
E-MTAB-6814	ovary	8 week post conception	11	0.0	tpm	58735
E-MTAB-6814	ovary	8 week post conception	12	0.0	tpm	58735
E-MTAB-6814	ovary	8 week post conception	13	0.0	tpm	58735
E-MTAB-6814	ovary	8 week post conception	14	0.0	tpm	58735
E-MTAB-6814	ovary	8 week post conception	15	0.0	tpm	58735
E-MTAB-6814	ovary	8 week post conception	16	0.0	tpm	58735
E-MTAB-6814	ovary	8 week post conception	17	0.0	tpm	58735
E-MTAB-6814	ovary	8 week post conception	18	0.0	tpm	58735
E-MTAB-6814	ovary	8 week post conception	19	0.0	tpm	58735
E-MTAB-6814	ovary	8 week post conception	20	0.0	tpm	58735
E-MTAB-6814	ovary	8 week post conception	21	0.0	tpm	58735
E-MTAB-6814	ovary	8 week post conception	22	0.0	tpm	58735
E-MTAB-6814	ovary	8 week post conception	23	0.0	tpm	58735
E-MTAB-6814	ovary	8 week post conception	24	0.0	tpm	58735
E-MTAB-6814	ovary	8 week post conception	25	0.0	tpm	58735
E-MTAB-6814	ovary	8 week post conception	26	0.0	tpm	58735
E-MTAB-6814	ovary	8 week post conception	27	0.0	tpm	58735
E-MTAB-6814	ovary	8 week post conception	28	0.0	tpm	58735
E-MTAB-6814	ovary	8 week post conception	29	0.0	tpm	58735
E-MTAB-6814	ovary	8 week post conception	30	0.0	tpm	58735
E-MTAB-6814	ovary	8 week post conception	31	0.0	tpm	58735
E-MTAB-6814	ovary	8 week post conception	32	0.0	tpm	58735
E-MTAB-6814	ovary	8 week post conception	33	0.0	tpm	58735
E-MTAB-6814	ovary	8 week post conception	34	0.0	tpm	58735
E-MTAB-6814	ovary	8 week post conception	35	0.0	tpm	58735
E-MTAB-6814	ovary	8 week post conception	36	0.0	tpm	58735
E-MTAB-6814	ovary	8 week post conception	37	0.0	tpm	58735
E-MTAB-6814	ovary	8 week post conception	38	0.0	tpm	58735
E-MTAB-6814	ovary	8 week post conception	39	0.0	tpm	58735
E-MTAB-6814	ovary	8 week post conception	40	0.0	tpm	58735
E-MTAB-6814	ovary	8 week post conception	41	0.0	tpm	58735
E-MTAB-6814	ovary	8 week post conception	42	0.0	tpm	58735
E-MTAB-6814	ovary	8 week post conception	43	0.1	tpm	58735
E-MTAB-6814	ovary	8 week post conception	44	0.1	tpm	58735
E-MTAB-6814	ovary	8 week post conception	45	0.1	tpm	58735
E-MTAB-6814	ovary	8 week post conception	46	0.1	tpm	58735
E-MTAB-6814	ovary	8 week post conception	47	0.1	tpm	58735
E-MTAB-6814	ovary	8 week post conception	48	0.2	tpm	58735
E-MTAB-6814	ovary	8 week post conception	49	0.2	tpm	58735
E-MTAB-6814	ovary	8 week post conception	50	0.2	tpm	58735
E-MTAB-6814	ovary	8 week post conception	51	0.2	tpm	58735
E-MTAB-6814	ovary	8 week post conception	52	0.3	tpm	58735
E-MTAB-6814	ovary	8 week post conception	53	0.3	tpm	58735
E-MTAB-6814	ovary	8 week post conception	54	0.4	tpm	58735
E-MTAB-6814	ovary	8 week post conception	55	0.4	tpm	58735
E-MTAB-6814	ovary	8 week post conception	56	0.5	tpm	58735
E-MTAB-6814	ovary	8 week post conception	57	0.5	tpm	58735
E-MTAB-6814	ovary	8 week post conception	58	0.6	tpm	58735
E-MTAB-6814	ovary	8 week post conception	59	0.7	tpm	58735
E-MTAB-6814	ovary	8 week post conception	60	0.7	tpm	58735
E-MTAB-6814	ovary	8 week post conception	61	0.8	tpm	58735
E-MTAB-6814	ovary	8 week post conception	62	0.9	tpm	58735
E-MTAB-6814	ovary	8 week post conception	63	1.0	tpm	58735
E-MTAB-6814	ovary	8 week post conception	64	1.0	tpm	58735
E-MTAB-6814	ovary	8 week post conception	65	1.0	tpm	58735
E-MTAB-6814	ovary	8 week post conception	66	2.0	tpm	58735
E-MTAB-6814	ovary	8 week post conception	67	2.0	tpm	58735
E-MTAB-6814	ovary	8 week post conception	68	2.0	tpm	58735
E-MTAB-6814	ovary	8 week post conception	69	2.0	tpm	58735
E-MTAB-6814	ovary	8 week post conception	70	3.0	tpm	58735
E-MTAB-6814	ovary	8 week post conception	71	3.0	tpm	58735
E-MTAB-6814	ovary	8 week post conception	72	3.0	tpm	58735
E-MTAB-6814	ovary	8 week post conception	73	4.0	tpm	58735
E-MTAB-6814	ovary	8 week post conception	74	4.0	tpm	58735
E-MTAB-6814	ovary	8 week post conception	75	5.0	tpm	58735
E-MTAB-6814	ovary	8 week post conception	76	6.0	tpm	58735
E-MTAB-6814	ovary	8 week post conception	77	7.0	tpm	58735
E-MTAB-6814	ovary	8 week post conception	78	8.0	tpm	58735
E-MTAB-6814	ovary	8 week post conception	79	9.0	tpm	58735
E-MTAB-6814	ovary	8 week post conception	80	10.0	tpm	58735
E-MTAB-6814	ovary	8 week post conception	81	11.0	tpm	58735
E-MTAB-6814	ovary	8 week post conception	82	13.0	tpm	58735
E-MTAB-6814	ovary	8 week post conception	83	14.0	tpm	58735
E-MTAB-6814	ovary	8 week post conception	84	16.0	tpm	58735
E-MTAB-6814	ovary	8 week post conception	85	18.0	tpm	58735
E-MTAB-6814	ovary	8 week post conception	86	20.0	tpm	58735
E-MTAB-6814	ovary	8 week post conception	87	22.0	tpm	58735
E-MTAB-6814	ovary	8 week post conception	88	25.0	tpm	58735
E-MTAB-6814	ovary	8 week post conception	89	28.0	tpm	58735
E-MTAB-6814	ovary	8 week post conception	90	31.0	tpm	58735
E-MTAB-6814	ovary	8 week post conception	91	35.0	tpm	58735
E-MTAB-6814	ovary	8 week post conception	92	40.0	tpm	58735
E-MTAB-6814	ovary	8 week post conception	93	45.0	tpm	58735
E-MTAB-6814	ovary	8 week post conception	94	52.0	tpm	58735
E-MTAB-6814	ovary	8 week post conception	95	60.0	tpm	58735
E-MTAB-6814	ovary	8 week post conception	96	72.0	tpm	58735
E-MTAB-6814	ovary	8 week post conception	97	88.0	tpm	58735
E-MTAB-6814	ovary	8 week post conception	98	117.0	tpm	58735
E-MTAB-6814	ovary	8 week post conception	99	190.0	tpm	58735
E-MTAB-6814	ovary	8 week post conception	100	31485.0	tpm	58735
E-MTAB-6814	ovary	9 week post conception	0	0.0	tpm	58735
E-MTAB-6814	ovary	9 week post conception	1	0.0	tpm	58735
E-MTAB-6814	ovary	9 week post conception	2	0.0	tpm	58735
E-MTAB-6814	ovary	9 week post conception	3	0.0	tpm	58735
E-MTAB-6814	ovary	9 week post conception	4	0.0	tpm	58735
E-MTAB-6814	ovary	9 week post conception	5	0.0	tpm	58735
E-MTAB-6814	ovary	9 week post conception	6	0.0	tpm	58735
E-MTAB-6814	ovary	9 week post conception	7	0.0	tpm	58735
E-MTAB-6814	ovary	9 week post conception	8	0.0	tpm	58735
E-MTAB-6814	ovary	9 week post conception	9	0.0	tpm	58735
E-MTAB-6814	ovary	9 week post conception	10	0.0	tpm	58735
E-MTAB-6814	ovary	9 week post conception	11	0.0	tpm	58735
E-MTAB-6814	ovary	9 week post conception	12	0.0	tpm	58735
E-MTAB-6814	ovary	9 week post conception	13	0.0	tpm	58735
E-MTAB-6814	ovary	9 week post conception	14	0.0	tpm	58735
E-MTAB-6814	ovary	9 week post conception	15	0.0	tpm	58735
E-MTAB-6814	ovary	9 week post conception	16	0.0	tpm	58735
E-MTAB-6814	ovary	9 week post conception	17	0.0	tpm	58735
E-MTAB-6814	ovary	9 week post conception	18	0.0	tpm	58735
E-MTAB-6814	ovary	9 week post conception	19	0.0	tpm	58735
E-MTAB-6814	ovary	9 week post conception	20	0.0	tpm	58735
E-MTAB-6814	ovary	9 week post conception	21	0.0	tpm	58735
E-MTAB-6814	ovary	9 week post conception	22	0.0	tpm	58735
E-MTAB-6814	ovary	9 week post conception	23	0.0	tpm	58735
E-MTAB-6814	ovary	9 week post conception	24	0.0	tpm	58735
E-MTAB-6814	ovary	9 week post conception	25	0.0	tpm	58735
E-MTAB-6814	ovary	9 week post conception	26	0.0	tpm	58735
E-MTAB-6814	ovary	9 week post conception	27	0.0	tpm	58735
E-MTAB-6814	ovary	9 week post conception	28	0.0	tpm	58735
E-MTAB-6814	ovary	9 week post conception	29	0.0	tpm	58735
E-MTAB-6814	ovary	9 week post conception	30	0.0	tpm	58735
E-MTAB-6814	ovary	9 week post conception	31	0.0	tpm	58735
E-MTAB-6814	ovary	9 week post conception	32	0.0	tpm	58735
E-MTAB-6814	ovary	9 week post conception	33	0.0	tpm	58735
E-MTAB-6814	ovary	9 week post conception	34	0.0	tpm	58735
E-MTAB-6814	ovary	9 week post conception	35	0.0	tpm	58735
E-MTAB-6814	ovary	9 week post conception	36	0.0	tpm	58735
E-MTAB-6814	ovary	9 week post conception	37	0.0	tpm	58735
E-MTAB-6814	ovary	9 week post conception	38	0.0	tpm	58735
E-MTAB-6814	ovary	9 week post conception	39	0.0	tpm	58735
E-MTAB-6814	ovary	9 week post conception	40	0.0	tpm	58735
E-MTAB-6814	ovary	9 week post conception	41	0.0	tpm	58735
E-MTAB-6814	ovary	9 week post conception	42	0.0	tpm	58735
E-MTAB-6814	ovary	9 week post conception	43	0.0	tpm	58735
E-MTAB-6814	ovary	9 week post conception	44	0.0	tpm	58735
E-MTAB-6814	ovary	9 week post conception	45	0.0	tpm	58735
E-MTAB-6814	ovary	9 week post conception	46	0.0	tpm	58735
E-MTAB-6814	ovary	9 week post conception	47	0.0	tpm	58735
E-MTAB-6814	ovary	9 week post conception	48	0.0	tpm	58735
E-MTAB-6814	ovary	9 week post conception	49	0.0	tpm	58735
E-MTAB-6814	ovary	9 week post conception	50	0.1	tpm	58735
E-MTAB-6814	ovary	9 week post conception	51	0.1	tpm	58735
E-MTAB-6814	ovary	9 week post conception	52	0.2	tpm	58735
E-MTAB-6814	ovary	9 week post conception	53	0.2	tpm	58735
E-MTAB-6814	ovary	9 week post conception	54	0.2	tpm	58735
E-MTAB-6814	ovary	9 week post conception	55	0.3	tpm	58735
E-MTAB-6814	ovary	9 week post conception	56	0.3	tpm	58735
E-MTAB-6814	ovary	9 week post conception	57	0.4	tpm	58735
E-MTAB-6814	ovary	9 week post conception	58	0.4	tpm	58735
E-MTAB-6814	ovary	9 week post conception	59	0.5	tpm	58735
E-MTAB-6814	ovary	9 week post conception	60	0.6	tpm	58735
E-MTAB-6814	ovary	9 week post conception	61	0.7	tpm	58735
E-MTAB-6814	ovary	9 week post conception	62	0.8	tpm	58735
E-MTAB-6814	ovary	9 week post conception	63	0.9	tpm	58735
E-MTAB-6814	ovary	9 week post conception	64	1.0	tpm	58735
E-MTAB-6814	ovary	9 week post conception	65	1.0	tpm	58735
E-MTAB-6814	ovary	9 week post conception	66	1.0	tpm	58735
E-MTAB-6814	ovary	9 week post conception	67	2.0	tpm	58735
E-MTAB-6814	ovary	9 week post conception	68	2.0	tpm	58735
E-MTAB-6814	ovary	9 week post conception	69	2.0	tpm	58735
E-MTAB-6814	ovary	9 week post conception	70	2.0	tpm	58735
E-MTAB-6814	ovary	9 week post conception	71	3.0	tpm	58735
E-MTAB-6814	ovary	9 week post conception	72	3.0	tpm	58735
E-MTAB-6814	ovary	9 week post conception	73	4.0	tpm	58735
E-MTAB-6814	ovary	9 week post conception	74	4.0	tpm	58735
E-MTAB-6814	ovary	9 week post conception	75	5.0	tpm	58735
E-MTAB-6814	ovary	9 week post conception	76	5.0	tpm	58735
E-MTAB-6814	ovary	9 week post conception	77	6.0	tpm	58735
E-MTAB-6814	ovary	9 week post conception	78	7.0	tpm	58735
E-MTAB-6814	ovary	9 week post conception	79	8.0	tpm	58735
E-MTAB-6814	ovary	9 week post conception	80	9.0	tpm	58735
E-MTAB-6814	ovary	9 week post conception	81	11.0	tpm	58735
E-MTAB-6814	ovary	9 week post conception	82	12.0	tpm	58735
E-MTAB-6814	ovary	9 week post conception	83	14.0	tpm	58735
E-MTAB-6814	ovary	9 week post conception	84	16.0	tpm	58735
E-MTAB-6814	ovary	9 week post conception	85	17.0	tpm	58735
E-MTAB-6814	ovary	9 week post conception	86	20.0	tpm	58735
E-MTAB-6814	ovary	9 week post conception	87	22.0	tpm	58735
E-MTAB-6814	ovary	9 week post conception	88	25.0	tpm	58735
E-MTAB-6814	ovary	9 week post conception	89	28.0	tpm	58735
E-MTAB-6814	ovary	9 week post conception	90	32.0	tpm	58735
E-MTAB-6814	ovary	9 week post conception	91	36.0	tpm	58735
E-MTAB-6814	ovary	9 week post conception	92	41.0	tpm	58735
E-MTAB-6814	ovary	9 week post conception	93	47.0	tpm	58735
E-MTAB-6814	ovary	9 week post conception	94	55.0	tpm	58735
E-MTAB-6814	ovary	9 week post conception	95	64.0	tpm	58735
E-MTAB-6814	ovary	9 week post conception	96	78.0	tpm	58735
E-MTAB-6814	ovary	9 week post conception	97	97.0	tpm	58735
E-MTAB-6814	ovary	9 week post conception	98	130.0	tpm	58735
E-MTAB-6814	ovary	9 week post conception	99	220.66	tpm	58735
E-MTAB-6814	ovary	9 week post conception	100	18575.0	tpm	58735
E-MTAB-6814	testis	10 week post conception	0	0.0	tpm	58735
E-MTAB-6814	testis	10 week post conception	1	0.0	tpm	58735
E-MTAB-6814	testis	10 week post conception	2	0.0	tpm	58735
E-MTAB-6814	testis	10 week post conception	3	0.0	tpm	58735
E-MTAB-6814	testis	10 week post conception	4	0.0	tpm	58735
E-MTAB-6814	testis	10 week post conception	5	0.0	tpm	58735
E-MTAB-6814	testis	10 week post conception	6	0.0	tpm	58735
E-MTAB-6814	testis	10 week post conception	7	0.0	tpm	58735
E-MTAB-6814	testis	10 week post conception	8	0.0	tpm	58735
E-MTAB-6814	testis	10 week post conception	9	0.0	tpm	58735
E-MTAB-6814	testis	10 week post conception	10	0.0	tpm	58735
E-MTAB-6814	testis	10 week post conception	11	0.0	tpm	58735
E-MTAB-6814	testis	10 week post conception	12	0.0	tpm	58735
E-MTAB-6814	testis	10 week post conception	13	0.0	tpm	58735
E-MTAB-6814	testis	10 week post conception	14	0.0	tpm	58735
E-MTAB-6814	testis	10 week post conception	15	0.0	tpm	58735
E-MTAB-6814	testis	10 week post conception	16	0.0	tpm	58735
E-MTAB-6814	testis	10 week post conception	17	0.0	tpm	58735
E-MTAB-6814	testis	10 week post conception	18	0.0	tpm	58735
E-MTAB-6814	testis	10 week post conception	19	0.0	tpm	58735
E-MTAB-6814	testis	10 week post conception	20	0.0	tpm	58735
E-MTAB-6814	testis	10 week post conception	21	0.0	tpm	58735
E-MTAB-6814	testis	10 week post conception	22	0.0	tpm	58735
E-MTAB-6814	testis	10 week post conception	23	0.0	tpm	58735
E-MTAB-6814	testis	10 week post conception	24	0.0	tpm	58735
E-MTAB-6814	testis	10 week post conception	25	0.0	tpm	58735
E-MTAB-6814	testis	10 week post conception	26	0.0	tpm	58735
E-MTAB-6814	testis	10 week post conception	27	0.0	tpm	58735
E-MTAB-6814	testis	10 week post conception	28	0.0	tpm	58735
E-MTAB-6814	testis	10 week post conception	29	0.0	tpm	58735
E-MTAB-6814	testis	10 week post conception	30	0.0	tpm	58735
E-MTAB-6814	testis	10 week post conception	31	0.0	tpm	58735
E-MTAB-6814	testis	10 week post conception	32	0.0	tpm	58735
E-MTAB-6814	testis	10 week post conception	33	0.0	tpm	58735
E-MTAB-6814	testis	10 week post conception	34	0.0	tpm	58735
E-MTAB-6814	testis	10 week post conception	35	0.0	tpm	58735
E-MTAB-6814	testis	10 week post conception	36	0.0	tpm	58735
E-MTAB-6814	testis	10 week post conception	37	0.0	tpm	58735
E-MTAB-6814	testis	10 week post conception	38	0.0	tpm	58735
E-MTAB-6814	testis	10 week post conception	39	0.0	tpm	58735
E-MTAB-6814	testis	10 week post conception	40	0.0	tpm	58735
E-MTAB-6814	testis	10 week post conception	41	0.0	tpm	58735
E-MTAB-6814	testis	10 week post conception	42	0.0	tpm	58735
E-MTAB-6814	testis	10 week post conception	43	0.0	tpm	58735
E-MTAB-6814	testis	10 week post conception	44	0.0	tpm	58735
E-MTAB-6814	testis	10 week post conception	45	0.1	tpm	58735
E-MTAB-6814	testis	10 week post conception	46	0.1	tpm	58735
E-MTAB-6814	testis	10 week post conception	47	0.1	tpm	58735
E-MTAB-6814	testis	10 week post conception	48	0.1	tpm	58735
E-MTAB-6814	testis	10 week post conception	49	0.1	tpm	58735
E-MTAB-6814	testis	10 week post conception	50	0.1	tpm	58735
E-MTAB-6814	testis	10 week post conception	51	0.2	tpm	58735
E-MTAB-6814	testis	10 week post conception	52	0.2	tpm	58735
E-MTAB-6814	testis	10 week post conception	53	0.2	tpm	58735
E-MTAB-6814	testis	10 week post conception	54	0.2	tpm	58735
E-MTAB-6814	testis	10 week post conception	55	0.3	tpm	58735
E-MTAB-6814	testis	10 week post conception	56	0.3	tpm	58735
E-MTAB-6814	testis	10 week post conception	57	0.3	tpm	58735
E-MTAB-6814	testis	10 week post conception	58	0.4	tpm	58735
E-MTAB-6814	testis	10 week post conception	59	0.4	tpm	58735
E-MTAB-6814	testis	10 week post conception	60	0.5	tpm	58735
E-MTAB-6814	testis	10 week post conception	61	0.6	tpm	58735
E-MTAB-6814	testis	10 week post conception	62	0.6	tpm	58735
E-MTAB-6814	testis	10 week post conception	63	0.7	tpm	58735
E-MTAB-6814	testis	10 week post conception	64	0.8	tpm	58735
E-MTAB-6814	testis	10 week post conception	65	0.9	tpm	58735
E-MTAB-6814	testis	10 week post conception	66	1.0	tpm	58735
E-MTAB-6814	testis	10 week post conception	67	1.0	tpm	58735
E-MTAB-6814	testis	10 week post conception	68	1.0	tpm	58735
E-MTAB-6814	testis	10 week post conception	69	1.0	tpm	58735
E-MTAB-6814	testis	10 week post conception	70	2.0	tpm	58735
E-MTAB-6814	testis	10 week post conception	71	2.0	tpm	58735
E-MTAB-6814	testis	10 week post conception	72	2.0	tpm	58735
E-MTAB-6814	testis	10 week post conception	73	3.0	tpm	58735
E-MTAB-6814	testis	10 week post conception	74	3.0	tpm	58735
E-MTAB-6814	testis	10 week post conception	75	3.0	tpm	58735
E-MTAB-6814	testis	10 week post conception	76	4.0	tpm	58735
E-MTAB-6814	testis	10 week post conception	77	5.0	tpm	58735
E-MTAB-6814	testis	10 week post conception	78	6.0	tpm	58735
E-MTAB-6814	testis	10 week post conception	79	6.0	tpm	58735
E-MTAB-6814	testis	10 week post conception	80	7.0	tpm	58735
E-MTAB-6814	testis	10 week post conception	81	9.0	tpm	58735
E-MTAB-6814	testis	10 week post conception	82	10.0	tpm	58735
E-MTAB-6814	testis	10 week post conception	83	11.0	tpm	58735
E-MTAB-6814	testis	10 week post conception	84	13.0	tpm	58735
E-MTAB-6814	testis	10 week post conception	85	15.0	tpm	58735
E-MTAB-6814	testis	10 week post conception	86	17.0	tpm	58735
E-MTAB-6814	testis	10 week post conception	87	19.0	tpm	58735
E-MTAB-6814	testis	10 week post conception	88	21.0	tpm	58735
E-MTAB-6814	testis	10 week post conception	89	24.0	tpm	58735
E-MTAB-6814	testis	10 week post conception	90	27.0	tpm	58735
E-MTAB-6814	testis	10 week post conception	91	31.0	tpm	58735
E-MTAB-6814	testis	10 week post conception	92	35.0	tpm	58735
E-MTAB-6814	testis	10 week post conception	93	39.0	tpm	58735
E-MTAB-6814	testis	10 week post conception	94	46.0	tpm	58735
E-MTAB-6814	testis	10 week post conception	95	53.3	tpm	58735
E-MTAB-6814	testis	10 week post conception	96	65.0	tpm	58735
E-MTAB-6814	testis	10 week post conception	97	81.0	tpm	58735
E-MTAB-6814	testis	10 week post conception	98	112.0	tpm	58735
E-MTAB-6814	testis	10 week post conception	99	194.0	tpm	58735
E-MTAB-6814	testis	10 week post conception	100	31253.0	tpm	58735
E-MTAB-6814	testis	11 week post conception	0	0.0	tpm	58735
E-MTAB-6814	testis	11 week post conception	1	0.0	tpm	58735
E-MTAB-6814	testis	11 week post conception	2	0.0	tpm	58735
E-MTAB-6814	testis	11 week post conception	3	0.0	tpm	58735
E-MTAB-6814	testis	11 week post conception	4	0.0	tpm	58735
E-MTAB-6814	testis	11 week post conception	5	0.0	tpm	58735
E-MTAB-6814	testis	11 week post conception	6	0.0	tpm	58735
E-MTAB-6814	testis	11 week post conception	7	0.0	tpm	58735
E-MTAB-6814	testis	11 week post conception	8	0.0	tpm	58735
E-MTAB-6814	testis	11 week post conception	9	0.0	tpm	58735
E-MTAB-6814	testis	11 week post conception	10	0.0	tpm	58735
E-MTAB-6814	testis	11 week post conception	11	0.0	tpm	58735
E-MTAB-6814	testis	11 week post conception	12	0.0	tpm	58735
E-MTAB-6814	testis	11 week post conception	13	0.0	tpm	58735
E-MTAB-6814	testis	11 week post conception	14	0.0	tpm	58735
E-MTAB-6814	testis	11 week post conception	15	0.0	tpm	58735
E-MTAB-6814	testis	11 week post conception	16	0.0	tpm	58735
E-MTAB-6814	testis	11 week post conception	17	0.0	tpm	58735
E-MTAB-6814	testis	11 week post conception	18	0.0	tpm	58735
E-MTAB-6814	testis	11 week post conception	19	0.0	tpm	58735
E-MTAB-6814	testis	11 week post conception	20	0.0	tpm	58735
E-MTAB-6814	testis	11 week post conception	21	0.0	tpm	58735
E-MTAB-6814	testis	11 week post conception	22	0.0	tpm	58735
E-MTAB-6814	testis	11 week post conception	23	0.0	tpm	58735
E-MTAB-6814	testis	11 week post conception	24	0.0	tpm	58735
E-MTAB-6814	testis	11 week post conception	25	0.0	tpm	58735
E-MTAB-6814	testis	11 week post conception	26	0.0	tpm	58735
E-MTAB-6814	testis	11 week post conception	27	0.0	tpm	58735
E-MTAB-6814	testis	11 week post conception	28	0.0	tpm	58735
E-MTAB-6814	testis	11 week post conception	29	0.0	tpm	58735
E-MTAB-6814	testis	11 week post conception	30	0.0	tpm	58735
E-MTAB-6814	testis	11 week post conception	31	0.0	tpm	58735
E-MTAB-6814	testis	11 week post conception	32	0.0	tpm	58735
E-MTAB-6814	testis	11 week post conception	33	0.0	tpm	58735
E-MTAB-6814	testis	11 week post conception	34	0.0	tpm	58735
E-MTAB-6814	testis	11 week post conception	35	0.0	tpm	58735
E-MTAB-6814	testis	11 week post conception	36	0.0	tpm	58735
E-MTAB-6814	testis	11 week post conception	37	0.0	tpm	58735
E-MTAB-6814	testis	11 week post conception	38	0.0	tpm	58735
E-MTAB-6814	testis	11 week post conception	39	0.0	tpm	58735
E-MTAB-6814	testis	11 week post conception	40	0.0	tpm	58735
E-MTAB-6814	testis	11 week post conception	41	0.0	tpm	58735
E-MTAB-6814	testis	11 week post conception	42	0.0	tpm	58735
E-MTAB-6814	testis	11 week post conception	43	0.0	tpm	58735
E-MTAB-6814	testis	11 week post conception	44	0.0	tpm	58735
E-MTAB-6814	testis	11 week post conception	45	0.0	tpm	58735
E-MTAB-6814	testis	11 week post conception	46	0.1	tpm	58735
E-MTAB-6814	testis	11 week post conception	47	0.1	tpm	58735
E-MTAB-6814	testis	11 week post conception	48	0.1	tpm	58735
E-MTAB-6814	testis	11 week post conception	49	0.1	tpm	58735
E-MTAB-6814	testis	11 week post conception	50	0.1	tpm	58735
E-MTAB-6814	testis	11 week post conception	51	0.1	tpm	58735
E-MTAB-6814	testis	11 week post conception	52	0.2	tpm	58735
E-MTAB-6814	testis	11 week post conception	53	0.2	tpm	58735
E-MTAB-6814	testis	11 week post conception	54	0.2	tpm	58735
E-MTAB-6814	testis	11 week post conception	55	0.2	tpm	58735
E-MTAB-6814	testis	11 week post conception	56	0.3	tpm	58735
E-MTAB-6814	testis	11 week post conception	57	0.3	tpm	58735
E-MTAB-6814	testis	11 week post conception	58	0.4	tpm	58735
E-MTAB-6814	testis	11 week post conception	59	0.4	tpm	58735
E-MTAB-6814	testis	11 week post conception	60	0.5	tpm	58735
E-MTAB-6814	testis	11 week post conception	61	0.5	tpm	58735
E-MTAB-6814	testis	11 week post conception	62	0.6	tpm	58735
E-MTAB-6814	testis	11 week post conception	63	0.7	tpm	58735
E-MTAB-6814	testis	11 week post conception	64	0.8	tpm	58735
E-MTAB-6814	testis	11 week post conception	65	0.9	tpm	58735
E-MTAB-6814	testis	11 week post conception	66	1.0	tpm	58735
E-MTAB-6814	testis	11 week post conception	67	1.0	tpm	58735
E-MTAB-6814	testis	11 week post conception	68	1.0	tpm	58735
E-MTAB-6814	testis	11 week post conception	69	1.0	tpm	58735
E-MTAB-6814	testis	11 week post conception	70	2.0	tpm	58735
E-MTAB-6814	testis	11 week post conception	71	2.0	tpm	58735
E-MTAB-6814	testis	11 week post conception	72	2.0	tpm	58735
E-MTAB-6814	testis	11 week post conception	73	3.0	tpm	58735
E-MTAB-6814	testis	11 week post conception	74	3.0	tpm	58735
E-MTAB-6814	testis	11 week post conception	75	3.0	tpm	58735
E-MTAB-6814	testis	11 week post conception	76	4.0	tpm	58735
E-MTAB-6814	testis	11 week post conception	77	5.0	tpm	58735
E-MTAB-6814	testis	11 week post conception	78	6.0	tpm	58735
E-MTAB-6814	testis	11 week post conception	79	7.0	tpm	58735
E-MTAB-6814	testis	11 week post conception	80	8.0	tpm	58735
E-MTAB-6814	testis	11 week post conception	81	9.0	tpm	58735
E-MTAB-6814	testis	11 week post conception	82	10.0	tpm	58735
E-MTAB-6814	testis	11 week post conception	83	12.0	tpm	58735
E-MTAB-6814	testis	11 week post conception	84	14.0	tpm	58735
E-MTAB-6814	testis	11 week post conception	85	16.0	tpm	58735
E-MTAB-6814	testis	11 week post conception	86	18.0	tpm	58735
E-MTAB-6814	testis	11 week post conception	87	20.0	tpm	58735
E-MTAB-6814	testis	11 week post conception	88	23.0	tpm	58735
E-MTAB-6814	testis	11 week post conception	89	26.0	tpm	58735
E-MTAB-6814	testis	11 week post conception	90	29.0	tpm	58735
E-MTAB-6814	testis	11 week post conception	91	33.0	tpm	58735
E-MTAB-6814	testis	11 week post conception	92	38.0	tpm	58735
E-MTAB-6814	testis	11 week post conception	93	43.0	tpm	58735
E-MTAB-6814	testis	11 week post conception	94	50.0	tpm	58735
E-MTAB-6814	testis	11 week post conception	95	59.0	tpm	58735
E-MTAB-6814	testis	11 week post conception	96	72.0	tpm	58735
E-MTAB-6814	testis	11 week post conception	97	90.0	tpm	58735
E-MTAB-6814	testis	11 week post conception	98	124.0	tpm	58735
E-MTAB-6814	testis	11 week post conception	99	213.0	tpm	58735
E-MTAB-6814	testis	11 week post conception	100	20341.0	tpm	58735
E-MTAB-6814	testis	12 week post conception	0	0.0	tpm	58735
E-MTAB-6814	testis	12 week post conception	1	0.0	tpm	58735
E-MTAB-6814	testis	12 week post conception	2	0.0	tpm	58735
E-MTAB-6814	testis	12 week post conception	3	0.0	tpm	58735
E-MTAB-6814	testis	12 week post conception	4	0.0	tpm	58735
E-MTAB-6814	testis	12 week post conception	5	0.0	tpm	58735
E-MTAB-6814	testis	12 week post conception	6	0.0	tpm	58735
E-MTAB-6814	testis	12 week post conception	7	0.0	tpm	58735
E-MTAB-6814	testis	12 week post conception	8	0.0	tpm	58735
E-MTAB-6814	testis	12 week post conception	9	0.0	tpm	58735
E-MTAB-6814	testis	12 week post conception	10	0.0	tpm	58735
E-MTAB-6814	testis	12 week post conception	11	0.0	tpm	58735
E-MTAB-6814	testis	12 week post conception	12	0.0	tpm	58735
E-MTAB-6814	testis	12 week post conception	13	0.0	tpm	58735
E-MTAB-6814	testis	12 week post conception	14	0.0	tpm	58735
E-MTAB-6814	testis	12 week post conception	15	0.0	tpm	58735
E-MTAB-6814	testis	12 week post conception	16	0.0	tpm	58735
E-MTAB-6814	testis	12 week post conception	17	0.0	tpm	58735
E-MTAB-6814	testis	12 week post conception	18	0.0	tpm	58735
E-MTAB-6814	testis	12 week post conception	19	0.0	tpm	58735
E-MTAB-6814	testis	12 week post conception	20	0.0	tpm	58735
E-MTAB-6814	testis	12 week post conception	21	0.0	tpm	58735
E-MTAB-6814	testis	12 week post conception	22	0.0	tpm	58735
E-MTAB-6814	testis	12 week post conception	23	0.0	tpm	58735
E-MTAB-6814	testis	12 week post conception	24	0.0	tpm	58735
E-MTAB-6814	testis	12 week post conception	25	0.0	tpm	58735
E-MTAB-6814	testis	12 week post conception	26	0.0	tpm	58735
E-MTAB-6814	testis	12 week post conception	27	0.0	tpm	58735
E-MTAB-6814	testis	12 week post conception	28	0.0	tpm	58735
E-MTAB-6814	testis	12 week post conception	29	0.0	tpm	58735
E-MTAB-6814	testis	12 week post conception	30	0.0	tpm	58735
E-MTAB-6814	testis	12 week post conception	31	0.0	tpm	58735
E-MTAB-6814	testis	12 week post conception	32	0.0	tpm	58735
E-MTAB-6814	testis	12 week post conception	33	0.0	tpm	58735
E-MTAB-6814	testis	12 week post conception	34	0.0	tpm	58735
E-MTAB-6814	testis	12 week post conception	35	0.0	tpm	58735
E-MTAB-6814	testis	12 week post conception	36	0.0	tpm	58735
E-MTAB-6814	testis	12 week post conception	37	0.0	tpm	58735
E-MTAB-6814	testis	12 week post conception	38	0.0	tpm	58735
E-MTAB-6814	testis	12 week post conception	39	0.0	tpm	58735
E-MTAB-6814	testis	12 week post conception	40	0.0	tpm	58735
E-MTAB-6814	testis	12 week post conception	41	0.0	tpm	58735
E-MTAB-6814	testis	12 week post conception	42	0.0	tpm	58735
E-MTAB-6814	testis	12 week post conception	43	0.0	tpm	58735
E-MTAB-6814	testis	12 week post conception	44	0.0	tpm	58735
E-MTAB-6814	testis	12 week post conception	45	0.0	tpm	58735
E-MTAB-6814	testis	12 week post conception	46	0.0	tpm	58735
E-MTAB-6814	testis	12 week post conception	47	0.0	tpm	58735
E-MTAB-6814	testis	12 week post conception	48	0.1	tpm	58735
E-MTAB-6814	testis	12 week post conception	49	0.1	tpm	58735
E-MTAB-6814	testis	12 week post conception	50	0.1	tpm	58735
E-MTAB-6814	testis	12 week post conception	51	0.1	tpm	58735
E-MTAB-6814	testis	12 week post conception	52	0.2	tpm	58735
E-MTAB-6814	testis	12 week post conception	53	0.2	tpm	58735
E-MTAB-6814	testis	12 week post conception	54	0.2	tpm	58735
E-MTAB-6814	testis	12 week post conception	55	0.3	tpm	58735
E-MTAB-6814	testis	12 week post conception	56	0.3	tpm	58735
E-MTAB-6814	testis	12 week post conception	57	0.3	tpm	58735
E-MTAB-6814	testis	12 week post conception	58	0.4	tpm	58735
E-MTAB-6814	testis	12 week post conception	59	0.4	tpm	58735
E-MTAB-6814	testis	12 week post conception	60	0.5	tpm	58735
E-MTAB-6814	testis	12 week post conception	61	0.6	tpm	58735
E-MTAB-6814	testis	12 week post conception	62	0.6	tpm	58735
E-MTAB-6814	testis	12 week post conception	63	0.7	tpm	58735
E-MTAB-6814	testis	12 week post conception	64	0.8	tpm	58735
E-MTAB-6814	testis	12 week post conception	65	0.9	tpm	58735
E-MTAB-6814	testis	12 week post conception	66	1.0	tpm	58735
E-MTAB-6814	testis	12 week post conception	67	1.0	tpm	58735
E-MTAB-6814	testis	12 week post conception	68	1.0	tpm	58735
E-MTAB-6814	testis	12 week post conception	69	1.0	tpm	58735
E-MTAB-6814	testis	12 week post conception	70	2.0	tpm	58735
E-MTAB-6814	testis	12 week post conception	71	2.0	tpm	58735
E-MTAB-6814	testis	12 week post conception	72	2.0	tpm	58735
E-MTAB-6814	testis	12 week post conception	73	3.0	tpm	58735
E-MTAB-6814	testis	12 week post conception	74	3.0	tpm	58735
E-MTAB-6814	testis	12 week post conception	75	3.0	tpm	58735
E-MTAB-6814	testis	12 week post conception	76	4.0	tpm	58735
E-MTAB-6814	testis	12 week post conception	77	5.0	tpm	58735
E-MTAB-6814	testis	12 week post conception	78	6.0	tpm	58735
E-MTAB-6814	testis	12 week post conception	79	7.0	tpm	58735
E-MTAB-6814	testis	12 week post conception	80	8.0	tpm	58735
E-MTAB-6814	testis	12 week post conception	81	9.0	tpm	58735
E-MTAB-6814	testis	12 week post conception	82	10.0	tpm	58735
E-MTAB-6814	testis	12 week post conception	83	12.0	tpm	58735
E-MTAB-6814	testis	12 week post conception	84	14.0	tpm	58735
E-MTAB-6814	testis	12 week post conception	85	16.0	tpm	58735
E-MTAB-6814	testis	12 week post conception	86	18.0	tpm	58735
E-MTAB-6814	testis	12 week post conception	87	20.0	tpm	58735
E-MTAB-6814	testis	12 week post conception	88	23.0	tpm	58735
E-MTAB-6814	testis	12 week post conception	89	26.0	tpm	58735
E-MTAB-6814	testis	12 week post conception	90	30.0	tpm	58735
E-MTAB-6814	testis	12 week post conception	91	34.0	tpm	58735
E-MTAB-6814	testis	12 week post conception	92	38.0	tpm	58735
E-MTAB-6814	testis	12 week post conception	93	44.0	tpm	58735
E-MTAB-6814	testis	12 week post conception	94	51.0	tpm	58735
E-MTAB-6814	testis	12 week post conception	95	60.0	tpm	58735
E-MTAB-6814	testis	12 week post conception	96	73.0	tpm	58735
E-MTAB-6814	testis	12 week post conception	97	93.0	tpm	58735
E-MTAB-6814	testis	12 week post conception	98	131.0	tpm	58735
E-MTAB-6814	testis	12 week post conception	99	217.0	tpm	58735
E-MTAB-6814	testis	12 week post conception	100	20000.0	tpm	58735
E-MTAB-6814	testis	13 week post conception	0	0.0	tpm	58735
E-MTAB-6814	testis	13 week post conception	1	0.0	tpm	58735
E-MTAB-6814	testis	13 week post conception	2	0.0	tpm	58735
E-MTAB-6814	testis	13 week post conception	3	0.0	tpm	58735
E-MTAB-6814	testis	13 week post conception	4	0.0	tpm	58735
E-MTAB-6814	testis	13 week post conception	5	0.0	tpm	58735
E-MTAB-6814	testis	13 week post conception	6	0.0	tpm	58735
E-MTAB-6814	testis	13 week post conception	7	0.0	tpm	58735
E-MTAB-6814	testis	13 week post conception	8	0.0	tpm	58735
E-MTAB-6814	testis	13 week post conception	9	0.0	tpm	58735
E-MTAB-6814	testis	13 week post conception	10	0.0	tpm	58735
E-MTAB-6814	testis	13 week post conception	11	0.0	tpm	58735
E-MTAB-6814	testis	13 week post conception	12	0.0	tpm	58735
E-MTAB-6814	testis	13 week post conception	13	0.0	tpm	58735
E-MTAB-6814	testis	13 week post conception	14	0.0	tpm	58735
E-MTAB-6814	testis	13 week post conception	15	0.0	tpm	58735
E-MTAB-6814	testis	13 week post conception	16	0.0	tpm	58735
E-MTAB-6814	testis	13 week post conception	17	0.0	tpm	58735
E-MTAB-6814	testis	13 week post conception	18	0.0	tpm	58735
E-MTAB-6814	testis	13 week post conception	19	0.0	tpm	58735
E-MTAB-6814	testis	13 week post conception	20	0.0	tpm	58735
E-MTAB-6814	testis	13 week post conception	21	0.0	tpm	58735
E-MTAB-6814	testis	13 week post conception	22	0.0	tpm	58735
E-MTAB-6814	testis	13 week post conception	23	0.0	tpm	58735
E-MTAB-6814	testis	13 week post conception	24	0.0	tpm	58735
E-MTAB-6814	testis	13 week post conception	25	0.0	tpm	58735
E-MTAB-6814	testis	13 week post conception	26	0.0	tpm	58735
E-MTAB-6814	testis	13 week post conception	27	0.0	tpm	58735
E-MTAB-6814	testis	13 week post conception	28	0.0	tpm	58735
E-MTAB-6814	testis	13 week post conception	29	0.0	tpm	58735
E-MTAB-6814	testis	13 week post conception	30	0.0	tpm	58735
E-MTAB-6814	testis	13 week post conception	31	0.0	tpm	58735
E-MTAB-6814	testis	13 week post conception	32	0.0	tpm	58735
E-MTAB-6814	testis	13 week post conception	33	0.0	tpm	58735
E-MTAB-6814	testis	13 week post conception	34	0.0	tpm	58735
E-MTAB-6814	testis	13 week post conception	35	0.0	tpm	58735
E-MTAB-6814	testis	13 week post conception	36	0.0	tpm	58735
E-MTAB-6814	testis	13 week post conception	37	0.0	tpm	58735
E-MTAB-6814	testis	13 week post conception	38	0.0	tpm	58735
E-MTAB-6814	testis	13 week post conception	39	0.0	tpm	58735
E-MTAB-6814	testis	13 week post conception	40	0.0	tpm	58735
E-MTAB-6814	testis	13 week post conception	41	0.0	tpm	58735
E-MTAB-6814	testis	13 week post conception	42	0.0	tpm	58735
E-MTAB-6814	testis	13 week post conception	43	0.0	tpm	58735
E-MTAB-6814	testis	13 week post conception	44	0.0	tpm	58735
E-MTAB-6814	testis	13 week post conception	45	0.0	tpm	58735
E-MTAB-6814	testis	13 week post conception	46	0.0	tpm	58735
E-MTAB-6814	testis	13 week post conception	47	0.0	tpm	58735
E-MTAB-6814	testis	13 week post conception	48	0.0	tpm	58735
E-MTAB-6814	testis	13 week post conception	49	0.1	tpm	58735
E-MTAB-6814	testis	13 week post conception	50	0.1	tpm	58735
E-MTAB-6814	testis	13 week post conception	51	0.2	tpm	58735
E-MTAB-6814	testis	13 week post conception	52	0.2	tpm	58735
E-MTAB-6814	testis	13 week post conception	53	0.2	tpm	58735
E-MTAB-6814	testis	13 week post conception	54	0.3	tpm	58735
E-MTAB-6814	testis	13 week post conception	55	0.3	tpm	58735
E-MTAB-6814	testis	13 week post conception	56	0.4	tpm	58735
E-MTAB-6814	testis	13 week post conception	57	0.4	tpm	58735
E-MTAB-6814	testis	13 week post conception	58	0.5	tpm	58735
E-MTAB-6814	testis	13 week post conception	59	0.5	tpm	58735
E-MTAB-6814	testis	13 week post conception	60	0.6	tpm	58735
E-MTAB-6814	testis	13 week post conception	61	0.7	tpm	58735
E-MTAB-6814	testis	13 week post conception	62	0.8	tpm	58735
E-MTAB-6814	testis	13 week post conception	63	0.9	tpm	58735
E-MTAB-6814	testis	13 week post conception	64	1.0	tpm	58735
E-MTAB-6814	testis	13 week post conception	65	1.0	tpm	58735
E-MTAB-6814	testis	13 week post conception	66	1.0	tpm	58735
E-MTAB-6814	testis	13 week post conception	67	1.0	tpm	58735
E-MTAB-6814	testis	13 week post conception	68	2.0	tpm	58735
E-MTAB-6814	testis	13 week post conception	69	2.0	tpm	58735
E-MTAB-6814	testis	13 week post conception	70	2.0	tpm	58735
E-MTAB-6814	testis	13 week post conception	71	2.0	tpm	58735
E-MTAB-6814	testis	13 week post conception	72	3.0	tpm	58735
E-MTAB-6814	testis	13 week post conception	73	3.0	tpm	58735
E-MTAB-6814	testis	13 week post conception	74	4.0	tpm	58735
E-MTAB-6814	testis	13 week post conception	75	4.0	tpm	58735
E-MTAB-6814	testis	13 week post conception	76	5.0	tpm	58735
E-MTAB-6814	testis	13 week post conception	77	6.0	tpm	58735
E-MTAB-6814	testis	13 week post conception	78	7.0	tpm	58735
E-MTAB-6814	testis	13 week post conception	79	8.0	tpm	58735
E-MTAB-6814	testis	13 week post conception	80	9.0	tpm	58735
E-MTAB-6814	testis	13 week post conception	81	10.0	tpm	58735
E-MTAB-6814	testis	13 week post conception	82	12.0	tpm	58735
E-MTAB-6814	testis	13 week post conception	83	14.0	tpm	58735
E-MTAB-6814	testis	13 week post conception	84	16.0	tpm	58735
E-MTAB-6814	testis	13 week post conception	85	18.0	tpm	58735
E-MTAB-6814	testis	13 week post conception	86	20.0	tpm	58735
E-MTAB-6814	testis	13 week post conception	87	22.0	tpm	58735
E-MTAB-6814	testis	13 week post conception	88	25.0	tpm	58735
E-MTAB-6814	testis	13 week post conception	89	29.0	tpm	58735
E-MTAB-6814	testis	13 week post conception	90	32.0	tpm	58735
E-MTAB-6814	testis	13 week post conception	91	37.0	tpm	58735
E-MTAB-6814	testis	13 week post conception	92	41.0	tpm	58735
E-MTAB-6814	testis	13 week post conception	93	47.0	tpm	58735
E-MTAB-6814	testis	13 week post conception	94	54.0	tpm	58735
E-MTAB-6814	testis	13 week post conception	95	63.0	tpm	58735
E-MTAB-6814	testis	13 week post conception	96	75.0	tpm	58735
E-MTAB-6814	testis	13 week post conception	97	94.0	tpm	58735
E-MTAB-6814	testis	13 week post conception	98	126.32	tpm	58735
E-MTAB-6814	testis	13 week post conception	99	207.0	tpm	58735
E-MTAB-6814	testis	13 week post conception	100	19272.0	tpm	58735
E-MTAB-6814	testis	16 week post conception	0	0.0	tpm	58735
E-MTAB-6814	testis	16 week post conception	1	0.0	tpm	58735
E-MTAB-6814	testis	16 week post conception	2	0.0	tpm	58735
E-MTAB-6814	testis	16 week post conception	3	0.0	tpm	58735
E-MTAB-6814	testis	16 week post conception	4	0.0	tpm	58735
E-MTAB-6814	testis	16 week post conception	5	0.0	tpm	58735
E-MTAB-6814	testis	16 week post conception	6	0.0	tpm	58735
E-MTAB-6814	testis	16 week post conception	7	0.0	tpm	58735
E-MTAB-6814	testis	16 week post conception	8	0.0	tpm	58735
E-MTAB-6814	testis	16 week post conception	9	0.0	tpm	58735
E-MTAB-6814	testis	16 week post conception	10	0.0	tpm	58735
E-MTAB-6814	testis	16 week post conception	11	0.0	tpm	58735
E-MTAB-6814	testis	16 week post conception	12	0.0	tpm	58735
E-MTAB-6814	testis	16 week post conception	13	0.0	tpm	58735
E-MTAB-6814	testis	16 week post conception	14	0.0	tpm	58735
E-MTAB-6814	testis	16 week post conception	15	0.0	tpm	58735
E-MTAB-6814	testis	16 week post conception	16	0.0	tpm	58735
E-MTAB-6814	testis	16 week post conception	17	0.0	tpm	58735
E-MTAB-6814	testis	16 week post conception	18	0.0	tpm	58735
E-MTAB-6814	testis	16 week post conception	19	0.0	tpm	58735
E-MTAB-6814	testis	16 week post conception	20	0.0	tpm	58735
E-MTAB-6814	testis	16 week post conception	21	0.0	tpm	58735
E-MTAB-6814	testis	16 week post conception	22	0.0	tpm	58735
E-MTAB-6814	testis	16 week post conception	23	0.0	tpm	58735
E-MTAB-6814	testis	16 week post conception	24	0.0	tpm	58735
E-MTAB-6814	testis	16 week post conception	25	0.0	tpm	58735
E-MTAB-6814	testis	16 week post conception	26	0.0	tpm	58735
E-MTAB-6814	testis	16 week post conception	27	0.0	tpm	58735
E-MTAB-6814	testis	16 week post conception	28	0.0	tpm	58735
E-MTAB-6814	testis	16 week post conception	29	0.0	tpm	58735
E-MTAB-6814	testis	16 week post conception	30	0.0	tpm	58735
E-MTAB-6814	testis	16 week post conception	31	0.0	tpm	58735
E-MTAB-6814	testis	16 week post conception	32	0.0	tpm	58735
E-MTAB-6814	testis	16 week post conception	33	0.0	tpm	58735
E-MTAB-6814	testis	16 week post conception	34	0.0	tpm	58735
E-MTAB-6814	testis	16 week post conception	35	0.0	tpm	58735
E-MTAB-6814	testis	16 week post conception	36	0.0	tpm	58735
E-MTAB-6814	testis	16 week post conception	37	0.0	tpm	58735
E-MTAB-6814	testis	16 week post conception	38	0.0	tpm	58735
E-MTAB-6814	testis	16 week post conception	39	0.0	tpm	58735
E-MTAB-6814	testis	16 week post conception	40	0.0	tpm	58735
E-MTAB-6814	testis	16 week post conception	41	0.0	tpm	58735
E-MTAB-6814	testis	16 week post conception	42	0.0	tpm	58735
E-MTAB-6814	testis	16 week post conception	43	0.0	tpm	58735
E-MTAB-6814	testis	16 week post conception	44	0.0	tpm	58735
E-MTAB-6814	testis	16 week post conception	45	0.0	tpm	58735
E-MTAB-6814	testis	16 week post conception	46	0.0	tpm	58735
E-MTAB-6814	testis	16 week post conception	47	0.0	tpm	58735
E-MTAB-6814	testis	16 week post conception	48	0.0	tpm	58735
E-MTAB-6814	testis	16 week post conception	49	0.0	tpm	58735
E-MTAB-6814	testis	16 week post conception	50	0.0	tpm	58735
E-MTAB-6814	testis	16 week post conception	51	0.0	tpm	58735
E-MTAB-6814	testis	16 week post conception	52	0.0	tpm	58735
E-MTAB-6814	testis	16 week post conception	53	0.0	tpm	58735
E-MTAB-6814	testis	16 week post conception	54	0.1	tpm	58735
E-MTAB-6814	testis	16 week post conception	55	0.1	tpm	58735
E-MTAB-6814	testis	16 week post conception	56	0.2	tpm	58735
E-MTAB-6814	testis	16 week post conception	57	0.2	tpm	58735
E-MTAB-6814	testis	16 week post conception	58	0.3	tpm	58735
E-MTAB-6814	testis	16 week post conception	59	0.4	tpm	58735
E-MTAB-6814	testis	16 week post conception	60	0.4	tpm	58735
E-MTAB-6814	testis	16 week post conception	61	0.5	tpm	58735
E-MTAB-6814	testis	16 week post conception	62	0.6	tpm	58735
E-MTAB-6814	testis	16 week post conception	63	0.7	tpm	58735
E-MTAB-6814	testis	16 week post conception	64	0.8	tpm	58735
E-MTAB-6814	testis	16 week post conception	65	0.9	tpm	58735
E-MTAB-6814	testis	16 week post conception	66	1.0	tpm	58735
E-MTAB-6814	testis	16 week post conception	67	1.0	tpm	58735
E-MTAB-6814	testis	16 week post conception	68	1.0	tpm	58735
E-MTAB-6814	testis	16 week post conception	69	2.0	tpm	58735
E-MTAB-6814	testis	16 week post conception	70	2.0	tpm	58735
E-MTAB-6814	testis	16 week post conception	71	2.0	tpm	58735
E-MTAB-6814	testis	16 week post conception	72	3.0	tpm	58735
E-MTAB-6814	testis	16 week post conception	73	3.0	tpm	58735
E-MTAB-6814	testis	16 week post conception	74	3.0	tpm	58735
E-MTAB-6814	testis	16 week post conception	75	4.0	tpm	58735
E-MTAB-6814	testis	16 week post conception	76	5.0	tpm	58735
E-MTAB-6814	testis	16 week post conception	77	5.0	tpm	58735
E-MTAB-6814	testis	16 week post conception	78	6.0	tpm	58735
E-MTAB-6814	testis	16 week post conception	79	7.0	tpm	58735
E-MTAB-6814	testis	16 week post conception	80	9.0	tpm	58735
E-MTAB-6814	testis	16 week post conception	81	10.0	tpm	58735
E-MTAB-6814	testis	16 week post conception	82	11.0	tpm	58735
E-MTAB-6814	testis	16 week post conception	83	13.0	tpm	58735
E-MTAB-6814	testis	16 week post conception	84	15.0	tpm	58735
E-MTAB-6814	testis	16 week post conception	85	17.0	tpm	58735
E-MTAB-6814	testis	16 week post conception	86	19.0	tpm	58735
E-MTAB-6814	testis	16 week post conception	87	22.0	tpm	58735
E-MTAB-6814	testis	16 week post conception	88	25.0	tpm	58735
E-MTAB-6814	testis	16 week post conception	89	28.0	tpm	58735
E-MTAB-6814	testis	16 week post conception	90	32.0	tpm	58735
E-MTAB-6814	testis	16 week post conception	91	35.0	tpm	58735
E-MTAB-6814	testis	16 week post conception	92	40.0	tpm	58735
E-MTAB-6814	testis	16 week post conception	93	45.0	tpm	58735
E-MTAB-6814	testis	16 week post conception	94	52.0	tpm	58735
E-MTAB-6814	testis	16 week post conception	95	60.0	tpm	58735
E-MTAB-6814	testis	16 week post conception	96	71.0	tpm	58735
E-MTAB-6814	testis	16 week post conception	97	87.0	tpm	58735
E-MTAB-6814	testis	16 week post conception	98	116.0	tpm	58735
E-MTAB-6814	testis	16 week post conception	99	194.0	tpm	58735
E-MTAB-6814	testis	16 week post conception	100	22318.0	tpm	58735
E-MTAB-6814	testis	18 week post conception	0	0.0	tpm	58735
E-MTAB-6814	testis	18 week post conception	1	0.0	tpm	58735
E-MTAB-6814	testis	18 week post conception	2	0.0	tpm	58735
E-MTAB-6814	testis	18 week post conception	3	0.0	tpm	58735
E-MTAB-6814	testis	18 week post conception	4	0.0	tpm	58735
E-MTAB-6814	testis	18 week post conception	5	0.0	tpm	58735
E-MTAB-6814	testis	18 week post conception	6	0.0	tpm	58735
E-MTAB-6814	testis	18 week post conception	7	0.0	tpm	58735
E-MTAB-6814	testis	18 week post conception	8	0.0	tpm	58735
E-MTAB-6814	testis	18 week post conception	9	0.0	tpm	58735
E-MTAB-6814	testis	18 week post conception	10	0.0	tpm	58735
E-MTAB-6814	testis	18 week post conception	11	0.0	tpm	58735
E-MTAB-6814	testis	18 week post conception	12	0.0	tpm	58735
E-MTAB-6814	testis	18 week post conception	13	0.0	tpm	58735
E-MTAB-6814	testis	18 week post conception	14	0.0	tpm	58735
E-MTAB-6814	testis	18 week post conception	15	0.0	tpm	58735
E-MTAB-6814	testis	18 week post conception	16	0.0	tpm	58735
E-MTAB-6814	testis	18 week post conception	17	0.0	tpm	58735
E-MTAB-6814	testis	18 week post conception	18	0.0	tpm	58735
E-MTAB-6814	testis	18 week post conception	19	0.0	tpm	58735
E-MTAB-6814	testis	18 week post conception	20	0.0	tpm	58735
E-MTAB-6814	testis	18 week post conception	21	0.0	tpm	58735
E-MTAB-6814	testis	18 week post conception	22	0.0	tpm	58735
E-MTAB-6814	testis	18 week post conception	23	0.0	tpm	58735
E-MTAB-6814	testis	18 week post conception	24	0.0	tpm	58735
E-MTAB-6814	testis	18 week post conception	25	0.0	tpm	58735
E-MTAB-6814	testis	18 week post conception	26	0.0	tpm	58735
E-MTAB-6814	testis	18 week post conception	27	0.0	tpm	58735
E-MTAB-6814	testis	18 week post conception	28	0.0	tpm	58735
E-MTAB-6814	testis	18 week post conception	29	0.0	tpm	58735
E-MTAB-6814	testis	18 week post conception	30	0.0	tpm	58735
E-MTAB-6814	testis	18 week post conception	31	0.0	tpm	58735
E-MTAB-6814	testis	18 week post conception	32	0.0	tpm	58735
E-MTAB-6814	testis	18 week post conception	33	0.0	tpm	58735
E-MTAB-6814	testis	18 week post conception	34	0.0	tpm	58735
E-MTAB-6814	testis	18 week post conception	35	0.0	tpm	58735
E-MTAB-6814	testis	18 week post conception	36	0.0	tpm	58735
E-MTAB-6814	testis	18 week post conception	37	0.0	tpm	58735
E-MTAB-6814	testis	18 week post conception	38	0.0	tpm	58735
E-MTAB-6814	testis	18 week post conception	39	0.0	tpm	58735
E-MTAB-6814	testis	18 week post conception	40	0.0	tpm	58735
E-MTAB-6814	testis	18 week post conception	41	0.0	tpm	58735
E-MTAB-6814	testis	18 week post conception	42	0.0	tpm	58735
E-MTAB-6814	testis	18 week post conception	43	0.0	tpm	58735
E-MTAB-6814	testis	18 week post conception	44	0.0	tpm	58735
E-MTAB-6814	testis	18 week post conception	45	0.0	tpm	58735
E-MTAB-6814	testis	18 week post conception	46	0.0	tpm	58735
E-MTAB-6814	testis	18 week post conception	47	0.1	tpm	58735
E-MTAB-6814	testis	18 week post conception	48	0.1	tpm	58735
E-MTAB-6814	testis	18 week post conception	49	0.2	tpm	58735
E-MTAB-6814	testis	18 week post conception	50	0.2	tpm	58735
E-MTAB-6814	testis	18 week post conception	51	0.3	tpm	58735
E-MTAB-6814	testis	18 week post conception	52	0.4	tpm	58735
E-MTAB-6814	testis	18 week post conception	53	0.4	tpm	58735
E-MTAB-6814	testis	18 week post conception	54	0.5	tpm	58735
E-MTAB-6814	testis	18 week post conception	55	0.6	tpm	58735
E-MTAB-6814	testis	18 week post conception	56	0.6	tpm	58735
E-MTAB-6814	testis	18 week post conception	57	0.7	tpm	58735
E-MTAB-6814	testis	18 week post conception	58	0.8	tpm	58735
E-MTAB-6814	testis	18 week post conception	59	0.9	tpm	58735
E-MTAB-6814	testis	18 week post conception	60	1.0	tpm	58735
E-MTAB-6814	testis	18 week post conception	61	1.0	tpm	58735
E-MTAB-6814	testis	18 week post conception	62	1.0	tpm	58735
E-MTAB-6814	testis	18 week post conception	63	2.0	tpm	58735
E-MTAB-6814	testis	18 week post conception	64	2.0	tpm	58735
E-MTAB-6814	testis	18 week post conception	65	2.0	tpm	58735
E-MTAB-6814	testis	18 week post conception	66	2.0	tpm	58735
E-MTAB-6814	testis	18 week post conception	67	2.0	tpm	58735
E-MTAB-6814	testis	18 week post conception	68	3.0	tpm	58735
E-MTAB-6814	testis	18 week post conception	69	3.0	tpm	58735
E-MTAB-6814	testis	18 week post conception	70	3.0	tpm	58735
E-MTAB-6814	testis	18 week post conception	71	4.0	tpm	58735
E-MTAB-6814	testis	18 week post conception	72	4.0	tpm	58735
E-MTAB-6814	testis	18 week post conception	73	5.0	tpm	58735
E-MTAB-6814	testis	18 week post conception	74	5.0	tpm	58735
E-MTAB-6814	testis	18 week post conception	75	6.0	tpm	58735
E-MTAB-6814	testis	18 week post conception	76	7.0	tpm	58735
E-MTAB-6814	testis	18 week post conception	77	8.0	tpm	58735
E-MTAB-6814	testis	18 week post conception	78	9.0	tpm	58735
E-MTAB-6814	testis	18 week post conception	79	10.0	tpm	58735
E-MTAB-6814	testis	18 week post conception	80	12.0	tpm	58735
E-MTAB-6814	testis	18 week post conception	81	13.0	tpm	58735
E-MTAB-6814	testis	18 week post conception	82	15.0	tpm	58735
E-MTAB-6814	testis	18 week post conception	83	17.0	tpm	58735
E-MTAB-6814	testis	18 week post conception	84	19.0	tpm	58735
E-MTAB-6814	testis	18 week post conception	85	21.0	tpm	58735
E-MTAB-6814	testis	18 week post conception	86	23.0	tpm	58735
E-MTAB-6814	testis	18 week post conception	87	26.0	tpm	58735
E-MTAB-6814	testis	18 week post conception	88	28.0	tpm	58735
E-MTAB-6814	testis	18 week post conception	89	31.0	tpm	58735
E-MTAB-6814	testis	18 week post conception	90	35.0	tpm	58735
E-MTAB-6814	testis	18 week post conception	91	38.0	tpm	58735
E-MTAB-6814	testis	18 week post conception	92	42.0	tpm	58735
E-MTAB-6814	testis	18 week post conception	93	47.0	tpm	58735
E-MTAB-6814	testis	18 week post conception	94	54.0	tpm	58735
E-MTAB-6814	testis	18 week post conception	95	61.0	tpm	58735
E-MTAB-6814	testis	18 week post conception	96	72.0	tpm	58735
E-MTAB-6814	testis	18 week post conception	97	87.0	tpm	58735
E-MTAB-6814	testis	18 week post conception	98	114.0	tpm	58735
E-MTAB-6814	testis	18 week post conception	99	185.66	tpm	58735
E-MTAB-6814	testis	18 week post conception	100	26827.0	tpm	58735
E-MTAB-6814	testis	19 week post conception	0	0.0	tpm	58735
E-MTAB-6814	testis	19 week post conception	1	0.0	tpm	58735
E-MTAB-6814	testis	19 week post conception	2	0.0	tpm	58735
E-MTAB-6814	testis	19 week post conception	3	0.0	tpm	58735
E-MTAB-6814	testis	19 week post conception	4	0.0	tpm	58735
E-MTAB-6814	testis	19 week post conception	5	0.0	tpm	58735
E-MTAB-6814	testis	19 week post conception	6	0.0	tpm	58735
E-MTAB-6814	testis	19 week post conception	7	0.0	tpm	58735
E-MTAB-6814	testis	19 week post conception	8	0.0	tpm	58735
E-MTAB-6814	testis	19 week post conception	9	0.0	tpm	58735
E-MTAB-6814	testis	19 week post conception	10	0.0	tpm	58735
E-MTAB-6814	testis	19 week post conception	11	0.0	tpm	58735
E-MTAB-6814	testis	19 week post conception	12	0.0	tpm	58735
E-MTAB-6814	testis	19 week post conception	13	0.0	tpm	58735
E-MTAB-6814	testis	19 week post conception	14	0.0	tpm	58735
E-MTAB-6814	testis	19 week post conception	15	0.0	tpm	58735
E-MTAB-6814	testis	19 week post conception	16	0.0	tpm	58735
E-MTAB-6814	testis	19 week post conception	17	0.0	tpm	58735
E-MTAB-6814	testis	19 week post conception	18	0.0	tpm	58735
E-MTAB-6814	testis	19 week post conception	19	0.0	tpm	58735
E-MTAB-6814	testis	19 week post conception	20	0.0	tpm	58735
E-MTAB-6814	testis	19 week post conception	21	0.0	tpm	58735
E-MTAB-6814	testis	19 week post conception	22	0.0	tpm	58735
E-MTAB-6814	testis	19 week post conception	23	0.0	tpm	58735
E-MTAB-6814	testis	19 week post conception	24	0.0	tpm	58735
E-MTAB-6814	testis	19 week post conception	25	0.0	tpm	58735
E-MTAB-6814	testis	19 week post conception	26	0.0	tpm	58735
E-MTAB-6814	testis	19 week post conception	27	0.0	tpm	58735
E-MTAB-6814	testis	19 week post conception	28	0.0	tpm	58735
E-MTAB-6814	testis	19 week post conception	29	0.0	tpm	58735
E-MTAB-6814	testis	19 week post conception	30	0.0	tpm	58735
E-MTAB-6814	testis	19 week post conception	31	0.0	tpm	58735
E-MTAB-6814	testis	19 week post conception	32	0.0	tpm	58735
E-MTAB-6814	testis	19 week post conception	33	0.0	tpm	58735
E-MTAB-6814	testis	19 week post conception	34	0.0	tpm	58735
E-MTAB-6814	testis	19 week post conception	35	0.0	tpm	58735
E-MTAB-6814	testis	19 week post conception	36	0.0	tpm	58735
E-MTAB-6814	testis	19 week post conception	37	0.0	tpm	58735
E-MTAB-6814	testis	19 week post conception	38	0.0	tpm	58735
E-MTAB-6814	testis	19 week post conception	39	0.0	tpm	58735
E-MTAB-6814	testis	19 week post conception	40	0.0	tpm	58735
E-MTAB-6814	testis	19 week post conception	41	0.0	tpm	58735
E-MTAB-6814	testis	19 week post conception	42	0.0	tpm	58735
E-MTAB-6814	testis	19 week post conception	43	0.0	tpm	58735
E-MTAB-6814	testis	19 week post conception	44	0.1	tpm	58735
E-MTAB-6814	testis	19 week post conception	45	0.1	tpm	58735
E-MTAB-6814	testis	19 week post conception	46	0.1	tpm	58735
E-MTAB-6814	testis	19 week post conception	47	0.1	tpm	58735
E-MTAB-6814	testis	19 week post conception	48	0.2	tpm	58735
E-MTAB-6814	testis	19 week post conception	49	0.2	tpm	58735
E-MTAB-6814	testis	19 week post conception	50	0.2	tpm	58735
E-MTAB-6814	testis	19 week post conception	51	0.3	tpm	58735
E-MTAB-6814	testis	19 week post conception	52	0.3	tpm	58735
E-MTAB-6814	testis	19 week post conception	53	0.3	tpm	58735
E-MTAB-6814	testis	19 week post conception	54	0.4	tpm	58735
E-MTAB-6814	testis	19 week post conception	55	0.4	tpm	58735
E-MTAB-6814	testis	19 week post conception	56	0.4	tpm	58735
E-MTAB-6814	testis	19 week post conception	57	0.5	tpm	58735
E-MTAB-6814	testis	19 week post conception	58	0.6	tpm	58735
E-MTAB-6814	testis	19 week post conception	59	0.6	tpm	58735
E-MTAB-6814	testis	19 week post conception	60	0.7	tpm	58735
E-MTAB-6814	testis	19 week post conception	61	0.8	tpm	58735
E-MTAB-6814	testis	19 week post conception	62	0.9	tpm	58735
E-MTAB-6814	testis	19 week post conception	63	1.0	tpm	58735
E-MTAB-6814	testis	19 week post conception	64	1.0	tpm	58735
E-MTAB-6814	testis	19 week post conception	65	1.0	tpm	58735
E-MTAB-6814	testis	19 week post conception	66	1.0	tpm	58735
E-MTAB-6814	testis	19 week post conception	67	2.0	tpm	58735
E-MTAB-6814	testis	19 week post conception	68	2.0	tpm	58735
E-MTAB-6814	testis	19 week post conception	69	2.0	tpm	58735
E-MTAB-6814	testis	19 week post conception	70	2.0	tpm	58735
E-MTAB-6814	testis	19 week post conception	71	2.0	tpm	58735
E-MTAB-6814	testis	19 week post conception	72	3.0	tpm	58735
E-MTAB-6814	testis	19 week post conception	73	3.0	tpm	58735
E-MTAB-6814	testis	19 week post conception	74	4.0	tpm	58735
E-MTAB-6814	testis	19 week post conception	75	4.0	tpm	58735
E-MTAB-6814	testis	19 week post conception	76	5.0	tpm	58735
E-MTAB-6814	testis	19 week post conception	77	5.0	tpm	58735
E-MTAB-6814	testis	19 week post conception	78	6.0	tpm	58735
E-MTAB-6814	testis	19 week post conception	79	7.0	tpm	58735
E-MTAB-6814	testis	19 week post conception	80	8.0	tpm	58735
E-MTAB-6814	testis	19 week post conception	81	10.0	tpm	58735
E-MTAB-6814	testis	19 week post conception	82	11.0	tpm	58735
E-MTAB-6814	testis	19 week post conception	83	12.0	tpm	58735
E-MTAB-6814	testis	19 week post conception	84	14.0	tpm	58735
E-MTAB-6814	testis	19 week post conception	85	16.0	tpm	58735
E-MTAB-6814	testis	19 week post conception	86	18.0	tpm	58735
E-MTAB-6814	testis	19 week post conception	87	20.0	tpm	58735
E-MTAB-6814	testis	19 week post conception	88	23.0	tpm	58735
E-MTAB-6814	testis	19 week post conception	89	26.0	tpm	58735
E-MTAB-6814	testis	19 week post conception	90	29.0	tpm	58735
E-MTAB-6814	testis	19 week post conception	91	33.0	tpm	58735
E-MTAB-6814	testis	19 week post conception	92	37.0	tpm	58735
E-MTAB-6814	testis	19 week post conception	93	42.0	tpm	58735
E-MTAB-6814	testis	19 week post conception	94	48.0	tpm	58735
E-MTAB-6814	testis	19 week post conception	95	57.0	tpm	58735
E-MTAB-6814	testis	19 week post conception	96	69.0	tpm	58735
E-MTAB-6814	testis	19 week post conception	97	86.0	tpm	58735
E-MTAB-6814	testis	19 week post conception	98	118.0	tpm	58735
E-MTAB-6814	testis	19 week post conception	99	197.0	tpm	58735
E-MTAB-6814	testis	19 week post conception	100	19562.0	tpm	58735
E-MTAB-6814	testis	4 week post conception	0	0.0	tpm	58735
E-MTAB-6814	testis	4 week post conception	1	0.0	tpm	58735
E-MTAB-6814	testis	4 week post conception	2	0.0	tpm	58735
E-MTAB-6814	testis	4 week post conception	3	0.0	tpm	58735
E-MTAB-6814	testis	4 week post conception	4	0.0	tpm	58735
E-MTAB-6814	testis	4 week post conception	5	0.0	tpm	58735
E-MTAB-6814	testis	4 week post conception	6	0.0	tpm	58735
E-MTAB-6814	testis	4 week post conception	7	0.0	tpm	58735
E-MTAB-6814	testis	4 week post conception	8	0.0	tpm	58735
E-MTAB-6814	testis	4 week post conception	9	0.0	tpm	58735
E-MTAB-6814	testis	4 week post conception	10	0.0	tpm	58735
E-MTAB-6814	testis	4 week post conception	11	0.0	tpm	58735
E-MTAB-6814	testis	4 week post conception	12	0.0	tpm	58735
E-MTAB-6814	testis	4 week post conception	13	0.0	tpm	58735
E-MTAB-6814	testis	4 week post conception	14	0.0	tpm	58735
E-MTAB-6814	testis	4 week post conception	15	0.0	tpm	58735
E-MTAB-6814	testis	4 week post conception	16	0.0	tpm	58735
E-MTAB-6814	testis	4 week post conception	17	0.0	tpm	58735
E-MTAB-6814	testis	4 week post conception	18	0.0	tpm	58735
E-MTAB-6814	testis	4 week post conception	19	0.0	tpm	58735
E-MTAB-6814	testis	4 week post conception	20	0.0	tpm	58735
E-MTAB-6814	testis	4 week post conception	21	0.0	tpm	58735
E-MTAB-6814	testis	4 week post conception	22	0.0	tpm	58735
E-MTAB-6814	testis	4 week post conception	23	0.0	tpm	58735
E-MTAB-6814	testis	4 week post conception	24	0.0	tpm	58735
E-MTAB-6814	testis	4 week post conception	25	0.0	tpm	58735
E-MTAB-6814	testis	4 week post conception	26	0.0	tpm	58735
E-MTAB-6814	testis	4 week post conception	27	0.0	tpm	58735
E-MTAB-6814	testis	4 week post conception	28	0.0	tpm	58735
E-MTAB-6814	testis	4 week post conception	29	0.0	tpm	58735
E-MTAB-6814	testis	4 week post conception	30	0.0	tpm	58735
E-MTAB-6814	testis	4 week post conception	31	0.0	tpm	58735
E-MTAB-6814	testis	4 week post conception	32	0.0	tpm	58735
E-MTAB-6814	testis	4 week post conception	33	0.0	tpm	58735
E-MTAB-6814	testis	4 week post conception	34	0.0	tpm	58735
E-MTAB-6814	testis	4 week post conception	35	0.0	tpm	58735
E-MTAB-6814	testis	4 week post conception	36	0.0	tpm	58735
E-MTAB-6814	testis	4 week post conception	37	0.0	tpm	58735
E-MTAB-6814	testis	4 week post conception	38	0.0	tpm	58735
E-MTAB-6814	testis	4 week post conception	39	0.0	tpm	58735
E-MTAB-6814	testis	4 week post conception	40	0.0	tpm	58735
E-MTAB-6814	testis	4 week post conception	41	0.0	tpm	58735
E-MTAB-6814	testis	4 week post conception	42	0.0	tpm	58735
E-MTAB-6814	testis	4 week post conception	43	0.0	tpm	58735
E-MTAB-6814	testis	4 week post conception	44	0.1	tpm	58735
E-MTAB-6814	testis	4 week post conception	45	0.1	tpm	58735
E-MTAB-6814	testis	4 week post conception	46	0.2	tpm	58735
E-MTAB-6814	testis	4 week post conception	47	0.2	tpm	58735
E-MTAB-6814	testis	4 week post conception	48	0.3	tpm	58735
E-MTAB-6814	testis	4 week post conception	49	0.3	tpm	58735
E-MTAB-6814	testis	4 week post conception	50	0.4	tpm	58735
E-MTAB-6814	testis	4 week post conception	51	0.4	tpm	58735
E-MTAB-6814	testis	4 week post conception	52	0.5	tpm	58735
E-MTAB-6814	testis	4 week post conception	53	0.5	tpm	58735
E-MTAB-6814	testis	4 week post conception	54	0.6	tpm	58735
E-MTAB-6814	testis	4 week post conception	55	0.7	tpm	58735
E-MTAB-6814	testis	4 week post conception	56	0.8	tpm	58735
E-MTAB-6814	testis	4 week post conception	57	0.9	tpm	58735
E-MTAB-6814	testis	4 week post conception	58	0.9	tpm	58735
E-MTAB-6814	testis	4 week post conception	59	1.0	tpm	58735
E-MTAB-6814	testis	4 week post conception	60	1.0	tpm	58735
E-MTAB-6814	testis	4 week post conception	61	1.0	tpm	58735
E-MTAB-6814	testis	4 week post conception	62	1.0	tpm	58735
E-MTAB-6814	testis	4 week post conception	63	2.0	tpm	58735
E-MTAB-6814	testis	4 week post conception	64	2.0	tpm	58735
E-MTAB-6814	testis	4 week post conception	65	2.0	tpm	58735
E-MTAB-6814	testis	4 week post conception	66	2.0	tpm	58735
E-MTAB-6814	testis	4 week post conception	67	2.0	tpm	58735
E-MTAB-6814	testis	4 week post conception	68	3.0	tpm	58735
E-MTAB-6814	testis	4 week post conception	69	3.0	tpm	58735
E-MTAB-6814	testis	4 week post conception	70	3.0	tpm	58735
E-MTAB-6814	testis	4 week post conception	71	4.0	tpm	58735
E-MTAB-6814	testis	4 week post conception	72	4.0	tpm	58735
E-MTAB-6814	testis	4 week post conception	73	5.0	tpm	58735
E-MTAB-6814	testis	4 week post conception	74	5.0	tpm	58735
E-MTAB-6814	testis	4 week post conception	75	6.0	tpm	58735
E-MTAB-6814	testis	4 week post conception	76	7.0	tpm	58735
E-MTAB-6814	testis	4 week post conception	77	7.0	tpm	58735
E-MTAB-6814	testis	4 week post conception	78	8.0	tpm	58735
E-MTAB-6814	testis	4 week post conception	79	10.0	tpm	58735
E-MTAB-6814	testis	4 week post conception	80	11.0	tpm	58735
E-MTAB-6814	testis	4 week post conception	81	12.0	tpm	58735
E-MTAB-6814	testis	4 week post conception	82	14.0	tpm	58735
E-MTAB-6814	testis	4 week post conception	83	16.0	tpm	58735
E-MTAB-6814	testis	4 week post conception	84	18.0	tpm	58735
E-MTAB-6814	testis	4 week post conception	85	20.0	tpm	58735
E-MTAB-6814	testis	4 week post conception	86	23.0	tpm	58735
E-MTAB-6814	testis	4 week post conception	87	26.0	tpm	58735
E-MTAB-6814	testis	4 week post conception	88	29.0	tpm	58735
E-MTAB-6814	testis	4 week post conception	89	32.0	tpm	58735
E-MTAB-6814	testis	4 week post conception	90	36.0	tpm	58735
E-MTAB-6814	testis	4 week post conception	91	41.0	tpm	58735
E-MTAB-6814	testis	4 week post conception	92	46.0	tpm	58735
E-MTAB-6814	testis	4 week post conception	93	52.0	tpm	58735
E-MTAB-6814	testis	4 week post conception	94	59.0	tpm	58735
E-MTAB-6814	testis	4 week post conception	95	67.0	tpm	58735
E-MTAB-6814	testis	4 week post conception	96	79.0	tpm	58735
E-MTAB-6814	testis	4 week post conception	97	96.0	tpm	58735
E-MTAB-6814	testis	4 week post conception	98	126.0	tpm	58735
E-MTAB-6814	testis	4 week post conception	99	212.0	tpm	58735
E-MTAB-6814	testis	4 week post conception	100	25183.0	tpm	58735
E-MTAB-6814	testis	5 week post conception	0	0.0	tpm	58735
E-MTAB-6814	testis	5 week post conception	1	0.0	tpm	58735
E-MTAB-6814	testis	5 week post conception	2	0.0	tpm	58735
E-MTAB-6814	testis	5 week post conception	3	0.0	tpm	58735
E-MTAB-6814	testis	5 week post conception	4	0.0	tpm	58735
E-MTAB-6814	testis	5 week post conception	5	0.0	tpm	58735
E-MTAB-6814	testis	5 week post conception	6	0.0	tpm	58735
E-MTAB-6814	testis	5 week post conception	7	0.0	tpm	58735
E-MTAB-6814	testis	5 week post conception	8	0.0	tpm	58735
E-MTAB-6814	testis	5 week post conception	9	0.0	tpm	58735
E-MTAB-6814	testis	5 week post conception	10	0.0	tpm	58735
E-MTAB-6814	testis	5 week post conception	11	0.0	tpm	58735
E-MTAB-6814	testis	5 week post conception	12	0.0	tpm	58735
E-MTAB-6814	testis	5 week post conception	13	0.0	tpm	58735
E-MTAB-6814	testis	5 week post conception	14	0.0	tpm	58735
E-MTAB-6814	testis	5 week post conception	15	0.0	tpm	58735
E-MTAB-6814	testis	5 week post conception	16	0.0	tpm	58735
E-MTAB-6814	testis	5 week post conception	17	0.0	tpm	58735
E-MTAB-6814	testis	5 week post conception	18	0.0	tpm	58735
E-MTAB-6814	testis	5 week post conception	19	0.0	tpm	58735
E-MTAB-6814	testis	5 week post conception	20	0.0	tpm	58735
E-MTAB-6814	testis	5 week post conception	21	0.0	tpm	58735
E-MTAB-6814	testis	5 week post conception	22	0.0	tpm	58735
E-MTAB-6814	testis	5 week post conception	23	0.0	tpm	58735
E-MTAB-6814	testis	5 week post conception	24	0.0	tpm	58735
E-MTAB-6814	testis	5 week post conception	25	0.0	tpm	58735
E-MTAB-6814	testis	5 week post conception	26	0.0	tpm	58735
E-MTAB-6814	testis	5 week post conception	27	0.0	tpm	58735
E-MTAB-6814	testis	5 week post conception	28	0.0	tpm	58735
E-MTAB-6814	testis	5 week post conception	29	0.0	tpm	58735
E-MTAB-6814	testis	5 week post conception	30	0.0	tpm	58735
E-MTAB-6814	testis	5 week post conception	31	0.0	tpm	58735
E-MTAB-6814	testis	5 week post conception	32	0.0	tpm	58735
E-MTAB-6814	testis	5 week post conception	33	0.0	tpm	58735
E-MTAB-6814	testis	5 week post conception	34	0.0	tpm	58735
E-MTAB-6814	testis	5 week post conception	35	0.0	tpm	58735
E-MTAB-6814	testis	5 week post conception	36	0.0	tpm	58735
E-MTAB-6814	testis	5 week post conception	37	0.0	tpm	58735
E-MTAB-6814	testis	5 week post conception	38	0.0	tpm	58735
E-MTAB-6814	testis	5 week post conception	39	0.0	tpm	58735
E-MTAB-6814	testis	5 week post conception	40	0.0	tpm	58735
E-MTAB-6814	testis	5 week post conception	41	0.0	tpm	58735
E-MTAB-6814	testis	5 week post conception	42	0.0	tpm	58735
E-MTAB-6814	testis	5 week post conception	43	0.0	tpm	58735
E-MTAB-6814	testis	5 week post conception	44	0.0	tpm	58735
E-MTAB-6814	testis	5 week post conception	45	0.1	tpm	58735
E-MTAB-6814	testis	5 week post conception	46	0.1	tpm	58735
E-MTAB-6814	testis	5 week post conception	47	0.1	tpm	58735
E-MTAB-6814	testis	5 week post conception	48	0.1	tpm	58735
E-MTAB-6814	testis	5 week post conception	49	0.2	tpm	58735
E-MTAB-6814	testis	5 week post conception	50	0.2	tpm	58735
E-MTAB-6814	testis	5 week post conception	51	0.2	tpm	58735
E-MTAB-6814	testis	5 week post conception	52	0.2	tpm	58735
E-MTAB-6814	testis	5 week post conception	53	0.3	tpm	58735
E-MTAB-6814	testis	5 week post conception	54	0.3	tpm	58735
E-MTAB-6814	testis	5 week post conception	55	0.3	tpm	58735
E-MTAB-6814	testis	5 week post conception	56	0.4	tpm	58735
E-MTAB-6814	testis	5 week post conception	57	0.4	tpm	58735
E-MTAB-6814	testis	5 week post conception	58	0.5	tpm	58735
E-MTAB-6814	testis	5 week post conception	59	0.5	tpm	58735
E-MTAB-6814	testis	5 week post conception	60	0.6	tpm	58735
E-MTAB-6814	testis	5 week post conception	61	0.7	tpm	58735
E-MTAB-6814	testis	5 week post conception	62	0.8	tpm	58735
E-MTAB-6814	testis	5 week post conception	63	0.9	tpm	58735
E-MTAB-6814	testis	5 week post conception	64	1.0	tpm	58735
E-MTAB-6814	testis	5 week post conception	65	1.0	tpm	58735
E-MTAB-6814	testis	5 week post conception	66	1.0	tpm	58735
E-MTAB-6814	testis	5 week post conception	67	1.0	tpm	58735
E-MTAB-6814	testis	5 week post conception	68	2.0	tpm	58735
E-MTAB-6814	testis	5 week post conception	69	2.0	tpm	58735
E-MTAB-6814	testis	5 week post conception	70	2.0	tpm	58735
E-MTAB-6814	testis	5 week post conception	71	2.0	tpm	58735
E-MTAB-6814	testis	5 week post conception	72	3.0	tpm	58735
E-MTAB-6814	testis	5 week post conception	73	3.0	tpm	58735
E-MTAB-6814	testis	5 week post conception	74	4.0	tpm	58735
E-MTAB-6814	testis	5 week post conception	75	4.0	tpm	58735
E-MTAB-6814	testis	5 week post conception	76	5.0	tpm	58735
E-MTAB-6814	testis	5 week post conception	77	6.0	tpm	58735
E-MTAB-6814	testis	5 week post conception	78	7.0	tpm	58735
E-MTAB-6814	testis	5 week post conception	79	8.0	tpm	58735
E-MTAB-6814	testis	5 week post conception	80	9.0	tpm	58735
E-MTAB-6814	testis	5 week post conception	81	10.0	tpm	58735
E-MTAB-6814	testis	5 week post conception	82	11.0	tpm	58735
E-MTAB-6814	testis	5 week post conception	83	13.0	tpm	58735
E-MTAB-6814	testis	5 week post conception	84	15.0	tpm	58735
E-MTAB-6814	testis	5 week post conception	85	17.0	tpm	58735
E-MTAB-6814	testis	5 week post conception	86	19.0	tpm	58735
E-MTAB-6814	testis	5 week post conception	87	22.0	tpm	58735
E-MTAB-6814	testis	5 week post conception	88	24.0	tpm	58735
E-MTAB-6814	testis	5 week post conception	89	28.0	tpm	58735
E-MTAB-6814	testis	5 week post conception	90	31.0	tpm	58735
E-MTAB-6814	testis	5 week post conception	91	35.0	tpm	58735
E-MTAB-6814	testis	5 week post conception	92	40.0	tpm	58735
E-MTAB-6814	testis	5 week post conception	93	46.0	tpm	58735
E-MTAB-6814	testis	5 week post conception	94	53.0	tpm	58735
E-MTAB-6814	testis	5 week post conception	95	62.0	tpm	58735
E-MTAB-6814	testis	5 week post conception	96	73.64	tpm	58735
E-MTAB-6814	testis	5 week post conception	97	92.0	tpm	58735
E-MTAB-6814	testis	5 week post conception	98	123.0	tpm	58735
E-MTAB-6814	testis	5 week post conception	99	213.0	tpm	58735
E-MTAB-6814	testis	5 week post conception	100	31821.0	tpm	58735
E-MTAB-6814	testis	6 week post conception	0	0.0	tpm	58735
E-MTAB-6814	testis	6 week post conception	1	0.0	tpm	58735
E-MTAB-6814	testis	6 week post conception	2	0.0	tpm	58735
E-MTAB-6814	testis	6 week post conception	3	0.0	tpm	58735
E-MTAB-6814	testis	6 week post conception	4	0.0	tpm	58735
E-MTAB-6814	testis	6 week post conception	5	0.0	tpm	58735
E-MTAB-6814	testis	6 week post conception	6	0.0	tpm	58735
E-MTAB-6814	testis	6 week post conception	7	0.0	tpm	58735
E-MTAB-6814	testis	6 week post conception	8	0.0	tpm	58735
E-MTAB-6814	testis	6 week post conception	9	0.0	tpm	58735
E-MTAB-6814	testis	6 week post conception	10	0.0	tpm	58735
E-MTAB-6814	testis	6 week post conception	11	0.0	tpm	58735
E-MTAB-6814	testis	6 week post conception	12	0.0	tpm	58735
E-MTAB-6814	testis	6 week post conception	13	0.0	tpm	58735
E-MTAB-6814	testis	6 week post conception	14	0.0	tpm	58735
E-MTAB-6814	testis	6 week post conception	15	0.0	tpm	58735
E-MTAB-6814	testis	6 week post conception	16	0.0	tpm	58735
E-MTAB-6814	testis	6 week post conception	17	0.0	tpm	58735
E-MTAB-6814	testis	6 week post conception	18	0.0	tpm	58735
E-MTAB-6814	testis	6 week post conception	19	0.0	tpm	58735
E-MTAB-6814	testis	6 week post conception	20	0.0	tpm	58735
E-MTAB-6814	testis	6 week post conception	21	0.0	tpm	58735
E-MTAB-6814	testis	6 week post conception	22	0.0	tpm	58735
E-MTAB-6814	testis	6 week post conception	23	0.0	tpm	58735
E-MTAB-6814	testis	6 week post conception	24	0.0	tpm	58735
E-MTAB-6814	testis	6 week post conception	25	0.0	tpm	58735
E-MTAB-6814	testis	6 week post conception	26	0.0	tpm	58735
E-MTAB-6814	testis	6 week post conception	27	0.0	tpm	58735
E-MTAB-6814	testis	6 week post conception	28	0.0	tpm	58735
E-MTAB-6814	testis	6 week post conception	29	0.0	tpm	58735
E-MTAB-6814	testis	6 week post conception	30	0.0	tpm	58735
E-MTAB-6814	testis	6 week post conception	31	0.0	tpm	58735
E-MTAB-6814	testis	6 week post conception	32	0.0	tpm	58735
E-MTAB-6814	testis	6 week post conception	33	0.0	tpm	58735
E-MTAB-6814	testis	6 week post conception	34	0.0	tpm	58735
E-MTAB-6814	testis	6 week post conception	35	0.0	tpm	58735
E-MTAB-6814	testis	6 week post conception	36	0.0	tpm	58735
E-MTAB-6814	testis	6 week post conception	37	0.0	tpm	58735
E-MTAB-6814	testis	6 week post conception	38	0.0	tpm	58735
E-MTAB-6814	testis	6 week post conception	39	0.0	tpm	58735
E-MTAB-6814	testis	6 week post conception	40	0.0	tpm	58735
E-MTAB-6814	testis	6 week post conception	41	0.0	tpm	58735
E-MTAB-6814	testis	6 week post conception	42	0.1	tpm	58735
E-MTAB-6814	testis	6 week post conception	43	0.1	tpm	58735
E-MTAB-6814	testis	6 week post conception	44	0.1	tpm	58735
E-MTAB-6814	testis	6 week post conception	45	0.1	tpm	58735
E-MTAB-6814	testis	6 week post conception	46	0.2	tpm	58735
E-MTAB-6814	testis	6 week post conception	47	0.2	tpm	58735
E-MTAB-6814	testis	6 week post conception	48	0.2	tpm	58735
E-MTAB-6814	testis	6 week post conception	49	0.2	tpm	58735
E-MTAB-6814	testis	6 week post conception	50	0.3	tpm	58735
E-MTAB-6814	testis	6 week post conception	51	0.3	tpm	58735
E-MTAB-6814	testis	6 week post conception	52	0.3	tpm	58735
E-MTAB-6814	testis	6 week post conception	53	0.4	tpm	58735
E-MTAB-6814	testis	6 week post conception	54	0.4	tpm	58735
E-MTAB-6814	testis	6 week post conception	55	0.5	tpm	58735
E-MTAB-6814	testis	6 week post conception	56	0.5	tpm	58735
E-MTAB-6814	testis	6 week post conception	57	0.6	tpm	58735
E-MTAB-6814	testis	6 week post conception	58	0.7	tpm	58735
E-MTAB-6814	testis	6 week post conception	59	0.8	tpm	58735
E-MTAB-6814	testis	6 week post conception	60	0.9	tpm	58735
E-MTAB-6814	testis	6 week post conception	61	0.9	tpm	58735
E-MTAB-6814	testis	6 week post conception	62	1.0	tpm	58735
E-MTAB-6814	testis	6 week post conception	63	1.0	tpm	58735
E-MTAB-6814	testis	6 week post conception	64	1.0	tpm	58735
E-MTAB-6814	testis	6 week post conception	65	1.0	tpm	58735
E-MTAB-6814	testis	6 week post conception	66	2.0	tpm	58735
E-MTAB-6814	testis	6 week post conception	67	2.0	tpm	58735
E-MTAB-6814	testis	6 week post conception	68	2.0	tpm	58735
E-MTAB-6814	testis	6 week post conception	69	2.0	tpm	58735
E-MTAB-6814	testis	6 week post conception	70	3.0	tpm	58735
E-MTAB-6814	testis	6 week post conception	71	3.0	tpm	58735
E-MTAB-6814	testis	6 week post conception	72	3.0	tpm	58735
E-MTAB-6814	testis	6 week post conception	73	4.0	tpm	58735
E-MTAB-6814	testis	6 week post conception	74	4.0	tpm	58735
E-MTAB-6814	testis	6 week post conception	75	5.0	tpm	58735
E-MTAB-6814	testis	6 week post conception	76	6.0	tpm	58735
E-MTAB-6814	testis	6 week post conception	77	7.0	tpm	58735
E-MTAB-6814	testis	6 week post conception	78	8.0	tpm	58735
E-MTAB-6814	testis	6 week post conception	79	9.0	tpm	58735
E-MTAB-6814	testis	6 week post conception	80	10.0	tpm	58735
E-MTAB-6814	testis	6 week post conception	81	12.0	tpm	58735
E-MTAB-6814	testis	6 week post conception	82	13.0	tpm	58735
E-MTAB-6814	testis	6 week post conception	83	15.0	tpm	58735
E-MTAB-6814	testis	6 week post conception	84	17.0	tpm	58735
E-MTAB-6814	testis	6 week post conception	85	20.0	tpm	58735
E-MTAB-6814	testis	6 week post conception	86	22.0	tpm	58735
E-MTAB-6814	testis	6 week post conception	87	25.0	tpm	58735
E-MTAB-6814	testis	6 week post conception	88	27.0	tpm	58735
E-MTAB-6814	testis	6 week post conception	89	31.0	tpm	58735
E-MTAB-6814	testis	6 week post conception	90	34.0	tpm	58735
E-MTAB-6814	testis	6 week post conception	91	39.0	tpm	58735
E-MTAB-6814	testis	6 week post conception	92	43.0	tpm	58735
E-MTAB-6814	testis	6 week post conception	93	49.0	tpm	58735
E-MTAB-6814	testis	6 week post conception	94	56.0	tpm	58735
E-MTAB-6814	testis	6 week post conception	95	64.0	tpm	58735
E-MTAB-6814	testis	6 week post conception	96	75.0	tpm	58735
E-MTAB-6814	testis	6 week post conception	97	92.0	tpm	58735
E-MTAB-6814	testis	6 week post conception	98	122.0	tpm	58735
E-MTAB-6814	testis	6 week post conception	99	199.0	tpm	58735
E-MTAB-6814	testis	6 week post conception	100	27287.0	tpm	58735
E-MTAB-6814	testis	7 week post conception	0	0.0	tpm	58735
E-MTAB-6814	testis	7 week post conception	1	0.0	tpm	58735
E-MTAB-6814	testis	7 week post conception	2	0.0	tpm	58735
E-MTAB-6814	testis	7 week post conception	3	0.0	tpm	58735
E-MTAB-6814	testis	7 week post conception	4	0.0	tpm	58735
E-MTAB-6814	testis	7 week post conception	5	0.0	tpm	58735
E-MTAB-6814	testis	7 week post conception	6	0.0	tpm	58735
E-MTAB-6814	testis	7 week post conception	7	0.0	tpm	58735
E-MTAB-6814	testis	7 week post conception	8	0.0	tpm	58735
E-MTAB-6814	testis	7 week post conception	9	0.0	tpm	58735
E-MTAB-6814	testis	7 week post conception	10	0.0	tpm	58735
E-MTAB-6814	testis	7 week post conception	11	0.0	tpm	58735
E-MTAB-6814	testis	7 week post conception	12	0.0	tpm	58735
E-MTAB-6814	testis	7 week post conception	13	0.0	tpm	58735
E-MTAB-6814	testis	7 week post conception	14	0.0	tpm	58735
E-MTAB-6814	testis	7 week post conception	15	0.0	tpm	58735
E-MTAB-6814	testis	7 week post conception	16	0.0	tpm	58735
E-MTAB-6814	testis	7 week post conception	17	0.0	tpm	58735
E-MTAB-6814	testis	7 week post conception	18	0.0	tpm	58735
E-MTAB-6814	testis	7 week post conception	19	0.0	tpm	58735
E-MTAB-6814	testis	7 week post conception	20	0.0	tpm	58735
E-MTAB-6814	testis	7 week post conception	21	0.0	tpm	58735
E-MTAB-6814	testis	7 week post conception	22	0.0	tpm	58735
E-MTAB-6814	testis	7 week post conception	23	0.0	tpm	58735
E-MTAB-6814	testis	7 week post conception	24	0.0	tpm	58735
E-MTAB-6814	testis	7 week post conception	25	0.0	tpm	58735
E-MTAB-6814	testis	7 week post conception	26	0.0	tpm	58735
E-MTAB-6814	testis	7 week post conception	27	0.0	tpm	58735
E-MTAB-6814	testis	7 week post conception	28	0.0	tpm	58735
E-MTAB-6814	testis	7 week post conception	29	0.0	tpm	58735
E-MTAB-6814	testis	7 week post conception	30	0.0	tpm	58735
E-MTAB-6814	testis	7 week post conception	31	0.0	tpm	58735
E-MTAB-6814	testis	7 week post conception	32	0.0	tpm	58735
E-MTAB-6814	testis	7 week post conception	33	0.0	tpm	58735
E-MTAB-6814	testis	7 week post conception	34	0.0	tpm	58735
E-MTAB-6814	testis	7 week post conception	35	0.0	tpm	58735
E-MTAB-6814	testis	7 week post conception	36	0.0	tpm	58735
E-MTAB-6814	testis	7 week post conception	37	0.0	tpm	58735
E-MTAB-6814	testis	7 week post conception	38	0.0	tpm	58735
E-MTAB-6814	testis	7 week post conception	39	0.0	tpm	58735
E-MTAB-6814	testis	7 week post conception	40	0.0	tpm	58735
E-MTAB-6814	testis	7 week post conception	41	0.0	tpm	58735
E-MTAB-6814	testis	7 week post conception	42	0.0	tpm	58735
E-MTAB-6814	testis	7 week post conception	43	0.0	tpm	58735
E-MTAB-6814	testis	7 week post conception	44	0.0	tpm	58735
E-MTAB-6814	testis	7 week post conception	45	0.0	tpm	58735
E-MTAB-6814	testis	7 week post conception	46	0.0	tpm	58735
E-MTAB-6814	testis	7 week post conception	47	0.1	tpm	58735
E-MTAB-6814	testis	7 week post conception	48	0.1	tpm	58735
E-MTAB-6814	testis	7 week post conception	49	0.2	tpm	58735
E-MTAB-6814	testis	7 week post conception	50	0.2	tpm	58735
E-MTAB-6814	testis	7 week post conception	51	0.2	tpm	58735
E-MTAB-6814	testis	7 week post conception	52	0.3	tpm	58735
E-MTAB-6814	testis	7 week post conception	53	0.3	tpm	58735
E-MTAB-6814	testis	7 week post conception	54	0.4	tpm	58735
E-MTAB-6814	testis	7 week post conception	55	0.4	tpm	58735
E-MTAB-6814	testis	7 week post conception	56	0.5	tpm	58735
E-MTAB-6814	testis	7 week post conception	57	0.5	tpm	58735
E-MTAB-6814	testis	7 week post conception	58	0.6	tpm	58735
E-MTAB-6814	testis	7 week post conception	59	0.7	tpm	58735
E-MTAB-6814	testis	7 week post conception	60	0.7	tpm	58735
E-MTAB-6814	testis	7 week post conception	61	0.8	tpm	58735
E-MTAB-6814	testis	7 week post conception	62	0.9	tpm	58735
E-MTAB-6814	testis	7 week post conception	63	1.0	tpm	58735
E-MTAB-6814	testis	7 week post conception	64	1.0	tpm	58735
E-MTAB-6814	testis	7 week post conception	65	1.0	tpm	58735
E-MTAB-6814	testis	7 week post conception	66	1.0	tpm	58735
E-MTAB-6814	testis	7 week post conception	67	2.0	tpm	58735
E-MTAB-6814	testis	7 week post conception	68	2.0	tpm	58735
E-MTAB-6814	testis	7 week post conception	69	2.0	tpm	58735
E-MTAB-6814	testis	7 week post conception	70	2.0	tpm	58735
E-MTAB-6814	testis	7 week post conception	71	3.0	tpm	58735
E-MTAB-6814	testis	7 week post conception	72	3.0	tpm	58735
E-MTAB-6814	testis	7 week post conception	73	4.0	tpm	58735
E-MTAB-6814	testis	7 week post conception	74	4.0	tpm	58735
E-MTAB-6814	testis	7 week post conception	75	5.0	tpm	58735
E-MTAB-6814	testis	7 week post conception	76	6.0	tpm	58735
E-MTAB-6814	testis	7 week post conception	77	6.0	tpm	58735
E-MTAB-6814	testis	7 week post conception	78	7.0	tpm	58735
E-MTAB-6814	testis	7 week post conception	79	9.0	tpm	58735
E-MTAB-6814	testis	7 week post conception	80	10.0	tpm	58735
E-MTAB-6814	testis	7 week post conception	81	12.0	tpm	58735
E-MTAB-6814	testis	7 week post conception	82	14.0	tpm	58735
E-MTAB-6814	testis	7 week post conception	83	16.0	tpm	58735
E-MTAB-6814	testis	7 week post conception	84	17.0	tpm	58735
E-MTAB-6814	testis	7 week post conception	85	20.0	tpm	58735
E-MTAB-6814	testis	7 week post conception	86	22.0	tpm	58735
E-MTAB-6814	testis	7 week post conception	87	25.0	tpm	58735
E-MTAB-6814	testis	7 week post conception	88	28.0	tpm	58735
E-MTAB-6814	testis	7 week post conception	89	32.0	tpm	58735
E-MTAB-6814	testis	7 week post conception	90	36.0	tpm	58735
E-MTAB-6814	testis	7 week post conception	91	40.0	tpm	58735
E-MTAB-6814	testis	7 week post conception	92	46.0	tpm	58735
E-MTAB-6814	testis	7 week post conception	93	52.0	tpm	58735
E-MTAB-6814	testis	7 week post conception	94	59.0	tpm	58735
E-MTAB-6814	testis	7 week post conception	95	68.0	tpm	58735
E-MTAB-6814	testis	7 week post conception	96	80.0	tpm	58735
E-MTAB-6814	testis	7 week post conception	97	98.0	tpm	58735
E-MTAB-6814	testis	7 week post conception	98	130.0	tpm	58735
E-MTAB-6814	testis	7 week post conception	99	213.0	tpm	58735
E-MTAB-6814	testis	7 week post conception	100	23823.0	tpm	58735
E-MTAB-6814	testis	8 week post conception	0	0.0	tpm	58735
E-MTAB-6814	testis	8 week post conception	1	0.0	tpm	58735
E-MTAB-6814	testis	8 week post conception	2	0.0	tpm	58735
E-MTAB-6814	testis	8 week post conception	3	0.0	tpm	58735
E-MTAB-6814	testis	8 week post conception	4	0.0	tpm	58735
E-MTAB-6814	testis	8 week post conception	5	0.0	tpm	58735
E-MTAB-6814	testis	8 week post conception	6	0.0	tpm	58735
E-MTAB-6814	testis	8 week post conception	7	0.0	tpm	58735
E-MTAB-6814	testis	8 week post conception	8	0.0	tpm	58735
E-MTAB-6814	testis	8 week post conception	9	0.0	tpm	58735
E-MTAB-6814	testis	8 week post conception	10	0.0	tpm	58735
E-MTAB-6814	testis	8 week post conception	11	0.0	tpm	58735
E-MTAB-6814	testis	8 week post conception	12	0.0	tpm	58735
E-MTAB-6814	testis	8 week post conception	13	0.0	tpm	58735
E-MTAB-6814	testis	8 week post conception	14	0.0	tpm	58735
E-MTAB-6814	testis	8 week post conception	15	0.0	tpm	58735
E-MTAB-6814	testis	8 week post conception	16	0.0	tpm	58735
E-MTAB-6814	testis	8 week post conception	17	0.0	tpm	58735
E-MTAB-6814	testis	8 week post conception	18	0.0	tpm	58735
E-MTAB-6814	testis	8 week post conception	19	0.0	tpm	58735
E-MTAB-6814	testis	8 week post conception	20	0.0	tpm	58735
E-MTAB-6814	testis	8 week post conception	21	0.0	tpm	58735
E-MTAB-6814	testis	8 week post conception	22	0.0	tpm	58735
E-MTAB-6814	testis	8 week post conception	23	0.0	tpm	58735
E-MTAB-6814	testis	8 week post conception	24	0.0	tpm	58735
E-MTAB-6814	testis	8 week post conception	25	0.0	tpm	58735
E-MTAB-6814	testis	8 week post conception	26	0.0	tpm	58735
E-MTAB-6814	testis	8 week post conception	27	0.0	tpm	58735
E-MTAB-6814	testis	8 week post conception	28	0.0	tpm	58735
E-MTAB-6814	testis	8 week post conception	29	0.0	tpm	58735
E-MTAB-6814	testis	8 week post conception	30	0.0	tpm	58735
E-MTAB-6814	testis	8 week post conception	31	0.0	tpm	58735
E-MTAB-6814	testis	8 week post conception	32	0.0	tpm	58735
E-MTAB-6814	testis	8 week post conception	33	0.0	tpm	58735
E-MTAB-6814	testis	8 week post conception	34	0.0	tpm	58735
E-MTAB-6814	testis	8 week post conception	35	0.0	tpm	58735
E-MTAB-6814	testis	8 week post conception	36	0.0	tpm	58735
E-MTAB-6814	testis	8 week post conception	37	0.0	tpm	58735
E-MTAB-6814	testis	8 week post conception	38	0.0	tpm	58735
E-MTAB-6814	testis	8 week post conception	39	0.0	tpm	58735
E-MTAB-6814	testis	8 week post conception	40	0.0	tpm	58735
E-MTAB-6814	testis	8 week post conception	41	0.0	tpm	58735
E-MTAB-6814	testis	8 week post conception	42	0.0	tpm	58735
E-MTAB-6814	testis	8 week post conception	43	0.0	tpm	58735
E-MTAB-6814	testis	8 week post conception	44	0.0	tpm	58735
E-MTAB-6814	testis	8 week post conception	45	0.0	tpm	58735
E-MTAB-6814	testis	8 week post conception	46	0.0	tpm	58735
E-MTAB-6814	testis	8 week post conception	47	0.0	tpm	58735
E-MTAB-6814	testis	8 week post conception	48	0.0	tpm	58735
E-MTAB-6814	testis	8 week post conception	49	0.0	tpm	58735
E-MTAB-6814	testis	8 week post conception	50	0.0	tpm	58735
E-MTAB-6814	testis	8 week post conception	51	0.0	tpm	58735
E-MTAB-6814	testis	8 week post conception	52	0.1	tpm	58735
E-MTAB-6814	testis	8 week post conception	53	0.1	tpm	58735
E-MTAB-6814	testis	8 week post conception	54	0.1	tpm	58735
E-MTAB-6814	testis	8 week post conception	55	0.2	tpm	58735
E-MTAB-6814	testis	8 week post conception	56	0.2	tpm	58735
E-MTAB-6814	testis	8 week post conception	57	0.3	tpm	58735
E-MTAB-6814	testis	8 week post conception	58	0.3	tpm	58735
E-MTAB-6814	testis	8 week post conception	59	0.4	tpm	58735
E-MTAB-6814	testis	8 week post conception	60	0.4	tpm	58735
E-MTAB-6814	testis	8 week post conception	61	0.5	tpm	58735
E-MTAB-6814	testis	8 week post conception	62	0.6	tpm	58735
E-MTAB-6814	testis	8 week post conception	63	0.7	tpm	58735
E-MTAB-6814	testis	8 week post conception	64	0.8	tpm	58735
E-MTAB-6814	testis	8 week post conception	65	0.9	tpm	58735
E-MTAB-6814	testis	8 week post conception	66	1.0	tpm	58735
E-MTAB-6814	testis	8 week post conception	67	1.0	tpm	58735
E-MTAB-6814	testis	8 week post conception	68	1.0	tpm	58735
E-MTAB-6814	testis	8 week post conception	69	2.0	tpm	58735
E-MTAB-6814	testis	8 week post conception	70	2.0	tpm	58735
E-MTAB-6814	testis	8 week post conception	71	2.0	tpm	58735
E-MTAB-6814	testis	8 week post conception	72	2.0	tpm	58735
E-MTAB-6814	testis	8 week post conception	73	3.0	tpm	58735
E-MTAB-6814	testis	8 week post conception	74	3.0	tpm	58735
E-MTAB-6814	testis	8 week post conception	75	4.0	tpm	58735
E-MTAB-6814	testis	8 week post conception	76	4.0	tpm	58735
E-MTAB-6814	testis	8 week post conception	77	5.0	tpm	58735
E-MTAB-6814	testis	8 week post conception	78	6.0	tpm	58735
E-MTAB-6814	testis	8 week post conception	79	7.0	tpm	58735
E-MTAB-6814	testis	8 week post conception	80	8.0	tpm	58735
E-MTAB-6814	testis	8 week post conception	81	9.0	tpm	58735
E-MTAB-6814	testis	8 week post conception	82	10.0	tpm	58735
E-MTAB-6814	testis	8 week post conception	83	12.0	tpm	58735
E-MTAB-6814	testis	8 week post conception	84	13.0	tpm	58735
E-MTAB-6814	testis	8 week post conception	85	15.0	tpm	58735
E-MTAB-6814	testis	8 week post conception	86	17.0	tpm	58735
E-MTAB-6814	testis	8 week post conception	87	19.0	tpm	58735
E-MTAB-6814	testis	8 week post conception	88	22.0	tpm	58735
E-MTAB-6814	testis	8 week post conception	89	25.0	tpm	58735
E-MTAB-6814	testis	8 week post conception	90	28.0	tpm	58735
E-MTAB-6814	testis	8 week post conception	91	32.0	tpm	58735
E-MTAB-6814	testis	8 week post conception	92	37.0	tpm	58735
E-MTAB-6814	testis	8 week post conception	93	42.0	tpm	58735
E-MTAB-6814	testis	8 week post conception	94	49.0	tpm	58735
E-MTAB-6814	testis	8 week post conception	95	57.0	tpm	58735
E-MTAB-6814	testis	8 week post conception	96	69.0	tpm	58735
E-MTAB-6814	testis	8 week post conception	97	87.0	tpm	58735
E-MTAB-6814	testis	8 week post conception	98	118.0	tpm	58735
E-MTAB-6814	testis	8 week post conception	99	201.0	tpm	58735
E-MTAB-6814	testis	8 week post conception	100	29458.0	tpm	58735
E-MTAB-6814	testis	9 week post conception	0	0.0	tpm	58735
E-MTAB-6814	testis	9 week post conception	1	0.0	tpm	58735
E-MTAB-6814	testis	9 week post conception	2	0.0	tpm	58735
E-MTAB-6814	testis	9 week post conception	3	0.0	tpm	58735
E-MTAB-6814	testis	9 week post conception	4	0.0	tpm	58735
E-MTAB-6814	testis	9 week post conception	5	0.0	tpm	58735
E-MTAB-6814	testis	9 week post conception	6	0.0	tpm	58735
E-MTAB-6814	testis	9 week post conception	7	0.0	tpm	58735
E-MTAB-6814	testis	9 week post conception	8	0.0	tpm	58735
E-MTAB-6814	testis	9 week post conception	9	0.0	tpm	58735
E-MTAB-6814	testis	9 week post conception	10	0.0	tpm	58735
E-MTAB-6814	testis	9 week post conception	11	0.0	tpm	58735
E-MTAB-6814	testis	9 week post conception	12	0.0	tpm	58735
E-MTAB-6814	testis	9 week post conception	13	0.0	tpm	58735
E-MTAB-6814	testis	9 week post conception	14	0.0	tpm	58735
E-MTAB-6814	testis	9 week post conception	15	0.0	tpm	58735
E-MTAB-6814	testis	9 week post conception	16	0.0	tpm	58735
E-MTAB-6814	testis	9 week post conception	17	0.0	tpm	58735
E-MTAB-6814	testis	9 week post conception	18	0.0	tpm	58735
E-MTAB-6814	testis	9 week post conception	19	0.0	tpm	58735
E-MTAB-6814	testis	9 week post conception	20	0.0	tpm	58735
E-MTAB-6814	testis	9 week post conception	21	0.0	tpm	58735
E-MTAB-6814	testis	9 week post conception	22	0.0	tpm	58735
E-MTAB-6814	testis	9 week post conception	23	0.0	tpm	58735
E-MTAB-6814	testis	9 week post conception	24	0.0	tpm	58735
E-MTAB-6814	testis	9 week post conception	25	0.0	tpm	58735
E-MTAB-6814	testis	9 week post conception	26	0.0	tpm	58735
E-MTAB-6814	testis	9 week post conception	27	0.0	tpm	58735
E-MTAB-6814	testis	9 week post conception	28	0.0	tpm	58735
E-MTAB-6814	testis	9 week post conception	29	0.0	tpm	58735
E-MTAB-6814	testis	9 week post conception	30	0.0	tpm	58735
E-MTAB-6814	testis	9 week post conception	31	0.0	tpm	58735
E-MTAB-6814	testis	9 week post conception	32	0.0	tpm	58735
E-MTAB-6814	testis	9 week post conception	33	0.0	tpm	58735
E-MTAB-6814	testis	9 week post conception	34	0.0	tpm	58735
E-MTAB-6814	testis	9 week post conception	35	0.0	tpm	58735
E-MTAB-6814	testis	9 week post conception	36	0.0	tpm	58735
E-MTAB-6814	testis	9 week post conception	37	0.0	tpm	58735
E-MTAB-6814	testis	9 week post conception	38	0.0	tpm	58735
E-MTAB-6814	testis	9 week post conception	39	0.0	tpm	58735
E-MTAB-6814	testis	9 week post conception	40	0.0	tpm	58735
E-MTAB-6814	testis	9 week post conception	41	0.0	tpm	58735
E-MTAB-6814	testis	9 week post conception	42	0.0	tpm	58735
E-MTAB-6814	testis	9 week post conception	43	0.0	tpm	58735
E-MTAB-6814	testis	9 week post conception	44	0.0	tpm	58735
E-MTAB-6814	testis	9 week post conception	45	0.1	tpm	58735
E-MTAB-6814	testis	9 week post conception	46	0.1	tpm	58735
E-MTAB-6814	testis	9 week post conception	47	0.1	tpm	58735
E-MTAB-6814	testis	9 week post conception	48	0.1	tpm	58735
E-MTAB-6814	testis	9 week post conception	49	0.1	tpm	58735
E-MTAB-6814	testis	9 week post conception	50	0.1	tpm	58735
E-MTAB-6814	testis	9 week post conception	51	0.2	tpm	58735
E-MTAB-6814	testis	9 week post conception	52	0.2	tpm	58735
E-MTAB-6814	testis	9 week post conception	53	0.2	tpm	58735
E-MTAB-6814	testis	9 week post conception	54	0.3	tpm	58735
E-MTAB-6814	testis	9 week post conception	55	0.3	tpm	58735
E-MTAB-6814	testis	9 week post conception	56	0.3	tpm	58735
E-MTAB-6814	testis	9 week post conception	57	0.4	tpm	58735
E-MTAB-6814	testis	9 week post conception	58	0.4	tpm	58735
E-MTAB-6814	testis	9 week post conception	59	0.5	tpm	58735
E-MTAB-6814	testis	9 week post conception	60	0.6	tpm	58735
E-MTAB-6814	testis	9 week post conception	61	0.6	tpm	58735
E-MTAB-6814	testis	9 week post conception	62	0.7	tpm	58735
E-MTAB-6814	testis	9 week post conception	63	0.8	tpm	58735
E-MTAB-6814	testis	9 week post conception	64	0.9	tpm	58735
E-MTAB-6814	testis	9 week post conception	65	1.0	tpm	58735
E-MTAB-6814	testis	9 week post conception	66	1.0	tpm	58735
E-MTAB-6814	testis	9 week post conception	67	1.0	tpm	58735
E-MTAB-6814	testis	9 week post conception	68	1.0	tpm	58735
E-MTAB-6814	testis	9 week post conception	69	2.0	tpm	58735
E-MTAB-6814	testis	9 week post conception	70	2.0	tpm	58735
E-MTAB-6814	testis	9 week post conception	71	2.0	tpm	58735
E-MTAB-6814	testis	9 week post conception	72	3.0	tpm	58735
E-MTAB-6814	testis	9 week post conception	73	3.0	tpm	58735
E-MTAB-6814	testis	9 week post conception	74	3.0	tpm	58735
E-MTAB-6814	testis	9 week post conception	75	4.0	tpm	58735
E-MTAB-6814	testis	9 week post conception	76	5.0	tpm	58735
E-MTAB-6814	testis	9 week post conception	77	5.0	tpm	58735
E-MTAB-6814	testis	9 week post conception	78	6.0	tpm	58735
E-MTAB-6814	testis	9 week post conception	79	7.0	tpm	58735
E-MTAB-6814	testis	9 week post conception	80	9.0	tpm	58735
E-MTAB-6814	testis	9 week post conception	81	10.0	tpm	58735
E-MTAB-6814	testis	9 week post conception	82	11.0	tpm	58735
E-MTAB-6814	testis	9 week post conception	83	13.0	tpm	58735
E-MTAB-6814	testis	9 week post conception	84	15.0	tpm	58735
E-MTAB-6814	testis	9 week post conception	85	17.0	tpm	58735
E-MTAB-6814	testis	9 week post conception	86	19.0	tpm	58735
E-MTAB-6814	testis	9 week post conception	87	21.0	tpm	58735
E-MTAB-6814	testis	9 week post conception	88	24.0	tpm	58735
E-MTAB-6814	testis	9 week post conception	89	27.0	tpm	58735
E-MTAB-6814	testis	9 week post conception	90	30.0	tpm	58735
E-MTAB-6814	testis	9 week post conception	91	34.0	tpm	58735
E-MTAB-6814	testis	9 week post conception	92	39.0	tpm	58735
E-MTAB-6814	testis	9 week post conception	93	44.0	tpm	58735
E-MTAB-6814	testis	9 week post conception	94	50.0	tpm	58735
E-MTAB-6814	testis	9 week post conception	95	59.0	tpm	58735
E-MTAB-6814	testis	9 week post conception	96	71.0	tpm	58735
E-MTAB-6814	testis	9 week post conception	97	86.0	tpm	58735
E-MTAB-6814	testis	9 week post conception	98	118.0	tpm	58735
E-MTAB-6814	testis	9 week post conception	99	200.0	tpm	58735
E-MTAB-6814	testis	9 week post conception	100	26665.0	tpm	58735
E-MTAB-6814	testis	adolescent	0	0.0	tpm	58735
E-MTAB-6814	testis	adolescent	1	0.0	tpm	58735
E-MTAB-6814	testis	adolescent	2	0.0	tpm	58735
E-MTAB-6814	testis	adolescent	3	0.0	tpm	58735
E-MTAB-6814	testis	adolescent	4	0.0	tpm	58735
E-MTAB-6814	testis	adolescent	5	0.0	tpm	58735
E-MTAB-6814	testis	adolescent	6	0.0	tpm	58735
E-MTAB-6814	testis	adolescent	7	0.0	tpm	58735
E-MTAB-6814	testis	adolescent	8	0.0	tpm	58735
E-MTAB-6814	testis	adolescent	9	0.0	tpm	58735
E-MTAB-6814	testis	adolescent	10	0.0	tpm	58735
E-MTAB-6814	testis	adolescent	11	0.0	tpm	58735
E-MTAB-6814	testis	adolescent	12	0.0	tpm	58735
E-MTAB-6814	testis	adolescent	13	0.0	tpm	58735
E-MTAB-6814	testis	adolescent	14	0.0	tpm	58735
E-MTAB-6814	testis	adolescent	15	0.0	tpm	58735
E-MTAB-6814	testis	adolescent	16	0.0	tpm	58735
E-MTAB-6814	testis	adolescent	17	0.0	tpm	58735
E-MTAB-6814	testis	adolescent	18	0.0	tpm	58735
E-MTAB-6814	testis	adolescent	19	0.0	tpm	58735
E-MTAB-6814	testis	adolescent	20	0.0	tpm	58735
E-MTAB-6814	testis	adolescent	21	0.0	tpm	58735
E-MTAB-6814	testis	adolescent	22	0.0	tpm	58735
E-MTAB-6814	testis	adolescent	23	0.0	tpm	58735
E-MTAB-6814	testis	adolescent	24	0.0	tpm	58735
E-MTAB-6814	testis	adolescent	25	0.0	tpm	58735
E-MTAB-6814	testis	adolescent	26	0.0	tpm	58735
E-MTAB-6814	testis	adolescent	27	0.0	tpm	58735
E-MTAB-6814	testis	adolescent	28	0.0	tpm	58735
E-MTAB-6814	testis	adolescent	29	0.0	tpm	58735
E-MTAB-6814	testis	adolescent	30	0.0	tpm	58735
E-MTAB-6814	testis	adolescent	31	0.0	tpm	58735
E-MTAB-6814	testis	adolescent	32	0.0	tpm	58735
E-MTAB-6814	testis	adolescent	33	0.0	tpm	58735
E-MTAB-6814	testis	adolescent	34	0.0	tpm	58735
E-MTAB-6814	testis	adolescent	35	0.1	tpm	58735
E-MTAB-6814	testis	adolescent	36	0.1	tpm	58735
E-MTAB-6814	testis	adolescent	37	0.1	tpm	58735
E-MTAB-6814	testis	adolescent	38	0.1	tpm	58735
E-MTAB-6814	testis	adolescent	39	0.2	tpm	58735
E-MTAB-6814	testis	adolescent	40	0.2	tpm	58735
E-MTAB-6814	testis	adolescent	41	0.2	tpm	58735
E-MTAB-6814	testis	adolescent	42	0.2	tpm	58735
E-MTAB-6814	testis	adolescent	43	0.3	tpm	58735
E-MTAB-6814	testis	adolescent	44	0.3	tpm	58735
E-MTAB-6814	testis	adolescent	45	0.3	tpm	58735
E-MTAB-6814	testis	adolescent	46	0.4	tpm	58735
E-MTAB-6814	testis	adolescent	47	0.4	tpm	58735
E-MTAB-6814	testis	adolescent	48	0.5	tpm	58735
E-MTAB-6814	testis	adolescent	49	0.5	tpm	58735
E-MTAB-6814	testis	adolescent	50	0.6	tpm	58735
E-MTAB-6814	testis	adolescent	51	0.6	tpm	58735
E-MTAB-6814	testis	adolescent	52	0.7	tpm	58735
E-MTAB-6814	testis	adolescent	53	0.8	tpm	58735
E-MTAB-6814	testis	adolescent	54	0.8	tpm	58735
E-MTAB-6814	testis	adolescent	55	0.9	tpm	58735
E-MTAB-6814	testis	adolescent	56	1.0	tpm	58735
E-MTAB-6814	testis	adolescent	57	1.0	tpm	58735
E-MTAB-6814	testis	adolescent	58	1.0	tpm	58735
E-MTAB-6814	testis	adolescent	59	1.0	tpm	58735
E-MTAB-6814	testis	adolescent	60	1.0	tpm	58735
E-MTAB-6814	testis	adolescent	61	2.0	tpm	58735
E-MTAB-6814	testis	adolescent	62	2.0	tpm	58735
E-MTAB-6814	testis	adolescent	63	2.0	tpm	58735
E-MTAB-6814	testis	adolescent	64	2.0	tpm	58735
E-MTAB-6814	testis	adolescent	65	2.0	tpm	58735
E-MTAB-6814	testis	adolescent	66	3.0	tpm	58735
E-MTAB-6814	testis	adolescent	67	3.0	tpm	58735
E-MTAB-6814	testis	adolescent	68	3.0	tpm	58735
E-MTAB-6814	testis	adolescent	69	3.0	tpm	58735
E-MTAB-6814	testis	adolescent	70	4.0	tpm	58735
E-MTAB-6814	testis	adolescent	71	4.0	tpm	58735
E-MTAB-6814	testis	adolescent	72	4.0	tpm	58735
E-MTAB-6814	testis	adolescent	73	5.0	tpm	58735
E-MTAB-6814	testis	adolescent	74	5.0	tpm	58735
E-MTAB-6814	testis	adolescent	75	6.0	tpm	58735
E-MTAB-6814	testis	adolescent	76	6.0	tpm	58735
E-MTAB-6814	testis	adolescent	77	7.0	tpm	58735
E-MTAB-6814	testis	adolescent	78	8.0	tpm	58735
E-MTAB-6814	testis	adolescent	79	9.0	tpm	58735
E-MTAB-6814	testis	adolescent	80	9.0	tpm	58735
E-MTAB-6814	testis	adolescent	81	10.0	tpm	58735
E-MTAB-6814	testis	adolescent	82	11.0	tpm	58735
E-MTAB-6814	testis	adolescent	83	12.0	tpm	58735
E-MTAB-6814	testis	adolescent	84	14.0	tpm	58735
E-MTAB-6814	testis	adolescent	85	15.0	tpm	58735
E-MTAB-6814	testis	adolescent	86	17.0	tpm	58735
E-MTAB-6814	testis	adolescent	87	19.0	tpm	58735
E-MTAB-6814	testis	adolescent	88	21.0	tpm	58735
E-MTAB-6814	testis	adolescent	89	23.0	tpm	58735
E-MTAB-6814	testis	adolescent	90	26.0	tpm	58735
E-MTAB-6814	testis	adolescent	91	29.0	tpm	58735
E-MTAB-6814	testis	adolescent	92	32.0	tpm	58735
E-MTAB-6814	testis	adolescent	93	37.0	tpm	58735
E-MTAB-6814	testis	adolescent	94	43.0	tpm	58735
E-MTAB-6814	testis	adolescent	95	51.0	tpm	58735
E-MTAB-6814	testis	adolescent	96	62.0	tpm	58735
E-MTAB-6814	testis	adolescent	97	78.0	tpm	58735
E-MTAB-6814	testis	adolescent	98	108.0	tpm	58735
E-MTAB-6814	testis	adolescent	99	179.0	tpm	58735
E-MTAB-6814	testis	adolescent	100	39873.0	tpm	58735
E-MTAB-6814	testis	elderly	0	0.0	tpm	58735
E-MTAB-6814	testis	elderly	1	0.0	tpm	58735
E-MTAB-6814	testis	elderly	2	0.0	tpm	58735
E-MTAB-6814	testis	elderly	3	0.0	tpm	58735
E-MTAB-6814	testis	elderly	4	0.0	tpm	58735
E-MTAB-6814	testis	elderly	5	0.0	tpm	58735
E-MTAB-6814	testis	elderly	6	0.0	tpm	58735
E-MTAB-6814	testis	elderly	7	0.0	tpm	58735
E-MTAB-6814	testis	elderly	8	0.0	tpm	58735
E-MTAB-6814	testis	elderly	9	0.0	tpm	58735
E-MTAB-6814	testis	elderly	10	0.0	tpm	58735
E-MTAB-6814	testis	elderly	11	0.0	tpm	58735
E-MTAB-6814	testis	elderly	12	0.0	tpm	58735
E-MTAB-6814	testis	elderly	13	0.0	tpm	58735
E-MTAB-6814	testis	elderly	14	0.0	tpm	58735
E-MTAB-6814	testis	elderly	15	0.0	tpm	58735
E-MTAB-6814	testis	elderly	16	0.0	tpm	58735
E-MTAB-6814	testis	elderly	17	0.0	tpm	58735
E-MTAB-6814	testis	elderly	18	0.0	tpm	58735
E-MTAB-6814	testis	elderly	19	0.0	tpm	58735
E-MTAB-6814	testis	elderly	20	0.0	tpm	58735
E-MTAB-6814	testis	elderly	21	0.0	tpm	58735
E-MTAB-6814	testis	elderly	22	0.0	tpm	58735
E-MTAB-6814	testis	elderly	23	0.0	tpm	58735
E-MTAB-6814	testis	elderly	24	0.0	tpm	58735
E-MTAB-6814	testis	elderly	25	0.0	tpm	58735
E-MTAB-6814	testis	elderly	26	0.0	tpm	58735
E-MTAB-6814	testis	elderly	27	0.0	tpm	58735
E-MTAB-6814	testis	elderly	28	0.0	tpm	58735
E-MTAB-6814	testis	elderly	29	0.0	tpm	58735
E-MTAB-6814	testis	elderly	30	0.0	tpm	58735
E-MTAB-6814	testis	elderly	31	0.0	tpm	58735
E-MTAB-6814	testis	elderly	32	0.0	tpm	58735
E-MTAB-6814	testis	elderly	33	0.0	tpm	58735
E-MTAB-6814	testis	elderly	34	0.0	tpm	58735
E-MTAB-6814	testis	elderly	35	0.0	tpm	58735
E-MTAB-6814	testis	elderly	36	0.0	tpm	58735
E-MTAB-6814	testis	elderly	37	0.1	tpm	58735
E-MTAB-6814	testis	elderly	38	0.1	tpm	58735
E-MTAB-6814	testis	elderly	39	0.1	tpm	58735
E-MTAB-6814	testis	elderly	40	0.2	tpm	58735
E-MTAB-6814	testis	elderly	41	0.2	tpm	58735
E-MTAB-6814	testis	elderly	42	0.2	tpm	58735
E-MTAB-6814	testis	elderly	43	0.3	tpm	58735
E-MTAB-6814	testis	elderly	44	0.3	tpm	58735
E-MTAB-6814	testis	elderly	45	0.3	tpm	58735
E-MTAB-6814	testis	elderly	46	0.4	tpm	58735
E-MTAB-6814	testis	elderly	47	0.4	tpm	58735
E-MTAB-6814	testis	elderly	48	0.5	tpm	58735
E-MTAB-6814	testis	elderly	49	0.5	tpm	58735
E-MTAB-6814	testis	elderly	50	0.6	tpm	58735
E-MTAB-6814	testis	elderly	51	0.6	tpm	58735
E-MTAB-6814	testis	elderly	52	0.7	tpm	58735
E-MTAB-6814	testis	elderly	53	0.8	tpm	58735
E-MTAB-6814	testis	elderly	54	0.9	tpm	58735
E-MTAB-6814	testis	elderly	55	1.0	tpm	58735
E-MTAB-6814	testis	elderly	56	1.0	tpm	58735
E-MTAB-6814	testis	elderly	57	1.0	tpm	58735
E-MTAB-6814	testis	elderly	58	1.0	tpm	58735
E-MTAB-6814	testis	elderly	59	1.0	tpm	58735
E-MTAB-6814	testis	elderly	60	2.0	tpm	58735
E-MTAB-6814	testis	elderly	61	2.0	tpm	58735
E-MTAB-6814	testis	elderly	62	2.0	tpm	58735
E-MTAB-6814	testis	elderly	63	2.0	tpm	58735
E-MTAB-6814	testis	elderly	64	2.0	tpm	58735
E-MTAB-6814	testis	elderly	65	2.0	tpm	58735
E-MTAB-6814	testis	elderly	66	3.0	tpm	58735
E-MTAB-6814	testis	elderly	67	3.0	tpm	58735
E-MTAB-6814	testis	elderly	68	3.0	tpm	58735
E-MTAB-6814	testis	elderly	69	3.0	tpm	58735
E-MTAB-6814	testis	elderly	70	4.0	tpm	58735
E-MTAB-6814	testis	elderly	71	4.0	tpm	58735
E-MTAB-6814	testis	elderly	72	5.0	tpm	58735
E-MTAB-6814	testis	elderly	73	5.0	tpm	58735
E-MTAB-6814	testis	elderly	74	6.0	tpm	58735
E-MTAB-6814	testis	elderly	75	6.0	tpm	58735
E-MTAB-6814	testis	elderly	76	7.0	tpm	58735
E-MTAB-6814	testis	elderly	77	7.0	tpm	58735
E-MTAB-6814	testis	elderly	78	8.0	tpm	58735
E-MTAB-6814	testis	elderly	79	9.0	tpm	58735
E-MTAB-6814	testis	elderly	80	10.0	tpm	58735
E-MTAB-6814	testis	elderly	81	11.0	tpm	58735
E-MTAB-6814	testis	elderly	82	12.0	tpm	58735
E-MTAB-6814	testis	elderly	83	13.0	tpm	58735
E-MTAB-6814	testis	elderly	84	14.0	tpm	58735
E-MTAB-6814	testis	elderly	85	15.0	tpm	58735
E-MTAB-6814	testis	elderly	86	17.0	tpm	58735
E-MTAB-6814	testis	elderly	87	19.0	tpm	58735
E-MTAB-6814	testis	elderly	88	21.0	tpm	58735
E-MTAB-6814	testis	elderly	89	24.0	tpm	58735
E-MTAB-6814	testis	elderly	90	26.0	tpm	58735
E-MTAB-6814	testis	elderly	91	30.0	tpm	58735
E-MTAB-6814	testis	elderly	92	34.0	tpm	58735
E-MTAB-6814	testis	elderly	93	39.0	tpm	58735
E-MTAB-6814	testis	elderly	94	46.0	tpm	58735
E-MTAB-6814	testis	elderly	95	55.0	tpm	58735
E-MTAB-6814	testis	elderly	96	68.0	tpm	58735
E-MTAB-6814	testis	elderly	97	88.0	tpm	58735
E-MTAB-6814	testis	elderly	98	125.0	tpm	58735
E-MTAB-6814	testis	elderly	99	212.66	tpm	58735
E-MTAB-6814	testis	elderly	100	53282.0	tpm	58735
E-MTAB-6814	testis	infant	0	0.0	tpm	58735
E-MTAB-6814	testis	infant	1	0.0	tpm	58735
E-MTAB-6814	testis	infant	2	0.0	tpm	58735
E-MTAB-6814	testis	infant	3	0.0	tpm	58735
E-MTAB-6814	testis	infant	4	0.0	tpm	58735
E-MTAB-6814	testis	infant	5	0.0	tpm	58735
E-MTAB-6814	testis	infant	6	0.0	tpm	58735
E-MTAB-6814	testis	infant	7	0.0	tpm	58735
E-MTAB-6814	testis	infant	8	0.0	tpm	58735
E-MTAB-6814	testis	infant	9	0.0	tpm	58735
E-MTAB-6814	testis	infant	10	0.0	tpm	58735
E-MTAB-6814	testis	infant	11	0.0	tpm	58735
E-MTAB-6814	testis	infant	12	0.0	tpm	58735
E-MTAB-6814	testis	infant	13	0.0	tpm	58735
E-MTAB-6814	testis	infant	14	0.0	tpm	58735
E-MTAB-6814	testis	infant	15	0.0	tpm	58735
E-MTAB-6814	testis	infant	16	0.0	tpm	58735
E-MTAB-6814	testis	infant	17	0.0	tpm	58735
E-MTAB-6814	testis	infant	18	0.0	tpm	58735
E-MTAB-6814	testis	infant	19	0.0	tpm	58735
E-MTAB-6814	testis	infant	20	0.0	tpm	58735
E-MTAB-6814	testis	infant	21	0.0	tpm	58735
E-MTAB-6814	testis	infant	22	0.0	tpm	58735
E-MTAB-6814	testis	infant	23	0.0	tpm	58735
E-MTAB-6814	testis	infant	24	0.0	tpm	58735
E-MTAB-6814	testis	infant	25	0.0	tpm	58735
E-MTAB-6814	testis	infant	26	0.0	tpm	58735
E-MTAB-6814	testis	infant	27	0.0	tpm	58735
E-MTAB-6814	testis	infant	28	0.0	tpm	58735
E-MTAB-6814	testis	infant	29	0.0	tpm	58735
E-MTAB-6814	testis	infant	30	0.0	tpm	58735
E-MTAB-6814	testis	infant	31	0.0	tpm	58735
E-MTAB-6814	testis	infant	32	0.0	tpm	58735
E-MTAB-6814	testis	infant	33	0.0	tpm	58735
E-MTAB-6814	testis	infant	34	0.0	tpm	58735
E-MTAB-6814	testis	infant	35	0.0	tpm	58735
E-MTAB-6814	testis	infant	36	0.0	tpm	58735
E-MTAB-6814	testis	infant	37	0.0	tpm	58735
E-MTAB-6814	testis	infant	38	0.0	tpm	58735
E-MTAB-6814	testis	infant	39	0.0	tpm	58735
E-MTAB-6814	testis	infant	40	0.0	tpm	58735
E-MTAB-6814	testis	infant	41	0.0	tpm	58735
E-MTAB-6814	testis	infant	42	0.0	tpm	58735
E-MTAB-6814	testis	infant	43	0.0	tpm	58735
E-MTAB-6814	testis	infant	44	0.0	tpm	58735
E-MTAB-6814	testis	infant	45	0.0	tpm	58735
E-MTAB-6814	testis	infant	46	0.0	tpm	58735
E-MTAB-6814	testis	infant	47	0.0	tpm	58735
E-MTAB-6814	testis	infant	48	0.1	tpm	58735
E-MTAB-6814	testis	infant	49	0.1	tpm	58735
E-MTAB-6814	testis	infant	50	0.1	tpm	58735
E-MTAB-6814	testis	infant	51	0.2	tpm	58735
E-MTAB-6814	testis	infant	52	0.2	tpm	58735
E-MTAB-6814	testis	infant	53	0.3	tpm	58735
E-MTAB-6814	testis	infant	54	0.3	tpm	58735
E-MTAB-6814	testis	infant	55	0.3	tpm	58735
E-MTAB-6814	testis	infant	56	0.4	tpm	58735
E-MTAB-6814	testis	infant	57	0.4	tpm	58735
E-MTAB-6814	testis	infant	58	0.5	tpm	58735
E-MTAB-6814	testis	infant	59	0.5	tpm	58735
E-MTAB-6814	testis	infant	60	0.6	tpm	58735
E-MTAB-6814	testis	infant	61	0.7	tpm	58735
E-MTAB-6814	testis	infant	62	0.8	tpm	58735
E-MTAB-6814	testis	infant	63	0.9	tpm	58735
E-MTAB-6814	testis	infant	64	1.0	tpm	58735
E-MTAB-6814	testis	infant	65	1.0	tpm	58735
E-MTAB-6814	testis	infant	66	1.0	tpm	58735
E-MTAB-6814	testis	infant	67	1.0	tpm	58735
E-MTAB-6814	testis	infant	68	2.0	tpm	58735
E-MTAB-6814	testis	infant	69	2.0	tpm	58735
E-MTAB-6814	testis	infant	70	2.0	tpm	58735
E-MTAB-6814	testis	infant	71	2.0	tpm	58735
E-MTAB-6814	testis	infant	72	3.0	tpm	58735
E-MTAB-6814	testis	infant	73	3.0	tpm	58735
E-MTAB-6814	testis	infant	74	4.0	tpm	58735
E-MTAB-6814	testis	infant	75	4.0	tpm	58735
E-MTAB-6814	testis	infant	76	5.0	tpm	58735
E-MTAB-6814	testis	infant	77	5.0	tpm	58735
E-MTAB-6814	testis	infant	78	6.0	tpm	58735
E-MTAB-6814	testis	infant	79	7.0	tpm	58735
E-MTAB-6814	testis	infant	80	8.0	tpm	58735
E-MTAB-6814	testis	infant	81	9.0	tpm	58735
E-MTAB-6814	testis	infant	82	10.0	tpm	58735
E-MTAB-6814	testis	infant	83	11.0	tpm	58735
E-MTAB-6814	testis	infant	84	13.0	tpm	58735
E-MTAB-6814	testis	infant	85	15.0	tpm	58735
E-MTAB-6814	testis	infant	86	16.0	tpm	58735
E-MTAB-6814	testis	infant	87	18.0	tpm	58735
E-MTAB-6814	testis	infant	88	21.0	tpm	58735
E-MTAB-6814	testis	infant	89	23.0	tpm	58735
E-MTAB-6814	testis	infant	90	26.0	tpm	58735
E-MTAB-6814	testis	infant	91	29.0	tpm	58735
E-MTAB-6814	testis	infant	92	33.0	tpm	58735
E-MTAB-6814	testis	infant	93	37.0	tpm	58735
E-MTAB-6814	testis	infant	94	43.0	tpm	58735
E-MTAB-6814	testis	infant	95	50.0	tpm	58735
E-MTAB-6814	testis	infant	96	59.0	tpm	58735
E-MTAB-6814	testis	infant	97	74.0	tpm	58735
E-MTAB-6814	testis	infant	98	101.0	tpm	58735
E-MTAB-6814	testis	infant	99	168.0	tpm	58735
E-MTAB-6814	testis	infant	100	34444.0	tpm	58735
E-MTAB-6814	testis	middle adult	0	0.0	tpm	58735
E-MTAB-6814	testis	middle adult	1	0.0	tpm	58735
E-MTAB-6814	testis	middle adult	2	0.0	tpm	58735
E-MTAB-6814	testis	middle adult	3	0.0	tpm	58735
E-MTAB-6814	testis	middle adult	4	0.0	tpm	58735
E-MTAB-6814	testis	middle adult	5	0.0	tpm	58735
E-MTAB-6814	testis	middle adult	6	0.0	tpm	58735
E-MTAB-6814	testis	middle adult	7	0.0	tpm	58735
E-MTAB-6814	testis	middle adult	8	0.0	tpm	58735
E-MTAB-6814	testis	middle adult	9	0.0	tpm	58735
E-MTAB-6814	testis	middle adult	10	0.0	tpm	58735
E-MTAB-6814	testis	middle adult	11	0.0	tpm	58735
E-MTAB-6814	testis	middle adult	12	0.0	tpm	58735
E-MTAB-6814	testis	middle adult	13	0.0	tpm	58735
E-MTAB-6814	testis	middle adult	14	0.0	tpm	58735
E-MTAB-6814	testis	middle adult	15	0.0	tpm	58735
E-MTAB-6814	testis	middle adult	16	0.0	tpm	58735
E-MTAB-6814	testis	middle adult	17	0.0	tpm	58735
E-MTAB-6814	testis	middle adult	18	0.0	tpm	58735
E-MTAB-6814	testis	middle adult	19	0.0	tpm	58735
E-MTAB-6814	testis	middle adult	20	0.0	tpm	58735
E-MTAB-6814	testis	middle adult	21	0.0	tpm	58735
E-MTAB-6814	testis	middle adult	22	0.0	tpm	58735
E-MTAB-6814	testis	middle adult	23	0.0	tpm	58735
E-MTAB-6814	testis	middle adult	24	0.0	tpm	58735
E-MTAB-6814	testis	middle adult	25	0.0	tpm	58735
E-MTAB-6814	testis	middle adult	26	0.0	tpm	58735
E-MTAB-6814	testis	middle adult	27	0.0	tpm	58735
E-MTAB-6814	testis	middle adult	28	0.0	tpm	58735
E-MTAB-6814	testis	middle adult	29	0.0	tpm	58735
E-MTAB-6814	testis	middle adult	30	0.0	tpm	58735
E-MTAB-6814	testis	middle adult	31	0.1	tpm	58735
E-MTAB-6814	testis	middle adult	32	0.1	tpm	58735
E-MTAB-6814	testis	middle adult	33	0.1	tpm	58735
E-MTAB-6814	testis	middle adult	34	0.1	tpm	58735
E-MTAB-6814	testis	middle adult	35	0.1	tpm	58735
E-MTAB-6814	testis	middle adult	36	0.2	tpm	58735
E-MTAB-6814	testis	middle adult	37	0.2	tpm	58735
E-MTAB-6814	testis	middle adult	38	0.2	tpm	58735
E-MTAB-6814	testis	middle adult	39	0.2	tpm	58735
E-MTAB-6814	testis	middle adult	40	0.3	tpm	58735
E-MTAB-6814	testis	middle adult	41	0.3	tpm	58735
E-MTAB-6814	testis	middle adult	42	0.3	tpm	58735
E-MTAB-6814	testis	middle adult	43	0.3	tpm	58735
E-MTAB-6814	testis	middle adult	44	0.4	tpm	58735
E-MTAB-6814	testis	middle adult	45	0.4	tpm	58735
E-MTAB-6814	testis	middle adult	46	0.4	tpm	58735
E-MTAB-6814	testis	middle adult	47	0.5	tpm	58735
E-MTAB-6814	testis	middle adult	48	0.5	tpm	58735
E-MTAB-6814	testis	middle adult	49	0.6	tpm	58735
E-MTAB-6814	testis	middle adult	50	0.6	tpm	58735
E-MTAB-6814	testis	middle adult	51	0.7	tpm	58735
E-MTAB-6814	testis	middle adult	52	0.7	tpm	58735
E-MTAB-6814	testis	middle adult	53	0.8	tpm	58735
E-MTAB-6814	testis	middle adult	54	0.9	tpm	58735
E-MTAB-6814	testis	middle adult	55	0.9	tpm	58735
E-MTAB-6814	testis	middle adult	56	1.0	tpm	58735
E-MTAB-6814	testis	middle adult	57	1.0	tpm	58735
E-MTAB-6814	testis	middle adult	58	1.0	tpm	58735
E-MTAB-6814	testis	middle adult	59	1.0	tpm	58735
E-MTAB-6814	testis	middle adult	60	1.0	tpm	58735
E-MTAB-6814	testis	middle adult	61	2.0	tpm	58735
E-MTAB-6814	testis	middle adult	62	2.0	tpm	58735
E-MTAB-6814	testis	middle adult	63	2.0	tpm	58735
E-MTAB-6814	testis	middle adult	64	2.0	tpm	58735
E-MTAB-6814	testis	middle adult	65	2.0	tpm	58735
E-MTAB-6814	testis	middle adult	66	2.0	tpm	58735
E-MTAB-6814	testis	middle adult	67	3.0	tpm	58735
E-MTAB-6814	testis	middle adult	68	3.0	tpm	58735
E-MTAB-6814	testis	middle adult	69	3.0	tpm	58735
E-MTAB-6814	testis	middle adult	70	3.0	tpm	58735
E-MTAB-6814	testis	middle adult	71	4.0	tpm	58735
E-MTAB-6814	testis	middle adult	72	4.0	tpm	58735
E-MTAB-6814	testis	middle adult	73	4.0	tpm	58735
E-MTAB-6814	testis	middle adult	74	5.0	tpm	58735
E-MTAB-6814	testis	middle adult	75	5.0	tpm	58735
E-MTAB-6814	testis	middle adult	76	6.0	tpm	58735
E-MTAB-6814	testis	middle adult	77	6.0	tpm	58735
E-MTAB-6814	testis	middle adult	78	7.0	tpm	58735
E-MTAB-6814	testis	middle adult	79	8.0	tpm	58735
E-MTAB-6814	testis	middle adult	80	9.0	tpm	58735
E-MTAB-6814	testis	middle adult	81	9.0	tpm	58735
E-MTAB-6814	testis	middle adult	82	10.0	tpm	58735
E-MTAB-6814	testis	middle adult	83	11.22	tpm	58735
E-MTAB-6814	testis	middle adult	84	13.0	tpm	58735
E-MTAB-6814	testis	middle adult	85	14.0	tpm	58735
E-MTAB-6814	testis	middle adult	86	16.0	tpm	58735
E-MTAB-6814	testis	middle adult	87	17.0	tpm	58735
E-MTAB-6814	testis	middle adult	88	20.0	tpm	58735
E-MTAB-6814	testis	middle adult	89	22.0	tpm	58735
E-MTAB-6814	testis	middle adult	90	25.0	tpm	58735
E-MTAB-6814	testis	middle adult	91	28.0	tpm	58735
E-MTAB-6814	testis	middle adult	92	32.0	tpm	58735
E-MTAB-6814	testis	middle adult	93	36.0	tpm	58735
E-MTAB-6814	testis	middle adult	94	43.0	tpm	58735
E-MTAB-6814	testis	middle adult	95	51.0	tpm	58735
E-MTAB-6814	testis	middle adult	96	62.0	tpm	58735
E-MTAB-6814	testis	middle adult	97	79.0	tpm	58735
E-MTAB-6814	testis	middle adult	98	108.0	tpm	58735
E-MTAB-6814	testis	middle adult	99	169.0	tpm	58735
E-MTAB-6814	testis	middle adult	100	47804.0	tpm	58735
E-MTAB-6814	testis	toddler	0	0.0	tpm	58735
E-MTAB-6814	testis	toddler	1	0.0	tpm	58735
E-MTAB-6814	testis	toddler	2	0.0	tpm	58735
E-MTAB-6814	testis	toddler	3	0.0	tpm	58735
E-MTAB-6814	testis	toddler	4	0.0	tpm	58735
E-MTAB-6814	testis	toddler	5	0.0	tpm	58735
E-MTAB-6814	testis	toddler	6	0.0	tpm	58735
E-MTAB-6814	testis	toddler	7	0.0	tpm	58735
E-MTAB-6814	testis	toddler	8	0.0	tpm	58735
E-MTAB-6814	testis	toddler	9	0.0	tpm	58735
E-MTAB-6814	testis	toddler	10	0.0	tpm	58735
E-MTAB-6814	testis	toddler	11	0.0	tpm	58735
E-MTAB-6814	testis	toddler	12	0.0	tpm	58735
E-MTAB-6814	testis	toddler	13	0.0	tpm	58735
E-MTAB-6814	testis	toddler	14	0.0	tpm	58735
E-MTAB-6814	testis	toddler	15	0.0	tpm	58735
E-MTAB-6814	testis	toddler	16	0.0	tpm	58735
E-MTAB-6814	testis	toddler	17	0.0	tpm	58735
E-MTAB-6814	testis	toddler	18	0.0	tpm	58735
E-MTAB-6814	testis	toddler	19	0.0	tpm	58735
E-MTAB-6814	testis	toddler	20	0.0	tpm	58735
E-MTAB-6814	testis	toddler	21	0.0	tpm	58735
E-MTAB-6814	testis	toddler	22	0.0	tpm	58735
E-MTAB-6814	testis	toddler	23	0.0	tpm	58735
E-MTAB-6814	testis	toddler	24	0.0	tpm	58735
E-MTAB-6814	testis	toddler	25	0.0	tpm	58735
E-MTAB-6814	testis	toddler	26	0.0	tpm	58735
E-MTAB-6814	testis	toddler	27	0.0	tpm	58735
E-MTAB-6814	testis	toddler	28	0.0	tpm	58735
E-MTAB-6814	testis	toddler	29	0.0	tpm	58735
E-MTAB-6814	testis	toddler	30	0.0	tpm	58735
E-MTAB-6814	testis	toddler	31	0.0	tpm	58735
E-MTAB-6814	testis	toddler	32	0.0	tpm	58735
E-MTAB-6814	testis	toddler	33	0.0	tpm	58735
E-MTAB-6814	testis	toddler	34	0.0	tpm	58735
E-MTAB-6814	testis	toddler	35	0.0	tpm	58735
E-MTAB-6814	testis	toddler	36	0.0	tpm	58735
E-MTAB-6814	testis	toddler	37	0.0	tpm	58735
E-MTAB-6814	testis	toddler	38	0.0	tpm	58735
E-MTAB-6814	testis	toddler	39	0.0	tpm	58735
E-MTAB-6814	testis	toddler	40	0.0	tpm	58735
E-MTAB-6814	testis	toddler	41	0.0	tpm	58735
E-MTAB-6814	testis	toddler	42	0.0	tpm	58735
E-MTAB-6814	testis	toddler	43	0.0	tpm	58735
E-MTAB-6814	testis	toddler	44	0.0	tpm	58735
E-MTAB-6814	testis	toddler	45	0.0	tpm	58735
E-MTAB-6814	testis	toddler	46	0.0	tpm	58735
E-MTAB-6814	testis	toddler	47	0.1	tpm	58735
E-MTAB-6814	testis	toddler	48	0.1	tpm	58735
E-MTAB-6814	testis	toddler	49	0.1	tpm	58735
E-MTAB-6814	testis	toddler	50	0.2	tpm	58735
E-MTAB-6814	testis	toddler	51	0.2	tpm	58735
E-MTAB-6814	testis	toddler	52	0.3	tpm	58735
E-MTAB-6814	testis	toddler	53	0.3	tpm	58735
E-MTAB-6814	testis	toddler	54	0.4	tpm	58735
E-MTAB-6814	testis	toddler	55	0.4	tpm	58735
E-MTAB-6814	testis	toddler	56	0.5	tpm	58735
E-MTAB-6814	testis	toddler	57	0.5	tpm	58735
E-MTAB-6814	testis	toddler	58	0.6	tpm	58735
E-MTAB-6814	testis	toddler	59	0.7	tpm	58735
E-MTAB-6814	testis	toddler	60	0.8	tpm	58735
E-MTAB-6814	testis	toddler	61	0.9	tpm	58735
E-MTAB-6814	testis	toddler	62	1.0	tpm	58735
E-MTAB-6814	testis	toddler	63	1.0	tpm	58735
E-MTAB-6814	testis	toddler	64	1.0	tpm	58735
E-MTAB-6814	testis	toddler	65	1.0	tpm	58735
E-MTAB-6814	testis	toddler	66	2.0	tpm	58735
E-MTAB-6814	testis	toddler	67	2.0	tpm	58735
E-MTAB-6814	testis	toddler	68	2.0	tpm	58735
E-MTAB-6814	testis	toddler	69	2.0	tpm	58735
E-MTAB-6814	testis	toddler	70	3.0	tpm	58735
E-MTAB-6814	testis	toddler	71	3.0	tpm	58735
E-MTAB-6814	testis	toddler	72	3.0	tpm	58735
E-MTAB-6814	testis	toddler	73	4.0	tpm	58735
E-MTAB-6814	testis	toddler	74	5.0	tpm	58735
E-MTAB-6814	testis	toddler	75	5.0	tpm	58735
E-MTAB-6814	testis	toddler	76	6.0	tpm	58735
E-MTAB-6814	testis	toddler	77	7.0	tpm	58735
E-MTAB-6814	testis	toddler	78	8.0	tpm	58735
E-MTAB-6814	testis	toddler	79	9.0	tpm	58735
E-MTAB-6814	testis	toddler	80	11.0	tpm	58735
E-MTAB-6814	testis	toddler	81	12.0	tpm	58735
E-MTAB-6814	testis	toddler	82	14.0	tpm	58735
E-MTAB-6814	testis	toddler	83	15.0	tpm	58735
E-MTAB-6814	testis	toddler	84	17.0	tpm	58735
E-MTAB-6814	testis	toddler	85	19.0	tpm	58735
E-MTAB-6814	testis	toddler	86	22.0	tpm	58735
E-MTAB-6814	testis	toddler	87	24.0	tpm	58735
E-MTAB-6814	testis	toddler	88	26.0	tpm	58735
E-MTAB-6814	testis	toddler	89	29.0	tpm	58735
E-MTAB-6814	testis	toddler	90	33.0	tpm	58735
E-MTAB-6814	testis	toddler	91	36.0	tpm	58735
E-MTAB-6814	testis	toddler	92	40.28	tpm	58735
E-MTAB-6814	testis	toddler	93	46.0	tpm	58735
E-MTAB-6814	testis	toddler	94	52.0	tpm	58735
E-MTAB-6814	testis	toddler	95	60.0	tpm	58735
E-MTAB-6814	testis	toddler	96	70.0	tpm	58735
E-MTAB-6814	testis	toddler	97	86.0	tpm	58735
E-MTAB-6814	testis	toddler	98	117.0	tpm	58735
E-MTAB-6814	testis	toddler	99	188.0	tpm	58735
E-MTAB-6814	testis	toddler	100	28113.0	tpm	58735
E-MTAB-6814	testis	young adult	0	0.0	tpm	58735
E-MTAB-6814	testis	young adult	1	0.0	tpm	58735
E-MTAB-6814	testis	young adult	2	0.0	tpm	58735
E-MTAB-6814	testis	young adult	3	0.0	tpm	58735
E-MTAB-6814	testis	young adult	4	0.0	tpm	58735
E-MTAB-6814	testis	young adult	5	0.0	tpm	58735
E-MTAB-6814	testis	young adult	6	0.0	tpm	58735
E-MTAB-6814	testis	young adult	7	0.0	tpm	58735
E-MTAB-6814	testis	young adult	8	0.0	tpm	58735
E-MTAB-6814	testis	young adult	9	0.0	tpm	58735
E-MTAB-6814	testis	young adult	10	0.0	tpm	58735
E-MTAB-6814	testis	young adult	11	0.0	tpm	58735
E-MTAB-6814	testis	young adult	12	0.0	tpm	58735
E-MTAB-6814	testis	young adult	13	0.0	tpm	58735
E-MTAB-6814	testis	young adult	14	0.0	tpm	58735
E-MTAB-6814	testis	young adult	15	0.0	tpm	58735
E-MTAB-6814	testis	young adult	16	0.0	tpm	58735
E-MTAB-6814	testis	young adult	17	0.0	tpm	58735
E-MTAB-6814	testis	young adult	18	0.0	tpm	58735
E-MTAB-6814	testis	young adult	19	0.0	tpm	58735
E-MTAB-6814	testis	young adult	20	0.0	tpm	58735
E-MTAB-6814	testis	young adult	21	0.0	tpm	58735
E-MTAB-6814	testis	young adult	22	0.0	tpm	58735
E-MTAB-6814	testis	young adult	23	0.0	tpm	58735
E-MTAB-6814	testis	young adult	24	0.0	tpm	58735
E-MTAB-6814	testis	young adult	25	0.0	tpm	58735
E-MTAB-6814	testis	young adult	26	0.0	tpm	58735
E-MTAB-6814	testis	young adult	27	0.0	tpm	58735
E-MTAB-6814	testis	young adult	28	0.0	tpm	58735
E-MTAB-6814	testis	young adult	29	0.0	tpm	58735
E-MTAB-6814	testis	young adult	30	0.0	tpm	58735
E-MTAB-6814	testis	young adult	31	0.1	tpm	58735
E-MTAB-6814	testis	young adult	32	0.1	tpm	58735
E-MTAB-6814	testis	young adult	33	0.1	tpm	58735
E-MTAB-6814	testis	young adult	34	0.1	tpm	58735
E-MTAB-6814	testis	young adult	35	0.1	tpm	58735
E-MTAB-6814	testis	young adult	36	0.2	tpm	58735
E-MTAB-6814	testis	young adult	37	0.2	tpm	58735
E-MTAB-6814	testis	young adult	38	0.2	tpm	58735
E-MTAB-6814	testis	young adult	39	0.2	tpm	58735
E-MTAB-6814	testis	young adult	40	0.3	tpm	58735
E-MTAB-6814	testis	young adult	41	0.3	tpm	58735
E-MTAB-6814	testis	young adult	42	0.3	tpm	58735
E-MTAB-6814	testis	young adult	43	0.3	tpm	58735
E-MTAB-6814	testis	young adult	44	0.4	tpm	58735
E-MTAB-6814	testis	young adult	45	0.4	tpm	58735
E-MTAB-6814	testis	young adult	46	0.5	tpm	58735
E-MTAB-6814	testis	young adult	47	0.5	tpm	58735
E-MTAB-6814	testis	young adult	48	0.6	tpm	58735
E-MTAB-6814	testis	young adult	49	0.6	tpm	58735
E-MTAB-6814	testis	young adult	50	0.7	tpm	58735
E-MTAB-6814	testis	young adult	51	0.7	tpm	58735
E-MTAB-6814	testis	young adult	52	0.8	tpm	58735
E-MTAB-6814	testis	young adult	53	0.9	tpm	58735
E-MTAB-6814	testis	young adult	54	0.9	tpm	58735
E-MTAB-6814	testis	young adult	55	1.0	tpm	58735
E-MTAB-6814	testis	young adult	56	1.0	tpm	58735
E-MTAB-6814	testis	young adult	57	1.0	tpm	58735
E-MTAB-6814	testis	young adult	58	1.0	tpm	58735
E-MTAB-6814	testis	young adult	59	1.0	tpm	58735
E-MTAB-6814	testis	young adult	60	2.0	tpm	58735
E-MTAB-6814	testis	young adult	61	2.0	tpm	58735
E-MTAB-6814	testis	young adult	62	2.0	tpm	58735
E-MTAB-6814	testis	young adult	63	2.0	tpm	58735
E-MTAB-6814	testis	young adult	64	2.0	tpm	58735
E-MTAB-6814	testis	young adult	65	2.0	tpm	58735
E-MTAB-6814	testis	young adult	66	3.0	tpm	58735
E-MTAB-6814	testis	young adult	67	3.0	tpm	58735
E-MTAB-6814	testis	young adult	68	3.0	tpm	58735
E-MTAB-6814	testis	young adult	69	3.0	tpm	58735
E-MTAB-6814	testis	young adult	70	4.0	tpm	58735
E-MTAB-6814	testis	young adult	71	4.0	tpm	58735
E-MTAB-6814	testis	young adult	72	5.0	tpm	58735
E-MTAB-6814	testis	young adult	73	5.0	tpm	58735
E-MTAB-6814	testis	young adult	74	5.0	tpm	58735
E-MTAB-6814	testis	young adult	75	6.0	tpm	58735
E-MTAB-6814	testis	young adult	76	7.0	tpm	58735
E-MTAB-6814	testis	young adult	77	7.0	tpm	58735
E-MTAB-6814	testis	young adult	78	8.0	tpm	58735
E-MTAB-6814	testis	young adult	79	9.0	tpm	58735
E-MTAB-6814	testis	young adult	80	9.0	tpm	58735
E-MTAB-6814	testis	young adult	81	10.0	tpm	58735
E-MTAB-6814	testis	young adult	82	11.0	tpm	58735
E-MTAB-6814	testis	young adult	83	12.0	tpm	58735
E-MTAB-6814	testis	young adult	84	14.0	tpm	58735
E-MTAB-6814	testis	young adult	85	15.0	tpm	58735
E-MTAB-6814	testis	young adult	86	17.0	tpm	58735
E-MTAB-6814	testis	young adult	87	18.0	tpm	58735
E-MTAB-6814	testis	young adult	88	20.0	tpm	58735
E-MTAB-6814	testis	young adult	89	22.0	tpm	58735
E-MTAB-6814	testis	young adult	90	25.0	tpm	58735
E-MTAB-6814	testis	young adult	91	28.0	tpm	58735
E-MTAB-6814	testis	young adult	92	32.0	tpm	58735
E-MTAB-6814	testis	young adult	93	37.0	tpm	58735
E-MTAB-6814	testis	young adult	94	43.0	tpm	58735
E-MTAB-6814	testis	young adult	95	51.0	tpm	58735
E-MTAB-6814	testis	young adult	96	62.0	tpm	58735
E-MTAB-6814	testis	young adult	97	78.0	tpm	58735
E-MTAB-6814	testis	young adult	98	112.0	tpm	58735
E-MTAB-6814	testis	young adult	99	183.0	tpm	58735
E-MTAB-6814	testis	young adult	100	52932.0	tpm	58735
